1245 clips in range 2026-08-18..2026-08-31; 1205 not yet repaired
   1 OK    music-edexcel/aos1-instrumental-music/L2: 69.73s -> 66.64s (card 3.1s, encode, vs card 26.8)
   2 OK    music-edexcel/aos1-instrumental-music/L2: 70.68s -> 67.64s (card 3.1s, copy, vs card 35.2)
   3 OK    separate-sciences-ocr/physics-paper-1/L1: 74.95s -> 71.87s (card 3.1s, encode, vs card 17.1)
   4 OK    separate-sciences-ocr/physics-paper-1/L1: 56.63s -> 53.34s (card 3.1s, copy, vs card 27.9)
   5 OK    separate-sciences-ocr/physics-paper-1/L1: 69.22s -> 66.01s (card 3.1s, copy, vs card 24.9)
   6 OK    separate-sciences-ocr/physics-paper-1/L1: 70.12s -> 67.08s (card 3.1s, copy, vs card 23.9)
   7 OK    physical-education-aqa/socio-cultural-influences-and-wellbeing/L17: 67.13s -> 64.02s (card 3.1s, copy, vs card 31.0)
   8 OK    physical-education-aqa/socio-cultural-influences-and-wellbeing/L17: 61.7s -> 58.68s (card 3.1s, copy, vs card 27.0)
   9 OK    physical-education-aqa/socio-cultural-influences-and-wellbeing/L17: 85.1s -> 82.01s (card 3.1s, copy, vs card 28.4)
  10 OK    physical-education-aqa/socio-cultural-influences-and-wellbeing/L17: 67.62s -> 64.53s (card 3.1s, encode, vs card 32.8)
  11 OK    drama-aqa/noughts-and-crosses/L1: 83.85s -> 80.77s (card 3.1s, encode, vs card 29.4)
  12 OK    drama-aqa/noughts-and-crosses/L1: 64.62s -> 61.58s (card 3.1s, copy, vs card 196.4)
  13 OK    drama-aqa/noughts-and-crosses/L1: 74.65s -> 71.35s (card 3.1s, copy, vs card 35.8)
  14 OK    drama-aqa/noughts-and-crosses/L1: 78.67s -> 75.6s (card 3.1s, copy, vs card 34.7)
  15 OK    film-studies-eduqas/us-independent/L7: 71.26s -> 68.01s (card 3.1s, copy, vs card 38.9)
  16 OK    physical-education-ocr/socio-cultural-issues-and-sports-psychology/L6: 75.26s -> 72.21s (card 3.1s, copy, vs card 41.5)
  17 OK    physical-education-ocr/socio-cultural-issues-and-sports-psychology/L6: 75.86s -> 72.82s (card 3.1s, copy, vs card 28.9)
  18 OK    physical-education-ocr/socio-cultural-issues-and-sports-psychology/L6: 62.42s -> 59.33s (card 3.1s, encode, vs card 31.2)
  19 OK    physical-education-ocr/socio-cultural-issues-and-sports-psychology/L6: 62.83s -> 59.77s (card 3.1s, copy, vs card 46.6)
  20 OK    science-aqa/biology-paper-2/L9: 72.89s -> 69.8s (card 3.1s, encode, vs card 15.5)
  21 OK    science-aqa/biology-paper-2/L9: 62.95s -> 59.91s (card 3.1s, copy, vs card 30.7)
  22 OK    science-aqa/biology-paper-2/L9: 77.55s -> 74.51s (card 3.1s, copy, vs card 32.4)
  23 OK    science-aqa/biology-paper-2/L9: 75.86s -> 72.82s (card 3.1s, copy, vs card 14.1)
  24 OK    separate-sciences-edexcel/biology-paper-2/L7: 78.79s -> 75.74s (card 3.1s, copy, vs card 16.8)
  25 OK    separate-sciences-edexcel/biology-paper-2/L7: 77.53s -> 74.49s (card 3.1s, copy, vs card 91.8)
  26 OK    separate-sciences-edexcel/biology-paper-2/L7: 69.43s -> 66.34s (card 3.1s, encode, vs card 11.8)
  27 OK    separate-sciences-edexcel/biology-paper-2/L7: 71.35s -> 68.27s (card 3.1s, encode, vs card 59.7)
  28 OK    english-literature-edexcel/romeo-and-juliet/L2: 56.35s -> 53.34s (card 3.1s, copy, vs card 43.7)
  29 OK    english-literature-edexcel/romeo-and-juliet/L2: 62.6s -> 59.54s (card 3.1s, copy, vs card 27.2)
  30 OK    english-literature-edexcel/romeo-and-juliet/L2: 86.19s -> 83.15s (card 3.1s, copy, vs card 28.2)
  31 OK    english-literature-edexcel/romeo-and-juliet/L2: 62.93s -> 59.88s (card 3.1s, copy, vs card 30.1)
  32 OK    science-ocr/biology-paper-2/L7: 81.59s -> 78.55s (card 3.1s, copy, vs card 13.9)
  33 OK    science-ocr/biology-paper-2/L7: 80.83s -> 77.79s (card 3.1s, copy, vs card 31.0)
  34 OK    science-edexcel/biology-paper-2/L7: 90.56s -> 87.35s (card 3.1s, copy, vs card 26.5)
  35 OK    science-edexcel/biology-paper-2/L7: 65.32s -> 62.28s (card 3.1s, copy, vs card 179.7)
  36 OK    science-edexcel/biology-paper-2/L7: 76.93s -> 73.84s (card 3.1s, encode, vs card 139.4)
  37 OK    health-social-care-eduqas/self-concept-measuring-health/L6: 85.15s -> 82.01s (card 3.1s, copy, vs card 47.9)
  38 OK    health-social-care-eduqas/self-concept-measuring-health/L6: 73.24s -> 70.17s (card 3.1s, copy, vs card 29.0)
  39 OK    health-social-care-eduqas/self-concept-measuring-health/L6: 75.56s -> 72.52s (card 3.1s, copy, vs card 26.7)
  40 OK    health-social-care-eduqas/self-concept-measuring-health/L6: 61.3s -> 58.24s (card 3.1s, copy, vs card 26.3)
  41 OK    history-ocr/international-relations-1918-1975/L11: 77.07s -> 74.0s (card 3.1s, encode, vs card 13.1)
  42 OK    history-ocr/international-relations-1918-1975/L11: 81.99s -> 78.67s (card 3.1s, copy, vs card 103.6)
  43 OK    history-ocr/international-relations-1918-1975/L11: 83.03s -> 80.02s (card 3.1s, copy, vs card 28.9)
  44 OK    engineering-aqa/manufacturing-processes/L5: 90.4s -> 87.35s (card 3.1s, copy, vs card 67.8)
  45 OK    engineering-aqa/manufacturing-processes/L5: 80.83s -> 77.79s (card 3.1s, copy, vs card 22.0)
  46 OK    engineering-aqa/manufacturing-processes/L5: 70.05s -> 67.01s (card 3.1s, copy, vs card 20.1)
  47 OK    engineering-aqa/manufacturing-processes/L5: 67.59s -> 64.51s (card 3.1s, encode, vs card 17.3)
  48 OK    business-aqa/influences-on-business/L2: 64.55s -> 61.51s (card 3.1s, copy, vs card 43.6)
  49 OK    business-aqa/influences-on-business/L2: 67.52s -> 64.44s (card 3.1s, encode, vs card 32.1)
  50 OK    business-aqa/influences-on-business/L2: 75.53s -> 72.47s (card 3.1s, copy, vs card 35.3)
  51 OK    business-aqa/influences-on-business/L2: 74.7s -> 71.61s (card 3.1s, encode, vs card 28.3)
  52 OK    computer-science-edexcel/data/L2: 74.0s -> 70.94s (card 3.1s, copy, vs card 11.7)
  53 OK    astronomy-edexcel/naked-eye-astronomy/L6: 87.49s -> 84.4s (card 3.1s, encode, vs card 30.0)
  54 OK    astronomy-edexcel/naked-eye-astronomy/L6: 84.5s -> 81.46s (card 3.1s, copy, vs card 24.0)
  55 OK    astronomy-edexcel/naked-eye-astronomy/L6: 67.59s -> 64.51s (card 3.1s, encode, vs card 31.9)
  56 OK    astronomy-edexcel/naked-eye-astronomy/L6: 81.29s -> 78.25s (card 3.1s, copy, vs card 26.5)
  57 OK    music-eduqas/aos1-forms-and-devices/L4: 68.15s -> 65.11s (card 3.1s, copy, vs card 32.8)
  58 OK    music-eduqas/aos1-forms-and-devices/L4: 53.29s -> 50.02s (card 3.1s, copy, vs card 29.3)
  59 OK    music-eduqas/aos1-forms-and-devices/L4: 75.33s -> 72.28s (card 3.1s, copy, vs card 28.4)
  60 OK    music-eduqas/aos1-forms-and-devices/L4: 70.22s -> 67.18s (card 3.1s, copy, vs card 26.9)
  61 OK    design-technology-edexcel/designing-making-principles/L2: 63.18s -> 60.14s (card 3.1s, copy, vs card 20.1)
  62 OK    design-technology-edexcel/designing-making-principles/L2: 70.89s -> 67.85s (card 3.1s, copy, vs card 29.9)
  63 OK    design-technology-edexcel/designing-making-principles/L2: 72.98s -> 69.9s (card 3.1s, encode, vs card 43.2)
  64 OK    design-technology-edexcel/designing-making-principles/L2: 61.32s -> 58.28s (card 3.1s, copy, vs card 14.8)
  65 OK    music-ocr/aos2-the-concerto-through-time/L3: 75.0s -> 71.91s (card 3.1s, encode, vs card 25.8)
  66 OK    music-ocr/aos2-the-concerto-through-time/L3: 83.89s -> 80.85s (card 3.1s, copy, vs card 34.4)
  67 OK    music-ocr/aos2-the-concerto-through-time/L3: 88.58s -> 85.33s (card 3.1s, copy, vs card 25.8)
  68 OK    music-ocr/aos2-the-concerto-through-time/L3: 65.22s -> 62.18s (card 3.1s, copy, vs card 25.6)
  69 OK    music-aqa/aos4-since-1910/L3: 68.22s -> 65.18s (card 3.1s, copy, vs card 26.1)
  70 OK    music-aqa/aos4-since-1910/L3: 70.8s -> 67.76s (card 3.1s, copy, vs card 26.5)
  71 OK    music-aqa/aos4-since-1910/L3: 71.22s -> 68.01s (card 3.1s, copy, vs card 52.4)
  72 OK    music-aqa/aos4-since-1910/L3: 63.32s -> 60.28s (card 3.1s, copy, vs card 27.2)
  73 OK    history-edexcel/crime-punishment-whitechapel/L5: 82.92s -> 79.88s (card 3.1s, copy, vs card 28.2)
  74 OK    religious-studies-ocr/theme-dialogue-religious-and-non-religious/L2: 62.09s -> 59.0s (card 3.1s, encode, vs card 11.8)
  75 OK    religious-studies-ocr/theme-dialogue-religious-and-non-religious/L2: 82.27s -> 79.2s (card 3.1s, encode, vs card 15.0)
  76 OK    religious-studies-ocr/theme-dialogue-religious-and-non-religious/L2: 76.88s -> 73.8s (card 3.1s, encode, vs card 26.4)
  77 OK    religious-studies-ocr/theme-dialogue-religious-and-non-religious/L2: 78.14s -> 75.07s (card 3.1s, encode, vs card 22.4)
  78 OK    psychology-ocr/research-methods/L1: 62.6s -> 59.54s (card 3.1s, copy, vs card 28.1)
  79 OK    psychology-ocr/research-methods/L1: 74.35s -> 71.31s (card 3.1s, copy, vs card 29.3)
  80 OK    psychology-ocr/research-methods/L1: 72.79s -> 69.71s (card 3.1s, encode, vs card 61.8)
  81 OK    psychology-ocr/research-methods/L1: 67.22s -> 64.02s (card 3.1s, copy, vs card 31.7)
  82 OK    separate-sciences/physics-paper-1/L7: 72.26s -> 69.17s (card 3.1s, encode, vs card 31.2)
  83 OK    separate-sciences/physics-paper-1/L7: 79.6s -> 76.51s (card 3.1s, encode, vs card 34.9)
  84 OK    separate-sciences/physics-paper-1/L7: 65.06s -> 61.97s (card 3.1s, encode, vs card 26.2)
  85 OK    separate-sciences/physics-paper-1/L7: 90.86s -> 87.77s (card 3.1s, encode, vs card 26.6)
  86 OK    psychology-edexcel/sleep-and-dreaming/L1: 71.12s -> 68.01s (card 3.1s, copy, vs card 26.0)
  87 OK    psychology-edexcel/sleep-and-dreaming/L1: 70.45s -> 67.41s (card 3.1s, copy, vs card 19.5)
  88 OK    psychology-edexcel/sleep-and-dreaming/L1: 59.63s -> 56.59s (card 3.1s, copy, vs card 35.2)
  89 OK    psychology-edexcel/sleep-and-dreaming/L1: 62.69s -> 59.65s (card 3.1s, copy, vs card 15.3)
  90 OK    music-edexcel/aos1-instrumental-music/L3: 58.51s -> 55.36s (card 3.1s, copy, vs card 26.6)
  91 OK    music-edexcel/aos1-instrumental-music/L3: 80.09s -> 77.0s (card 3.1s, encode, vs card 28.6)
  92 OK    music-edexcel/aos1-instrumental-music/L3: 82.27s -> 79.2s (card 3.1s, encode, vs card 32.5)
  93 OK    music-edexcel/aos1-instrumental-music/L3: 78.62s -> 75.58s (card 3.1s, copy, vs card 35.6)
  94 OK    separate-sciences-ocr/physics-paper-1/L2: 72.93s -> 69.87s (card 3.1s, encode, vs card 51.7)
  95 OK    separate-sciences-ocr/physics-paper-1/L2: 82.76s -> 79.71s (card 3.1s, copy, vs card 27.2)
  96 OK    separate-sciences-ocr/physics-paper-1/L2: 58.79s -> 55.7s (card 3.1s, encode, vs card 30.7)
  97 OK    separate-sciences-ocr/physics-paper-1/L2: 62.09s -> 59.0s (card 3.1s, encode, vs card 28.1)
  98 OK    drama-aqa/noughts-and-crosses/L2: 64.76s -> 61.72s (card 3.1s, copy, vs card 27.2)
  99 OK    drama-aqa/noughts-and-crosses/L2: 80.76s -> 77.72s (card 3.1s, copy, vs card 19.7)
 100 OK    drama-aqa/noughts-and-crosses/L2: 77.25s -> 74.21s (card 3.1s, copy, vs card 27.2)
 101 OK    drama-aqa/noughts-and-crosses/L2: 76.77s -> 73.68s (card 3.1s, encode, vs card 41.7)
 102 OK    film-studies-eduqas/global-and-uk-film/L1: 76.95s -> 73.87s (card 3.1s, encode, vs card 35.2)
 103 OK    film-studies-eduqas/global-and-uk-film/L1: 81.06s -> 78.02s (card 3.1s, copy, vs card 43.1)
 104 OK    film-studies-eduqas/global-and-uk-film/L1: 77.3s -> 74.23s (card 3.1s, copy, vs card 27.8)
 105 OK    physical-education-ocr/socio-cultural-issues-and-sports-psychology/L7: 69.45s -> 66.37s (card 3.1s, encode, vs card 27.3)
 106 OK    physical-education-ocr/socio-cultural-issues-and-sports-psychology/L7: 65.25s -> 62.21s (card 3.1s, copy, vs card 38.4)
 107 OK    physical-education-ocr/socio-cultural-issues-and-sports-psychology/L7: 68.36s -> 65.32s (card 3.1s, copy, vs card 27.1)
 108 OK    physical-education-ocr/socio-cultural-issues-and-sports-psychology/L7: 70.22s -> 67.18s (card 3.1s, copy, vs card 26.0)
 109 OK    science-aqa/biology-paper-2/L10: 74.72s -> 71.63s (card 3.1s, encode, vs card 25.3)
 110 OK    science-aqa/biology-paper-2/L10: 76.49s -> 73.35s (card 3.1s, copy, vs card 16.6)
 111 OK    science-aqa/biology-paper-2/L10: 59.28s -> 56.24s (card 3.1s, copy, vs card 31.0)
 112 OK    science-aqa/biology-paper-2/L10: 74.88s -> 71.8s (card 3.1s, encode, vs card 29.5)
 113 OK    separate-sciences-edexcel/biology-paper-2/L8: 69.8s -> 66.71s (card 3.1s, encode, vs card 68.5)
 114 OK    separate-sciences-edexcel/biology-paper-2/L8: 74.4s -> 71.35s (card 3.1s, copy, vs card 42.6)
 115 OK    separate-sciences-edexcel/biology-paper-2/L8: 81.53s -> 78.48s (card 3.1s, copy, vs card 27.0)
 116 OK    separate-sciences-edexcel/biology-paper-2/L8: 64.32s -> 61.23s (card 3.1s, encode, vs card 27.5)
 117 OK    english-literature-edexcel/romeo-and-juliet/L3: 66.32s -> 63.27s (card 3.1s, copy, vs card 221.3)
 118 OK    english-literature-edexcel/romeo-and-juliet/L3: 87.63s -> 84.54s (card 3.1s, encode, vs card 25.4)
 119 OK    english-literature-edexcel/romeo-and-juliet/L3: 73.65s -> 70.61s (card 3.1s, copy, vs card 29.9)
 120 OK    english-literature-edexcel/romeo-and-juliet/L3: 72.1s -> 69.06s (card 3.1s, copy, vs card 27.3)
 121 OK    history-ocr/international-relations-1918-1975/L12: 89.58s -> 86.54s (card 3.1s, copy, vs card 20.9)
 122 OK    history-ocr/international-relations-1918-1975/L12: 87.12s -> 84.01s (card 3.1s, copy, vs card 11.2)
 123 OK    history-ocr/international-relations-1918-1975/L12: 75.42s -> 72.38s (card 3.1s, copy, vs card 14.3)
 124 OK    engineering-aqa/manufacturing-processes/L6: 65.92s -> 62.67s (card 3.1s, copy, vs card 17.8)
 125 OK    engineering-aqa/manufacturing-processes/L6: 73.75s -> 70.7s (card 3.1s, copy, vs card 115.7)
 126 OK    engineering-aqa/manufacturing-processes/L6: 82.22s -> 79.13s (card 3.1s, encode, vs card 39.0)
 127 OK    engineering-aqa/manufacturing-processes/L6: 72.89s -> 69.8s (card 3.1s, encode, vs card 16.9)
 128 OK    business-aqa/influences-on-business/L3: 73.86s -> 70.82s (card 3.1s, copy, vs card 61.0)
 129 OK    business-aqa/influences-on-business/L3: 58.33s -> 55.29s (card 3.1s, copy, vs card 28.4)
 130 OK    business-aqa/influences-on-business/L3: 56.1s -> 53.03s (card 3.1s, copy, vs card 36.1)
 131 OK    business-aqa/influences-on-business/L3: 73.4s -> 70.36s (card 3.1s, copy, vs card 20.3)
 132 OK    computer-science-edexcel/data/L3: 70.15s -> 67.11s (card 3.1s, copy, vs card 25.6)
 133 OK    computer-science-edexcel/data/L3: 79.32s -> 76.28s (card 3.1s, copy, vs card 32.4)
 134 OK    computer-science-edexcel/data/L3: 70.82s -> 67.78s (card 3.1s, copy, vs card 28.9)
 135 OK    computer-science-edexcel/data/L3: 64.69s -> 61.65s (card 3.1s, copy, vs card 33.4)
 136 OK    astronomy-edexcel/naked-eye-astronomy/L7: 66.55s -> 63.51s (card 3.1s, copy, vs card 31.7)
 137 OK    astronomy-edexcel/naked-eye-astronomy/L7: 60.42s -> 57.35s (card 3.1s, copy, vs card 29.5)
 138 OK    astronomy-edexcel/naked-eye-astronomy/L7: 80.97s -> 77.9s (card 3.1s, copy, vs card 11.1)
 139 OK    astronomy-edexcel/naked-eye-astronomy/L7: 70.96s -> 67.87s (card 3.1s, encode, vs card 26.3)
 140 OK    science-ocr-b/chemistry-paper-1/L2: 75.58s -> 72.54s (card 3.1s, copy, vs card 26.1)
 141 OK    science-ocr-b/chemistry-paper-1/L2: 77.62s -> 74.58s (card 3.1s, copy, vs card 14.4)
 142 OK    science-ocr-b/chemistry-paper-1/L2: 66.69s -> 63.65s (card 3.1s, copy, vs card 27.7)
 143 OK    science-ocr-b/chemistry-paper-1/L2: 63.23s -> 60.19s (card 3.1s, copy, vs card 28.2)
 144 OK    english-literature-aqa/macbeth/L3: 64.09s -> 61.0s (card 3.1s, encode, vs card 29.2)
 145 OK    english-literature-aqa/macbeth/L3: 63.39s -> 60.35s (card 3.1s, copy, vs card 29.8)
 146 OK    statistics-aqa/planning-designing-enquiry/L3: 65.78s -> 62.67s (card 3.1s, copy, vs card 21.3)
 147 OK    statistics-aqa/planning-designing-enquiry/L3: 62.18s -> 59.1s (card 3.1s, encode, vs card 12.6)
 148 OK    statistics-aqa/planning-designing-enquiry/L3: 69.33s -> 66.01s (card 3.1s, copy, vs card 36.6)
 149 OK    statistics-aqa/planning-designing-enquiry/L3: 70.87s -> 67.8s (card 3.1s, copy, vs card 31.3)
 150 OK    music-eduqas/aos2-music-for-ensemble/L1: 66.69s -> 63.65s (card 3.1s, copy, vs card 26.7)
 151 OK    music-eduqas/aos2-music-for-ensemble/L1: 70.29s -> 67.24s (card 3.1s, copy, vs card 26.6)
 152 OK    music-eduqas/aos2-music-for-ensemble/L1: 73.17s -> 70.08s (card 3.1s, encode, vs card 45.0)
 153 OK    music-eduqas/aos2-music-for-ensemble/L1: 64.85s -> 61.81s (card 3.1s, copy, vs card 24.8)
 154 OK    design-technology-edexcel/designing-making-principles/L3: 79.99s -> 76.67s (card 3.1s, copy, vs card 16.3)
 155 OK    design-technology-edexcel/designing-making-principles/L3: 64.71s -> 61.67s (card 3.1s, copy, vs card 42.0)
 156 OK    design-technology-edexcel/designing-making-principles/L3: 76.46s -> 73.35s (card 3.1s, copy, vs card 27.8)
 157 OK    design-technology-edexcel/designing-making-principles/L3: 76.35s -> 73.31s (card 3.1s, copy, vs card 28.7)
 158 OK    religious-studies-eduqas/theme-human-rights/L2: 73.03s -> 69.94s (card 3.1s, encode, vs card 17.1)
 159 OK    music-ocr/aos2-the-concerto-through-time/L4: 85.29s -> 82.01s (card 3.1s, copy, vs card 29.0)
 160 OK    music-ocr/aos2-the-concerto-through-time/L4: 70.73s -> 67.69s (card 3.1s, copy, vs card 28.2)
 161 OK    music-ocr/aos2-the-concerto-through-time/L4: 67.31s -> 64.02s (card 3.1s, copy, vs card 27.6)
 162 OK    music-ocr/aos2-the-concerto-through-time/L4: 68.34s -> 65.27s (card 3.1s, copy, vs card 32.1)
 163 OK    history-edexcel/crime-punishment-whitechapel/L6: 70.82s -> 67.78s (card 3.1s, copy, vs card 33.3)
 164 OK    history-edexcel/crime-punishment-whitechapel/L6: 81.06s -> 78.02s (card 3.1s, copy, vs card 36.9)
 165 OK    history-edexcel/crime-punishment-whitechapel/L6: 69.33s -> 66.01s (card 3.1s, copy, vs card 28.6)
 166 OK    history-edexcel/crime-punishment-whitechapel/L6: 84.8s -> 81.73s (card 3.1s, copy, vs card 33.8)
 167 OK    religious-studies-ocr/theme-dialogue-religious-and-non-religious/L3: 78.3s -> 75.21s (card 3.1s, encode, vs card 59.1)
 168 OK    religious-studies-ocr/theme-dialogue-religious-and-non-religious/L3: 80.9s -> 77.86s (card 3.1s, copy, vs card 14.8)
 169 OK    religious-studies-ocr/theme-dialogue-religious-and-non-religious/L3: 62.46s -> 59.37s (card 3.1s, encode, vs card 26.9)
 170 OK    religious-studies-ocr/theme-dialogue-religious-and-non-religious/L3: 72.26s -> 69.22s (card 3.1s, copy, vs card 54.7)
 171 OK    psychology-ocr/research-methods/L2: 65.48s -> 62.44s (card 3.1s, copy, vs card 28.1)
 172 OK    psychology-ocr/research-methods/L2: 90.23s -> 87.17s (card 3.1s, copy, vs card 29.3)
 173 OK    psychology-ocr/research-methods/L2: 76.25s -> 73.21s (card 3.1s, copy, vs card 16.8)
 174 OK    psychology-ocr/research-methods/L2: 60.42s -> 57.35s (card 3.1s, copy, vs card 27.4)
 175 OK    separate-sciences/physics-paper-1/L8: 67.85s -> 64.77s (card 3.1s, encode, vs card 14.3)
 176 OK    separate-sciences/physics-paper-1/L8: 73.7s -> 70.61s (card 3.1s, encode, vs card 28.3)
 177 OK    separate-sciences/physics-paper-1/L8: 74.23s -> 71.17s (card 3.1s, copy, vs card 37.0)
 178 OK    separate-sciences/physics-paper-1/L8: 73.93s -> 70.84s (card 3.1s, encode, vs card 25.5)
 179 OK    psychology-edexcel/sleep-and-dreaming/L2: 86.66s -> 83.62s (card 3.1s, copy, vs card 53.8)
 180 OK    psychology-edexcel/sleep-and-dreaming/L2: 77.93s -> 74.68s (card 3.1s, copy, vs card 25.2)
 181 OK    psychology-edexcel/sleep-and-dreaming/L2: 65.36s -> 62.32s (card 3.1s, copy, vs card 21.5)
 182 OK    psychology-edexcel/sleep-and-dreaming/L2: 75.81s -> 72.77s (card 3.1s, copy, vs card 15.0)
 183 OK    music-edexcel/aos1-instrumental-music/L4: 77.11s -> 74.03s (card 3.1s, encode, vs card 28.2)
 184 OK    music-edexcel/aos1-instrumental-music/L4: 81.32s -> 78.23s (card 3.1s, encode, vs card 30.0)
 185 OK    music-edexcel/aos1-instrumental-music/L4: 78.55s -> 75.51s (card 3.1s, copy, vs card 215.7)
 186 OK    music-edexcel/aos1-instrumental-music/L4: 58.28s -> 55.24s (card 3.1s, copy, vs card 26.2)
 187 OK    separate-sciences-ocr/physics-paper-1/L3: 72.7s -> 69.63s (card 3.1s, encode, vs card 27.6)
 188 OK    separate-sciences-ocr/physics-paper-1/L3: 72.72s -> 69.64s (card 3.1s, encode, vs card 25.6)
 189 OK    separate-sciences-ocr/physics-paper-1/L3: 74.7s -> 71.61s (card 3.1s, encode, vs card 29.1)
 190 OK    separate-sciences-ocr/physics-paper-1/L3: 72.72s -> 69.64s (card 3.1s, encode, vs card 26.1)
 191 OK    drama-aqa/noughts-and-crosses/L3: 89.35s -> 86.31s (card 3.1s, copy, vs card 25.4)
 192 OK    drama-aqa/noughts-and-crosses/L3: 80.29s -> 77.21s (card 3.1s, encode, vs card 16.5)
 193 OK    drama-aqa/noughts-and-crosses/L3: 64.3s -> 61.21s (card 3.1s, encode, vs card 38.1)
 194 OK    drama-aqa/noughts-and-crosses/L3: 73.79s -> 70.75s (card 3.1s, copy, vs card 80.8)
 195 OK    film-studies-eduqas/global-and-uk-film/L1: 75.42s -> 72.38s (card 3.1s, copy, vs card 31.7)
 196 OK    physical-education-ocr/socio-cultural-issues-and-sports-psychology/L8: 63.67s -> 60.6s (card 3.1s, copy, vs card 83.9)
 197 OK    physical-education-ocr/socio-cultural-issues-and-sports-psychology/L8: 64.99s -> 61.95s (card 3.1s, copy, vs card 171.0)
 198 OK    physical-education-ocr/socio-cultural-issues-and-sports-psychology/L8: 76.63s -> 73.35s (card 3.1s, copy, vs card 43.7)
 199 OK    physical-education-ocr/socio-cultural-issues-and-sports-psychology/L8: 66.62s -> 63.58s (card 3.1s, copy, vs card 42.9)
 200 OK    science-aqa/biology-paper-2/L11: 80.2s -> 77.13s (card 3.1s, encode, vs card 12.4)
 201 OK    science-aqa/biology-paper-2/L11: 75.65s -> 72.61s (card 3.1s, copy, vs card 28.6)
 202 OK    science-aqa/biology-paper-2/L11: 76.07s -> 73.0s (card 3.1s, copy, vs card 28.4)
 203 OK    science-aqa/biology-paper-2/L11: 72.59s -> 69.33s (card 3.1s, copy, vs card 17.8)
 204 OK    separate-sciences-edexcel/chemistry-paper-1/L1: 65.9s -> 62.67s (card 3.1s, copy, vs card 30.8)
 205 OK    separate-sciences-edexcel/chemistry-paper-1/L1: 64.37s -> 61.28s (card 3.1s, encode, vs card 15.2)
 206 OK    separate-sciences-edexcel/chemistry-paper-1/L1: 74.09s -> 71.05s (card 3.1s, copy, vs card 16.4)
 207 OK    english-literature-edexcel/romeo-and-juliet/L4: 78.39s -> 75.3s (card 3.1s, encode, vs card 206.3)
 208 OK    english-literature-edexcel/romeo-and-juliet/L4: 74.7s -> 71.61s (card 3.1s, encode, vs card 26.6)
 209 OK    english-literature-edexcel/romeo-and-juliet/L4: 78.37s -> 75.3s (card 3.1s, encode, vs card 32.8)
 210 OK    english-literature-edexcel/romeo-and-juliet/L4: 76.72s -> 73.63s (card 3.1s, encode, vs card 107.3)
 211 OK    science-ocr/biology-paper-2/L8: 83.8s -> 80.73s (card 3.1s, encode, vs card 40.8)
 212 OK    science-ocr/biology-paper-2/L8: 75.23s -> 72.17s (card 3.1s, copy, vs card 26.7)
 213 OK    science-ocr/biology-paper-2/L8: 70.96s -> 67.92s (card 3.1s, copy, vs card 15.5)
 214 OK    science-ocr/biology-paper-2/L8: 79.78s -> 76.67s (card 3.1s, copy, vs card 31.0)
 215 OK    music-eduqas/aos2-music-for-ensemble/L2: 76.93s -> 73.84s (card 3.1s, encode, vs card 28.8)
 216 OK    music-eduqas/aos2-music-for-ensemble/L2: 62.9s -> 59.84s (card 3.1s, copy, vs card 30.0)
 217 OK    music-eduqas/aos2-music-for-ensemble/L2: 83.36s -> 80.27s (card 3.1s, encode, vs card 27.1)
 218 OK    music-eduqas/aos2-music-for-ensemble/L2: 75.35s -> 72.31s (card 3.1s, copy, vs card 29.3)
 219 OK    design-technology-edexcel/designing-making-principles/L4: 67.36s -> 64.27s (card 3.1s, encode, vs card 33.9)
 220 OK    design-technology-edexcel/designing-making-principles/L4: 65.69s -> 62.65s (card 3.1s, copy, vs card 25.9)
 221 OK    design-technology-edexcel/designing-making-principles/L4: 80.16s -> 77.07s (card 3.1s, encode, vs card 31.6)
 222 OK    design-technology-edexcel/designing-making-principles/L4: 68.57s -> 65.5s (card 3.1s, copy, vs card 48.1)
 223 OK    religious-studies-eduqas/theme-human-rights/L3: 82.99s -> 79.95s (card 3.1s, copy, vs card 32.7)
 224 OK    religious-studies-eduqas/theme-human-rights/L3: 79.06s -> 76.02s (card 3.1s, copy, vs card 26.1)
 225 OK    religious-studies-eduqas/theme-human-rights/L3: 68.03s -> 64.97s (card 3.1s, copy, vs card 33.3)
 226 OK    religious-studies-eduqas/theme-human-rights/L3: 59.93s -> 56.84s (card 3.1s, encode, vs card 70.5)
 227 OK    music-ocr/aos3-rhythms-of-the-world/L1: 76.35s -> 73.31s (card 3.1s, copy, vs card 30.3)
 228 OK    music-ocr/aos3-rhythms-of-the-world/L1: 84.38s -> 81.34s (card 3.1s, copy, vs card 29.8)
 229 OK    music-ocr/aos3-rhythms-of-the-world/L1: 70.98s -> 67.94s (card 3.1s, copy, vs card 28.7)
 230 OK    music-ocr/aos3-rhythms-of-the-world/L1: 65.25s -> 62.21s (card 3.1s, copy, vs card 26.4)
 231 OK    history-edexcel/crime-punishment-whitechapel/L7: 87.33s -> 84.01s (card 3.1s, copy, vs card 63.4)
 232 OK    history-edexcel/crime-punishment-whitechapel/L7: 72.86s -> 69.78s (card 3.1s, encode, vs card 28.6)
 233 OK    history-edexcel/crime-punishment-whitechapel/L7: 67.73s -> 64.64s (card 3.1s, encode, vs card 29.9)
 234 OK    history-edexcel/crime-punishment-whitechapel/L7: 70.8s -> 67.76s (card 3.1s, copy, vs card 30.8)
 235 OK    psychology-ocr/research-methods/L3: 66.15s -> 63.07s (card 3.1s, encode, vs card 30.2)
 236 OK    psychology-ocr/research-methods/L3: 74.47s -> 71.35s (card 3.1s, copy, vs card 26.5)
 237 OK    psychology-ocr/research-methods/L3: 86.98s -> 83.94s (card 3.1s, copy, vs card 28.5)
 238 OK    psychology-ocr/research-methods/L3: 82.8s -> 79.74s (card 3.1s, copy, vs card 25.1)
 239 OK    separate-sciences/physics-paper-2/L1: 67.06s -> 64.02s (card 3.1s, copy, vs card 28.3)
 240 OK    separate-sciences/physics-paper-2/L1: 70.64s -> 67.57s (card 3.1s, copy, vs card 25.7)
 241 OK    separate-sciences/physics-paper-2/L1: 74.42s -> 71.35s (card 3.1s, copy, vs card 44.4)
 242 OK    psychology-edexcel/sleep-and-dreaming/L3: 71.12s -> 68.01s (card 3.1s, copy, vs card 46.8)
 243 OK    psychology-edexcel/sleep-and-dreaming/L3: 64.9s -> 61.83s (card 3.1s, copy, vs card 31.0)
 244 OK    psychology-edexcel/sleep-and-dreaming/L3: 74.09s -> 71.05s (card 3.1s, copy, vs card 29.4)
 245 OK    psychology-edexcel/sleep-and-dreaming/L3: 67.08s -> 64.02s (card 3.1s, copy, vs card 16.9)
 246 OK    music-edexcel/aos1-instrumental-music/L5: 72.21s -> 69.17s (card 3.1s, copy, vs card 33.4)
 247 OK    music-edexcel/aos1-instrumental-music/L5: 78.46s -> 75.37s (card 3.1s, encode, vs card 34.4)
 248 OK    music-edexcel/aos1-instrumental-music/L5: 68.68s -> 65.64s (card 3.1s, copy, vs card 188.7)
 249 OK    music-edexcel/aos1-instrumental-music/L5: 70.98s -> 67.94s (card 3.1s, copy, vs card 28.5)
 250 OK    separate-sciences-ocr/physics-paper-1/L4: 74.47s -> 71.35s (card 3.1s, copy, vs card 59.9)
 251 OK    separate-sciences-ocr/physics-paper-1/L4: 61.18s -> 58.1s (card 3.1s, encode, vs card 28.5)
 252 OK    separate-sciences-ocr/physics-paper-1/L4: 65.83s -> 62.67s (card 3.1s, copy, vs card 76.5)
 253 OK    separate-sciences-ocr/physics-paper-1/L4: 84.61s -> 81.57s (card 3.1s, copy, vs card 11.8)
 254 OK    drama-aqa/noughts-and-crosses/L4: 91.09s -> 88.0s (card 3.1s, encode, vs card 22.8)
 255 OK    drama-aqa/noughts-and-crosses/L4: 79.44s -> 76.37s (card 3.1s, copy, vs card 35.8)
 256 OK    drama-aqa/noughts-and-crosses/L4: 77.69s -> 74.68s (card 3.1s, copy, vs card 118.1)
 257 OK    drama-aqa/noughts-and-crosses/L4: 66.83s -> 63.79s (card 3.1s, copy, vs card 11.5)
 258 OK    film-studies-eduqas/global-and-uk-film/L2: 77.02s -> 73.93s (card 3.1s, encode, vs card 9.6)
 259 OK    film-studies-eduqas/global-and-uk-film/L2: 84.06s -> 81.01s (card 3.1s, copy, vs card 25.9)
 260 OK    film-studies-eduqas/global-and-uk-film/L2: 75.02s -> 71.94s (card 3.1s, encode, vs card 31.9)
 261 OK    film-studies-eduqas/global-and-uk-film/L2: 61.83s -> 58.68s (card 3.1s, copy, vs card 209.0)
 262 OK    physical-education-ocr/socio-cultural-issues-and-sports-psychology/L9: 63.23s -> 60.19s (card 3.1s, copy, vs card 45.2)
 263 OK    physical-education-ocr/socio-cultural-issues-and-sports-psychology/L9: 64.25s -> 61.17s (card 3.1s, encode, vs card 42.4)
 264 OK    physical-education-ocr/socio-cultural-issues-and-sports-psychology/L9: 70.12s -> 67.08s (card 3.1s, copy, vs card 42.9)
 265 OK    physical-education-ocr/socio-cultural-issues-and-sports-psychology/L9: 62.95s -> 59.91s (card 3.1s, copy, vs card 30.6)
 266 OK    science-aqa/biology-paper-2/L12: 78.83s -> 75.77s (card 3.1s, copy, vs card 29.2)
 267 OK    science-aqa/biology-paper-2/L12: 74.03s -> 70.98s (card 3.1s, copy, vs card 45.4)
 268 OK    science-aqa/biology-paper-2/L12: 63.76s -> 60.67s (card 3.1s, copy, vs card 38.7)
 269 OK    separate-sciences-edexcel/chemistry-paper-1/L2: 65.6s -> 62.55s (card 3.1s, copy, vs card 35.3)
 270 OK    separate-sciences-edexcel/chemistry-paper-1/L2: 64.39s -> 61.3s (card 3.1s, encode, vs card 26.1)
 271 OK    separate-sciences-edexcel/chemistry-paper-1/L2: 68.38s -> 65.34s (card 3.1s, copy, vs card 28.1)
 272 OK    separate-sciences-edexcel/chemistry-paper-1/L2: 75.42s -> 72.38s (card 3.1s, copy, vs card 14.8)
 273 OK    english-literature-edexcel/romeo-and-juliet/L5: 76.65s -> 73.35s (card 3.1s, copy, vs card 27.7)
 274 OK    english-literature-edexcel/romeo-and-juliet/L5: 87.7s -> 84.63s (card 3.1s, encode, vs card 63.6)
 275 OK    english-literature-edexcel/romeo-and-juliet/L5: 66.83s -> 63.79s (card 3.1s, copy, vs card 25.6)
 276 OK    english-literature-edexcel/romeo-and-juliet/L5: 89.54s -> 86.47s (card 3.1s, copy, vs card 25.8)
 277 OK    science-ocr/chemistry-paper-1/L1: 80.2s -> 77.13s (card 3.1s, encode, vs card 27.4)
 278 OK    science-ocr/chemistry-paper-1/L1: 71.68s -> 68.6s (card 3.1s, encode, vs card 28.4)
 279 OK    science-ocr/chemistry-paper-1/L1: 65.02s -> 61.97s (card 3.1s, copy, vs card 27.5)
 280 OK    music-eduqas/aos2-music-for-ensemble/L3: 81.29s -> 78.25s (card 3.1s, copy, vs card 34.3)
 281 OK    music-eduqas/aos2-music-for-ensemble/L3: 70.89s -> 67.85s (card 3.1s, copy, vs card 50.1)
 282 OK    music-eduqas/aos2-music-for-ensemble/L3: 75.53s -> 72.47s (card 3.1s, copy, vs card 56.6)
 283 OK    music-eduqas/aos2-music-for-ensemble/L3: 61.79s -> 58.68s (card 3.1s, copy, vs card 27.8)
 284 OK    design-technology-edexcel/designing-making-principles/L5: 69.57s -> 66.5s (card 3.1s, encode, vs card 15.3)
 285 OK    design-technology-edexcel/designing-making-principles/L5: 71.19s -> 68.01s (card 3.1s, copy, vs card 26.8)
 286 OK    design-technology-edexcel/designing-making-principles/L5: 70.22s -> 67.18s (card 3.1s, copy, vs card 26.9)
 287 OK    design-technology-edexcel/designing-making-principles/L5: 80.62s -> 77.58s (card 3.1s, copy, vs card 11.7)
 288 OK    religious-studies-eduqas/theme-human-rights/L4: 78.16s -> 75.07s (card 3.1s, encode, vs card 30.4)
 289 OK    religious-studies-eduqas/theme-human-rights/L4: 68.92s -> 65.88s (card 3.1s, copy, vs card 26.4)
 290 OK    religious-studies-eduqas/theme-human-rights/L4: 65.39s -> 62.35s (card 3.1s, copy, vs card 39.3)
 291 OK    religious-studies-eduqas/theme-human-rights/L4: 83.52s -> 80.43s (card 3.1s, encode, vs card 24.6)
 292 OK    music-ocr/aos3-rhythms-of-the-world/L2: 87.17s -> 84.01s (card 3.1s, copy, vs card 26.5)
 293 OK    music-ocr/aos3-rhythms-of-the-world/L2: 70.82s -> 67.78s (card 3.1s, copy, vs card 25.6)
 294 OK    music-ocr/aos3-rhythms-of-the-world/L2: 69.45s -> 66.37s (card 3.1s, encode, vs card 26.3)
 295 OK    music-ocr/aos3-rhythms-of-the-world/L2: 66.32s -> 63.23s (card 3.1s, encode, vs card 24.6)
 296 OK    history-edexcel/crime-punishment-whitechapel/L8: 77.62s -> 74.58s (card 3.1s, copy, vs card 31.9)
 297 OK    history-edexcel/crime-punishment-whitechapel/L8: 81.59s -> 78.55s (card 3.1s, copy, vs card 31.5)
 298 OK    history-edexcel/crime-punishment-whitechapel/L8: 71.12s -> 68.01s (card 3.1s, copy, vs card 57.5)
 299 OK    history-edexcel/crime-punishment-whitechapel/L8: 77.83s -> 74.68s (card 3.1s, copy, vs card 17.5)
 300 OK    psychology-ocr/research-methods/L4: 72.59s -> 69.33s (card 3.1s, copy, vs card 27.0)
 301 OK    psychology-ocr/research-methods/L4: 82.62s -> 79.53s (card 3.1s, encode, vs card 61.0)
 302 OK    psychology-ocr/research-methods/L4: 71.42s -> 68.34s (card 3.1s, encode, vs card 30.8)
 303 OK    separate-sciences/physics-paper-2/L2: 63.92s -> 60.67s (card 3.1s, copy, vs card 28.3)
 304 OK    separate-sciences/physics-paper-2/L2: 75.4s -> 72.31s (card 3.1s, encode, vs card 25.5)
 305 OK    separate-sciences/physics-paper-2/L2: 66.59s -> 63.55s (card 3.1s, copy, vs card 27.6)
 306 OK    psychology-edexcel/language-thought-communication/L1: 75.16s -> 72.07s (card 3.1s, encode, vs card 27.7)
 307 OK    psychology-edexcel/language-thought-communication/L1: 67.29s -> 64.02s (card 3.1s, copy, vs card 25.7)
 308 OK    psychology-edexcel/language-thought-communication/L1: 59.7s -> 56.63s (card 3.1s, copy, vs card 29.0)
 309 OK    psychology-edexcel/language-thought-communication/L1: 79.13s -> 76.07s (card 3.1s, copy, vs card 66.4)
 310 OK    music-edexcel/aos2-vocal-music/L1: 65.99s -> 62.67s (card 3.1s, copy, vs card 30.1)
 311 OK    music-edexcel/aos2-vocal-music/L1: 76.18s -> 73.14s (card 3.1s, copy, vs card 34.5)
 312 OK    music-edexcel/aos2-vocal-music/L1: 79.97s -> 76.67s (card 3.1s, copy, vs card 28.3)
 313 OK    music-edexcel/aos2-vocal-music/L1: 78.37s -> 75.3s (card 3.1s, encode, vs card 29.3)
 314 OK    separate-sciences-ocr/physics-paper-1/L5: 63.16s -> 60.12s (card 3.1s, copy, vs card 28.3)
 315 OK    separate-sciences-ocr/physics-paper-1/L5: 78.99s -> 75.95s (card 3.1s, copy, vs card 9.0)
 316 OK    separate-sciences-ocr/physics-paper-1/L5: 74.4s -> 71.35s (card 3.1s, copy, vs card 27.5)
 317 OK    separate-sciences-ocr/physics-paper-1/L5: 73.19s -> 70.1s (card 3.1s, encode, vs card 30.9)
 318 OK    drama-aqa/noughts-and-crosses/L5: 82.22s -> 79.13s (card 3.1s, encode, vs card 129.6)
 319 OK    drama-aqa/noughts-and-crosses/L5: 81.76s -> 78.67s (card 3.1s, copy, vs card 189.8)
 320 OK    drama-aqa/noughts-and-crosses/L5: 68.08s -> 65.04s (card 3.1s, copy, vs card 54.6)
 321 OK    drama-aqa/noughts-and-crosses/L5: 64.16s -> 61.07s (card 3.1s, encode, vs card 110.2)
 322 OK    film-studies-eduqas/global-and-uk-film/L3: 67.43s -> 64.34s (card 3.1s, encode, vs card 21.8)
 323 OK    film-studies-eduqas/global-and-uk-film/L3: 70.82s -> 67.78s (card 3.1s, copy, vs card 44.5)
 324 OK    film-studies-eduqas/global-and-uk-film/L3: 68.61s -> 65.57s (card 3.1s, copy, vs card 61.7)
 325 OK    film-studies-eduqas/global-and-uk-film/L3: 62.95s -> 59.91s (card 3.1s, copy, vs card 25.0)
 326 OK    physical-education-ocr/socio-cultural-issues-and-sports-psychology/L10: 60.7s -> 57.61s (card 3.1s, encode, vs card 27.1)
 327 OK    physical-education-ocr/socio-cultural-issues-and-sports-psychology/L10: 65.02s -> 61.97s (card 3.1s, copy, vs card 32.4)
 328 OK    physical-education-ocr/socio-cultural-issues-and-sports-psychology/L10: 82.15s -> 79.07s (card 3.1s, encode, vs card 44.5)
 329 OK    physical-education-ocr/socio-cultural-issues-and-sports-psychology/L10: 66.69s -> 63.65s (card 3.1s, copy, vs card 41.9)
 330 OK    science-aqa/biology-paper-2/L13: 75.81s -> 72.77s (card 3.1s, copy, vs card 47.7)
 331 OK    science-aqa/biology-paper-2/L13: 79.02s -> 75.98s (card 3.1s, copy, vs card 29.1)
 332 OK    science-aqa/biology-paper-2/L13: 80.78s -> 77.74s (card 3.1s, copy, vs card 27.1)
 333 OK    separate-sciences-edexcel/chemistry-paper-1/L3: 67.29s -> 64.02s (card 3.1s, copy, vs card 30.4)
 334 OK    separate-sciences-edexcel/chemistry-paper-1/L3: 76.25s -> 73.21s (card 3.1s, copy, vs card 9.3)
 335 OK    separate-sciences-edexcel/chemistry-paper-1/L3: 76.18s -> 73.14s (card 3.1s, copy, vs card 30.4)
 336 OK    separate-sciences-edexcel/chemistry-paper-1/L3: 61.95s -> 58.68s (card 3.1s, copy, vs card 26.2)
 337 OK    english-literature-edexcel/romeo-and-juliet/L6: 63.95s -> 60.67s (card 3.1s, copy, vs card 30.3)
 338 OK    english-literature-edexcel/romeo-and-juliet/L6: 75.56s -> 72.52s (card 3.1s, copy, vs card 25.2)
 339 OK    english-literature-edexcel/romeo-and-juliet/L6: 71.29s -> 68.01s (card 3.1s, copy, vs card 25.5)
 340 OK    english-literature-edexcel/romeo-and-juliet/L6: 63.32s -> 60.28s (card 3.1s, copy, vs card 27.5)
 341 OK    science-ocr/chemistry-paper-1/L1: 68.89s -> 65.85s (card 3.1s, copy, vs card 29.9)
 342 OK    science-edexcel/biology-paper-2/L7: 78.92s -> 75.88s (card 3.1s, copy, vs card 45.3)
 343 OK    history-ocr/china-people-state-1950-1981/L1: 74.81s -> 71.73s (card 3.1s, encode, vs card 29.5)
 344 OK    history-ocr/china-people-state-1950-1981/L1: 67.5s -> 64.41s (card 3.1s, encode, vs card 22.1)
 345 OK    history-ocr/china-people-state-1950-1981/L1: 77.16s -> 74.07s (card 3.1s, encode, vs card 75.2)
 346 OK    history-ocr/china-people-state-1950-1981/L1: 64.32s -> 61.23s (card 3.1s, encode, vs card 45.2)
 347 OK    engineering-aqa/engineering-systems/L1: 71.1s -> 68.01s (card 3.1s, copy, vs card 33.2)
 348 OK    engineering-aqa/engineering-systems/L1: 67.45s -> 64.37s (card 3.1s, encode, vs card 17.2)
 349 OK    engineering-aqa/engineering-systems/L1: 70.03s -> 66.99s (card 3.1s, copy, vs card 34.6)
 350 OK    engineering-aqa/engineering-systems/L1: 60.05s -> 57.0s (card 3.1s, copy, vs card 19.6)
 351 OK    business-aqa/influences-on-business/L4: 57.4s -> 54.33s (card 3.1s, copy, vs card 30.7)
 352 OK    business-aqa/influences-on-business/L4: 70.15s -> 67.11s (card 3.1s, copy, vs card 28.3)
 353 OK    business-aqa/influences-on-business/L4: 63.76s -> 60.67s (card 3.1s, copy, vs card 30.6)
 354 OK    business-aqa/influences-on-business/L4: 86.05s -> 83.01s (card 3.1s, copy, vs card 41.3)
 355 OK    computer-science-edexcel/data/L4: 87.52s -> 84.43s (card 3.1s, encode, vs card 22.7)
 356 OK    computer-science-edexcel/data/L4: 67.06s -> 64.02s (card 3.1s, copy, vs card 28.0)
 357 OK    computer-science-edexcel/data/L4: 63.18s -> 60.14s (card 3.1s, copy, vs card 26.6)
 358 OK    computer-science-edexcel/data/L4: 71.8s -> 68.71s (card 3.1s, encode, vs card 33.4)
 359 OK    astronomy-edexcel/naked-eye-astronomy/L8: 72.03s -> 68.94s (card 3.1s, encode, vs card 23.9)
 360 OK    music-eduqas/aos3-film-music/L1: 64.06s -> 60.98s (card 3.1s, encode, vs card 42.2)
 361 OK    music-eduqas/aos3-film-music/L1: 58.33s -> 55.29s (card 3.1s, copy, vs card 49.7)
 362 OK    music-eduqas/aos3-film-music/L1: 70.66s -> 67.62s (card 3.1s, copy, vs card 60.9)
 363 OK    design-technology-edexcel/designing-making-principles/L6: 64.48s -> 61.4s (card 3.1s, encode, vs card 22.1)
 364 OK    design-technology-edexcel/designing-making-principles/L6: 58.58s -> 55.36s (card 3.1s, copy, vs card 27.5)
 365 OK    design-technology-edexcel/designing-making-principles/L6: 61.77s -> 58.68s (card 3.1s, copy, vs card 23.2)
 366 OK    design-technology-edexcel/designing-making-principles/L6: 66.43s -> 63.34s (card 3.1s, encode, vs card 28.3)
 367 OK    music-ocr/aos3-rhythms-of-the-world/L3: 76.09s -> 73.05s (card 3.1s, copy, vs card 30.0)
 368 OK    music-ocr/aos3-rhythms-of-the-world/L3: 68.61s -> 65.57s (card 3.1s, copy, vs card 27.6)
 369 OK    music-ocr/aos3-rhythms-of-the-world/L3: 92.95s -> 89.87s (card 3.1s, encode, vs card 25.4)
 370 OK    music-ocr/aos3-rhythms-of-the-world/L3: 75.42s -> 72.38s (card 3.1s, copy, vs card 32.4)
 371 OK    history-edexcel/crime-punishment-whitechapel/L9: 84.1s -> 81.04s (card 3.1s, copy, vs card 12.3)
 372 OK    history-edexcel/crime-punishment-whitechapel/L9: 81.59s -> 78.55s (card 3.1s, copy, vs card 29.1)
 373 OK    history-edexcel/crime-punishment-whitechapel/L9: 80.78s -> 77.74s (card 3.1s, copy, vs card 60.9)
 374 OK    history-edexcel/crime-punishment-whitechapel/L9: 74.86s -> 71.77s (card 3.1s, encode, vs card 17.6)
 375 OK    psychology-ocr/research-methods/L5: 65.13s -> 62.07s (card 3.1s, copy, vs card 29.4)
 376 OK    psychology-ocr/research-methods/L5: 78.32s -> 75.23s (card 3.1s, encode, vs card 28.9)
 377 OK    psychology-ocr/research-methods/L5: 72.47s -> 69.33s (card 3.1s, copy, vs card 29.7)
 378 OK    psychology-ocr/research-methods/L5: 58.89s -> 55.8s (card 3.1s, encode, vs card 30.3)
 379 OK    separate-sciences/physics-paper-2/L3: 62.79s -> 59.74s (card 3.1s, copy, vs card 27.1)
 380 OK    separate-sciences/physics-paper-2/L3: 75.4s -> 72.35s (card 3.1s, copy, vs card 26.4)
 381 OK    separate-sciences/physics-paper-2/L3: 60.16s -> 57.12s (card 3.1s, copy, vs card 33.6)
 382 OK    separate-sciences/physics-paper-2/L3: 66.9s -> 63.85s (card 3.1s, copy, vs card 28.2)
 383 OK    psychology-edexcel/language-thought-communication/L2: 73.03s -> 69.94s (card 3.1s, encode, vs card 25.9)
 384 OK    psychology-edexcel/language-thought-communication/L2: 63.41s -> 60.37s (card 3.1s, copy, vs card 25.5)
 385 OK    psychology-edexcel/language-thought-communication/L2: 82.08s -> 79.0s (card 3.1s, encode, vs card 27.4)
 386 OK    psychology-edexcel/language-thought-communication/L2: 69.03s -> 65.97s (card 3.1s, copy, vs card 26.8)
 387 OK    music-edexcel/aos2-vocal-music/L2: 84.38s -> 81.34s (card 3.1s, copy, vs card 29.3)
 388 OK    music-edexcel/aos2-vocal-music/L2: 70.15s -> 67.11s (card 3.1s, copy, vs card 26.4)
 389 OK    music-edexcel/aos2-vocal-music/L2: 69.82s -> 66.73s (card 3.1s, encode, vs card 25.6)
 390 OK    music-edexcel/aos2-vocal-music/L2: 62.0s -> 58.68s (card 3.1s, copy, vs card 40.8)
 391 OK    separate-sciences-ocr/physics-paper-1/L6: 75.53s -> 72.47s (card 3.1s, encode, vs card 26.3)
 392 OK    separate-sciences-ocr/physics-paper-1/L6: 75.72s -> 72.68s (card 3.1s, copy, vs card 13.2)
 393 OK    separate-sciences-ocr/physics-paper-1/L6: 74.95s -> 71.87s (card 3.1s, encode, vs card 17.7)
 394 OK    separate-sciences-ocr/physics-paper-1/L6: 81.85s -> 78.67s (card 3.1s, copy, vs card 14.9)
 395 OK    drama-aqa/noughts-and-crosses/L6: 86.73s -> 83.64s (card 3.1s, encode, vs card 41.4)
 396 OK    drama-aqa/noughts-and-crosses/L6: 67.73s -> 64.64s (card 3.1s, encode, vs card 30.2)
 397 OK    drama-aqa/noughts-and-crosses/L6: 71.12s -> 68.01s (card 3.1s, copy, vs card 33.7)
 398 OK    drama-aqa/noughts-and-crosses/L6: 69.15s -> 66.01s (card 3.1s, copy, vs card 34.5)
 399 OK    film-studies-eduqas/global-and-uk-film/L4: 70.43s -> 67.38s (card 3.1s, copy, vs card 16.5)
 400 OK    film-studies-eduqas/global-and-uk-film/L4: 75.72s -> 72.68s (card 3.1s, copy, vs card 13.4)
 401 OK    film-studies-eduqas/global-and-uk-film/L4: 68.57s -> 65.5s (card 3.1s, copy, vs card 31.8)
 402 OK    film-studies-eduqas/global-and-uk-film/L4: 61.72s -> 58.68s (card 3.1s, copy, vs card 27.8)
 403 OK    physical-education-ocr/socio-cultural-issues-and-sports-psychology/L11: 85.43s -> 82.34s (card 3.1s, encode, vs card 17.0)
 404 OK    physical-education-ocr/socio-cultural-issues-and-sports-psychology/L11: 81.06s -> 78.02s (card 3.1s, copy, vs card 46.1)
 405 OK    physical-education-ocr/socio-cultural-issues-and-sports-psychology/L11: 62.11s -> 59.03s (card 3.1s, encode, vs card 17.9)
 406 OK    physical-education-ocr/socio-cultural-issues-and-sports-psychology/L11: 85.73s -> 82.64s (card 3.1s, encode, vs card 16.0)
 407 OK    science-aqa/chemistry-paper-1/L1: 64.55s -> 61.51s (card 3.1s, copy, vs card 26.8)
 408 OK    science-aqa/chemistry-paper-1/L1: 60.72s -> 57.63s (card 3.1s, encode, vs card 31.2)
 409 OK    science-aqa/chemistry-paper-1/L1: 84.82s -> 81.73s (card 3.1s, encode, vs card 44.6)
 410 OK    science-aqa/chemistry-paper-1/L1: 84.87s -> 81.8s (card 3.1s, copy, vs card 17.0)
 411 OK    separate-sciences-edexcel/chemistry-paper-1/L4: 77.32s -> 74.28s (card 3.1s, copy, vs card 67.1)
 412 OK    separate-sciences-edexcel/chemistry-paper-1/L4: 81.76s -> 78.67s (card 3.1s, copy, vs card 16.1)
 413 OK    separate-sciences-edexcel/chemistry-paper-1/L4: 70.03s -> 66.99s (card 3.1s, copy, vs card 27.0)
 414 OK    separate-sciences-edexcel/chemistry-paper-1/L4: 82.83s -> 79.78s (card 3.1s, copy, vs card 15.1)
 415 OK    english-literature-edexcel/romeo-and-juliet/L7: 64.23s -> 61.14s (card 3.1s, encode, vs card 26.6)
 416 OK    english-literature-edexcel/romeo-and-juliet/L7: 63.92s -> 60.67s (card 3.1s, copy, vs card 28.4)
 417 OK    english-literature-edexcel/romeo-and-juliet/L7: 67.29s -> 64.02s (card 3.1s, copy, vs card 28.1)
 418 OK    english-literature-edexcel/romeo-and-juliet/L7: 66.32s -> 63.23s (card 3.1s, encode, vs card 39.3)
 419 SKIP  science-ocr/chemistry-paper-1/L2: no transition at the card boundary (diff 7.4)
 420 OK    science-ocr/chemistry-paper-1/L2: 62.62s -> 59.58s (card 3.1s, copy, vs card 27.2)
 421 OK    science-ocr/chemistry-paper-1/L2: 83.31s -> 80.02s (card 3.1s, copy, vs card 49.4)
 422 OK    science-ocr/chemistry-paper-1/L2: 80.43s -> 77.37s (card 3.1s, encode, vs card 32.1)
 423 OK    science-edexcel/biology-paper-2/L8: 77.86s -> 74.68s (card 3.1s, copy, vs card 30.0)
 424 OK    science-edexcel/biology-paper-2/L8: 78.92s -> 75.88s (card 3.1s, copy, vs card 28.4)
 425 OK    science-edexcel/biology-paper-2/L8: 77.65s -> 74.61s (card 3.1s, copy, vs card 29.8)
 426 OK    science-edexcel/biology-paper-2/L8: 66.83s -> 63.79s (card 3.1s, copy, vs card 27.7)
 427 OK    history-ocr/china-people-state-1950-1981/L2: 90.7s -> 87.61s (card 3.1s, encode, vs card 17.2)
 428 OK    history-ocr/china-people-state-1950-1981/L2: 87.59s -> 84.5s (card 3.1s, encode, vs card 27.4)
 429 OK    history-ocr/china-people-state-1950-1981/L2: 80.06s -> 76.97s (card 3.1s, encode, vs card 19.7)
 430 OK    history-ocr/china-people-state-1950-1981/L2: 81.01s -> 77.97s (card 3.1s, copy, vs card 17.5)
 431 OK    engineering-aqa/engineering-systems/L2: 73.7s -> 70.64s (card 3.1s, copy, vs card 17.3)
 432 OK    engineering-aqa/engineering-systems/L2: 54.22s -> 51.18s (card 3.1s, copy, vs card 16.4)
 433 OK    engineering-aqa/engineering-systems/L2: 69.15s -> 66.01s (card 3.1s, copy, vs card 31.8)
 434 OK    engineering-aqa/engineering-systems/L2: 73.26s -> 70.22s (card 3.1s, copy, vs card 20.2)
 435 OK    business-aqa/influences-on-business/L5: 61.46s -> 58.42s (card 3.1s, copy, vs card 33.5)
 436 OK    business-aqa/influences-on-business/L5: 83.66s -> 80.57s (card 3.1s, encode, vs card 28.5)
 437 OK    business-aqa/influences-on-business/L5: 71.12s -> 68.01s (card 3.1s, copy, vs card 19.6)
 438 OK    business-aqa/influences-on-business/L5: 63.14s -> 60.07s (card 3.1s, copy, vs card 30.4)
 439 OK    computer-science-edexcel/computers/L1: 80.22s -> 77.14s (card 3.1s, encode, vs card 19.3)
 440 OK    computer-science-edexcel/computers/L1: 72.42s -> 69.33s (card 3.1s, copy, vs card 26.3)
 441 OK    computer-science-edexcel/computers/L1: 71.68s -> 68.6s (card 3.1s, encode, vs card 24.1)
 442 OK    computer-science-edexcel/computers/L1: 78.92s -> 75.88s (card 3.1s, copy, vs card 35.8)
 443 OK    astronomy-edexcel/naked-eye-astronomy/L8: 82.62s -> 79.53s (card 3.1s, encode, vs card 24.3)
 444 OK    astronomy-edexcel/naked-eye-astronomy/L8: 74.58s -> 71.35s (card 3.1s, copy, vs card 73.6)
 445 OK    astronomy-edexcel/naked-eye-astronomy/L8: 80.99s -> 77.95s (card 3.1s, copy, vs card 139.7)
 446 OK    science-ocr-b/chemistry-paper-1/L3: 83.45s -> 80.37s (card 3.1s, encode, vs card 30.2)
 447 OK    science-ocr-b/chemistry-paper-1/L3: 85.96s -> 82.92s (card 3.1s, copy, vs card 245.1)
 448 OK    science-ocr-b/chemistry-paper-1/L3: 77.93s -> 74.68s (card 3.1s, copy, vs card 38.0)
 449 OK    science-ocr-b/chemistry-paper-1/L3: 66.46s -> 63.37s (card 3.1s, encode, vs card 62.1)
 450 OK    english-literature-aqa/macbeth/L4: 74.63s -> 71.35s (card 3.1s, copy, vs card 34.3)
 451 OK    english-literature-aqa/macbeth/L4: 67.76s -> 64.67s (card 3.1s, encode, vs card 32.2)
 452 OK    english-literature-aqa/macbeth/L4: 75.93s -> 72.89s (card 3.1s, copy, vs card 58.9)
 453 OK    english-literature-aqa/macbeth/L4: 60.23s -> 57.14s (card 3.1s, encode, vs card 23.6)
 454 OK    statistics-aqa/planning-designing-enquiry/L4: 75.4s -> 72.35s (card 3.1s, copy, vs card 11.4)
 455 OK    statistics-aqa/planning-designing-enquiry/L4: 75.0s -> 71.91s (card 3.1s, encode, vs card 28.7)
 456 OK    music-eduqas/aos3-film-music/L1: 68.85s -> 65.81s (card 3.1s, copy, vs card 33.3)
 457 OK    design-technology-edexcel/designing-making-principles/L7: 79.62s -> 76.58s (card 3.1s, copy, vs card 17.5)
 458 OK    design-technology-edexcel/designing-making-principles/L7: 63.07s -> 60.0s (card 3.1s, copy, vs card 25.8)
 459 OK    design-technology-edexcel/designing-making-principles/L7: 54.52s -> 51.48s (card 3.1s, copy, vs card 15.3)
 460 OK    design-technology-edexcel/designing-making-principles/L7: 81.53s -> 78.48s (card 3.1s, copy, vs card 29.5)
 461 OK    music-ocr/aos3-rhythms-of-the-world/L4: 68.57s -> 65.5s (card 3.1s, copy, vs card 27.4)
 462 OK    music-ocr/aos3-rhythms-of-the-world/L4: 73.58s -> 70.54s (card 3.1s, copy, vs card 29.8)
 463 OK    music-ocr/aos3-rhythms-of-the-world/L4: 79.16s -> 76.12s (card 3.1s, copy, vs card 95.4)
 464 OK    music-ocr/aos3-rhythms-of-the-world/L4: 79.44s -> 76.37s (card 3.1s, copy, vs card 28.8)
 465 OK    history-edexcel/crime-punishment-whitechapel/L10: 77.09s -> 74.0s (card 3.1s, encode, vs card 32.6)
 466 OK    history-edexcel/crime-punishment-whitechapel/L10: 70.87s -> 67.8s (card 3.1s, copy, vs card 21.8)
 467 OK    history-edexcel/crime-punishment-whitechapel/L10: 80.39s -> 77.3s (card 3.1s, encode, vs card 27.7)
 468 OK    psychology-ocr/research-methods/L6: 71.19s -> 68.01s (card 3.1s, copy, vs card 34.2)
 469 OK    psychology-ocr/research-methods/L6: 82.15s -> 79.07s (card 3.1s, encode, vs card 25.6)
 470 OK    psychology-ocr/research-methods/L6: 64.23s -> 61.14s (card 3.1s, encode, vs card 10.1)
 471 OK    psychology-ocr/research-methods/L6: 70.52s -> 67.48s (card 3.1s, copy, vs card 25.1)
 472 OK    separate-sciences/physics-paper-2/L4: 72.63s -> 69.33s (card 3.1s, copy, vs card 63.0)
 473 OK    separate-sciences/physics-paper-2/L4: 84.36s -> 81.32s (card 3.1s, copy, vs card 81.4)
 474 OK    separate-sciences/physics-paper-2/L4: 59.19s -> 56.1s (card 3.1s, encode, vs card 14.0)
 475 OK    separate-sciences/physics-paper-2/L4: 73.93s -> 70.87s (card 3.1s, copy, vs card 26.5)
 476 OK    psychology-edexcel/language-thought-communication/L3: 82.22s -> 79.13s (card 3.1s, encode, vs card 45.3)
 477 OK    psychology-edexcel/language-thought-communication/L3: 81.9s -> 78.67s (card 3.1s, copy, vs card 26.0)
 478 OK    psychology-edexcel/language-thought-communication/L3: 65.97s -> 62.67s (card 3.1s, copy, vs card 60.5)
 479 OK    psychology-edexcel/language-thought-communication/L3: 66.29s -> 63.2s (card 3.1s, encode, vs card 31.1)
 480 OK    music-edexcel/aos2-vocal-music/L3: 69.1s -> 66.01s (card 3.1s, copy, vs card 33.3)
 481 OK    music-edexcel/aos2-vocal-music/L3: 68.99s -> 65.94s (card 3.1s, copy, vs card 25.4)
 482 OK    music-edexcel/aos2-vocal-music/L3: 59.4s -> 56.35s (card 3.1s, copy, vs card 13.0)
 483 OK    music-edexcel/aos2-vocal-music/L3: 63.62s -> 60.58s (card 3.1s, copy, vs card 30.0)
 484 OK    separate-sciences-ocr/physics-paper-1/L7: 81.39s -> 78.34s (card 3.1s, copy, vs card 19.6)
 485 OK    separate-sciences-ocr/physics-paper-1/L7: 85.45s -> 82.37s (card 3.1s, encode, vs card 53.1)
 486 OK    separate-sciences-ocr/physics-paper-1/L7: 62.37s -> 59.3s (card 3.1s, encode, vs card 25.8)
 487 OK    separate-sciences-ocr/physics-paper-1/L7: 68.13s -> 65.09s (card 3.1s, copy, vs card 27.9)
 488 OK    drama-aqa/noughts-and-crosses/L7: 76.09s -> 73.05s (card 3.1s, copy, vs card 35.0)
 489 OK    drama-aqa/noughts-and-crosses/L7: 62.6s -> 59.54s (card 3.1s, copy, vs card 34.7)
 490 OK    drama-aqa/noughts-and-crosses/L7: 66.85s -> 63.81s (card 3.1s, copy, vs card 17.4)
 491 OK    film-studies-eduqas/global-and-uk-film/L5: 70.33s -> 67.27s (card 3.1s, copy, vs card 68.4)
 492 OK    film-studies-eduqas/global-and-uk-film/L5: 69.73s -> 66.64s (card 3.1s, encode, vs card 54.4)
 493 OK    film-studies-eduqas/global-and-uk-film/L5: 87.1s -> 84.01s (card 3.1s, copy, vs card 69.5)
 494 OK    film-studies-eduqas/global-and-uk-film/L5: 65.16s -> 62.11s (card 3.1s, copy, vs card 35.7)
 495 OK    physical-education-ocr/socio-cultural-issues-and-sports-psychology/L12: 75.56s -> 72.52s (card 3.1s, copy, vs card 46.7)
 496 OK    physical-education-ocr/socio-cultural-issues-and-sports-psychology/L12: 69.8s -> 66.71s (card 3.1s, encode, vs card 27.8)
 497 OK    physical-education-ocr/socio-cultural-issues-and-sports-psychology/L12: 63.46s -> 60.42s (card 3.1s, copy, vs card 35.8)
 498 OK    science-aqa/chemistry-paper-1/L2: 75.49s -> 72.45s (card 3.1s, copy, vs card 29.1)
 499 OK    science-aqa/chemistry-paper-1/L2: 69.92s -> 66.87s (card 3.1s, copy, vs card 48.0)
 500 OK    science-aqa/chemistry-paper-1/L2: 79.67s -> 76.6s (card 3.1s, copy, vs card 24.8)
 501 OK    separate-sciences-edexcel/chemistry-paper-1/L5: 82.83s -> 79.78s (card 3.1s, copy, vs card 26.5)
 502 OK    separate-sciences-edexcel/chemistry-paper-1/L5: 82.15s -> 79.07s (card 3.1s, encode, vs card 25.8)
 503 OK    separate-sciences-edexcel/chemistry-paper-1/L5: 74.7s -> 71.61s (card 3.1s, encode, vs card 35.6)
 504 OK    separate-sciences-edexcel/chemistry-paper-1/L5: 76.49s -> 73.35s (card 3.1s, copy, vs card 31.2)
 505 OK    english-literature-edexcel/much-ado-about-nothing/L1: 82.76s -> 79.71s (card 3.1s, copy, vs card 28.0)
 506 OK    english-literature-edexcel/much-ado-about-nothing/L1: 76.3s -> 73.24s (card 3.1s, copy, vs card 28.0)
 507 OK    english-literature-edexcel/much-ado-about-nothing/L1: 65.69s -> 62.65s (card 3.1s, copy, vs card 36.7)
 508 OK    english-literature-edexcel/much-ado-about-nothing/L1: 75.65s -> 72.61s (card 3.1s, copy, vs card 25.3)
 509 OK    science-ocr/chemistry-paper-1/L3: 70.75s -> 67.71s (card 3.1s, copy, vs card 34.3)
 510 OK    science-ocr/chemistry-paper-1/L3: 59.95s -> 56.91s (card 3.1s, copy, vs card 29.3)
 511 OK    science-ocr/chemistry-paper-1/L3: 67.73s -> 64.64s (card 3.1s, encode, vs card 25.2)
 512 OK    science-ocr/chemistry-paper-1/L3: 57.79s -> 54.75s (card 3.1s, copy, vs card 18.7)
 513 OK    science-edexcel/chemistry-paper-1/L1: 79.83s -> 76.67s (card 3.1s, copy, vs card 33.9)
 514 OK    science-edexcel/chemistry-paper-1/L1: 74.56s -> 71.35s (card 3.1s, copy, vs card 14.3)
 515 OK    science-edexcel/chemistry-paper-1/L1: 66.22s -> 63.14s (card 3.1s, encode, vs card 25.2)
 516 OK    history-ocr/china-people-state-1950-1981/L3: 86.42s -> 83.38s (card 3.1s, copy, vs card 12.0)
 517 OK    history-ocr/china-people-state-1950-1981/L3: 73.56s -> 70.52s (card 3.1s, copy, vs card 17.9)
 518 OK    history-ocr/china-people-state-1950-1981/L3: 75.95s -> 72.91s (card 3.1s, copy, vs card 15.2)
 519 OK    engineering-aqa/engineering-systems/L3: 57.28s -> 54.24s (card 3.1s, copy, vs card 19.5)
 520 OK    engineering-aqa/engineering-systems/L3: 70.66s -> 67.62s (card 3.1s, copy, vs card 20.7)
 521 OK    computer-science-edexcel/computers/L2: 73.86s -> 70.82s (card 3.1s, copy, vs card 31.8)
 522 OK    computer-science-edexcel/computers/L2: 60.95s -> 57.87s (card 3.1s, encode, vs card 100.4)
 523 OK    computer-science-edexcel/computers/L2: 75.23s -> 72.17s (card 3.1s, copy, vs card 44.8)
 524 OK    astronomy-edexcel/naked-eye-astronomy/L9: 82.5s -> 79.41s (card 3.1s, encode, vs card 28.7)
 525 OK    astronomy-edexcel/naked-eye-astronomy/L9: 78.41s -> 75.33s (card 3.1s, encode, vs card 24.9)
 526 OK    astronomy-edexcel/naked-eye-astronomy/L9: 72.72s -> 69.64s (card 3.1s, encode, vs card 25.6)
 527 OK    astronomy-edexcel/naked-eye-astronomy/L9: 55.29s -> 52.01s (card 3.1s, copy, vs card 18.6)
 528 OK    science-ocr-b/chemistry-paper-1/L4: 68.66s -> 65.62s (card 3.1s, copy, vs card 26.6)
 529 OK    science-ocr-b/chemistry-paper-1/L4: 78.39s -> 75.3s (card 3.1s, encode, vs card 28.4)
 530 OK    science-ocr-b/chemistry-paper-1/L4: 66.76s -> 63.72s (card 3.1s, copy, vs card 28.4)
 531 OK    science-ocr-b/chemistry-paper-1/L4: 63.14s -> 60.07s (card 3.1s, copy, vs card 27.0)
 532 OK    english-literature-aqa/macbeth/L5: 84.5s -> 81.46s (card 3.1s, copy, vs card 24.7)
 533 OK    english-literature-aqa/macbeth/L5: 74.7s -> 71.61s (card 3.1s, encode, vs card 27.0)
 534 OK    english-literature-aqa/macbeth/L5: 75.72s -> 72.68s (card 3.1s, copy, vs card 19.0)
 535 OK    english-literature-aqa/macbeth/L5: 64.39s -> 61.3s (card 3.1s, encode, vs card 29.5)
 536 OK    statistics-aqa/planning-designing-enquiry/L4: 75.79s -> 72.75s (card 3.1s, copy, vs card 13.2)
 537 OK    statistics-aqa/planning-designing-enquiry/L4: 67.31s -> 64.02s (card 3.1s, copy, vs card 30.6)
 538 OK    history-eduqas/conflict-upheaval-england-1337-1381/L3: 72.4s -> 69.33s (card 3.1s, copy, vs card 21.1)
 539 OK    history-eduqas/conflict-upheaval-england-1337-1381/L3: 61.11s -> 58.03s (card 3.1s, encode, vs card 23.7)
 540 OK    history-eduqas/conflict-upheaval-england-1337-1381/L3: 80.43s -> 77.37s (card 3.1s, encode, vs card 26.5)
 541 OK    history-eduqas/conflict-upheaval-england-1337-1381/L3: 73.24s -> 70.17s (card 3.1s, copy, vs card 28.4)
 542 OK    religious-studies-edexcel/paper-1-catholic-christianity/L3: 61.11s -> 58.03s (card 3.1s, encode, vs card 14.4)
 543 OK    religious-studies-edexcel/paper-1-catholic-christianity/L3: 70.68s -> 67.6s (card 3.1s, encode, vs card 30.1)
 544 OK    religious-studies-edexcel/paper-1-catholic-christianity/L3: 70.57s -> 67.48s (card 3.1s, encode, vs card 61.4)
 545 OK    psychology-aqa/memory/L2: 78.32s -> 75.23s (card 3.1s, encode, vs card 54.3)
 546 OK    psychology-aqa/memory/L2: 64.37s -> 61.28s (card 3.1s, encode, vs card 29.7)
 547 OK    music-eduqas/aos3-film-music/L2: 61.16s -> 58.07s (card 3.1s, encode, vs card 27.9)
 548 OK    music-eduqas/aos3-film-music/L2: 77.53s -> 74.49s (card 3.1s, copy, vs card 27.8)
 549 OK    music-eduqas/aos3-film-music/L2: 79.9s -> 76.67s (card 3.1s, copy, vs card 35.3)
 550 OK    music-eduqas/aos3-film-music/L2: 77.09s -> 74.0s (card 3.1s, encode, vs card 71.0)
 551 OK    music-ocr/aos4-film-music/L1: 65.48s -> 62.44s (card 3.1s, copy, vs card 25.2)
 552 OK    music-ocr/aos4-film-music/L1: 73.42s -> 70.38s (card 3.1s, copy, vs card 92.4)
 553 OK    music-ocr/aos4-film-music/L1: 76.79s -> 73.7s (card 3.1s, encode, vs card 24.7)
 554 OK    music-ocr/aos4-film-music/L1: 70.5s -> 67.45s (card 3.1s, copy, vs card 32.4)
 555 OK    history-edexcel/crime-punishment-whitechapel/L10: 76.72s -> 73.63s (card 3.1s, encode, vs card 47.8)
 556 OK    separate-sciences/physics-paper-2/L5: 69.61s -> 66.53s (card 3.1s, encode, vs card 14.7)
 557 OK    separate-sciences/physics-paper-2/L5: 59.05s -> 55.97s (card 3.1s, encode, vs card 121.7)
 558 OK    separate-sciences/physics-paper-2/L5: 64.83s -> 61.74s (card 3.1s, encode, vs card 27.0)
 559 OK    separate-sciences/physics-paper-2/L5: 68.2s -> 65.11s (card 3.1s, encode, vs card 27.3)
 560 OK    psychology-edexcel/research-methods/L1: 81.08s -> 78.04s (card 3.1s, copy, vs card 32.4)
 561 OK    psychology-edexcel/research-methods/L1: 86.87s -> 83.8s (card 3.1s, copy, vs card 26.6)
 562 OK    psychology-edexcel/research-methods/L1: 72.4s -> 69.33s (card 3.1s, copy, vs card 28.4)
 563 OK    psychology-edexcel/research-methods/L1: 72.4s -> 69.33s (card 3.1s, copy, vs card 26.5)
 564 OK    music-edexcel/aos2-vocal-music/L4: 67.99s -> 64.95s (card 3.1s, copy, vs card 31.3)
 565 OK    music-edexcel/aos2-vocal-music/L4: 61.93s -> 58.68s (card 3.1s, copy, vs card 30.8)
 566 OK    music-edexcel/aos2-vocal-music/L4: 66.55s -> 63.51s (card 3.1s, copy, vs card 38.2)
 567 OK    music-edexcel/aos2-vocal-music/L4: 68.75s -> 65.71s (card 3.1s, copy, vs card 32.9)
 568 OK    separate-sciences-ocr/physics-paper-1/L8: 67.66s -> 64.57s (card 3.1s, encode, vs card 25.7)
 569 OK    separate-sciences-ocr/physics-paper-1/L8: 76.77s -> 73.68s (card 3.1s, encode, vs card 29.2)
 570 OK    separate-sciences-ocr/physics-paper-1/L8: 65.29s -> 62.25s (card 3.1s, copy, vs card 19.5)
 571 OK    separate-sciences-ocr/physics-paper-1/L8: 81.15s -> 78.11s (card 3.1s, copy, vs card 20.4)
 572 OK    drama-aqa/noughts-and-crosses/L8: 74.42s -> 71.35s (card 3.1s, copy, vs card 26.4)
 573 OK    drama-aqa/noughts-and-crosses/L8: 69.92s -> 66.87s (card 3.1s, copy, vs card 28.2)
 574 OK    drama-aqa/noughts-and-crosses/L8: 80.22s -> 77.14s (card 3.1s, encode, vs card 178.0)
 575 OK    drama-aqa/noughts-and-crosses/L8: 74.03s -> 70.98s (card 3.1s, copy, vs card 22.8)
 576 OK    film-studies-eduqas/global-and-uk-film/L6: 77.86s -> 74.68s (card 3.1s, copy, vs card 33.4)
 577 OK    film-studies-eduqas/global-and-uk-film/L6: 71.1s -> 68.01s (card 3.1s, copy, vs card 29.4)
 578 OK    film-studies-eduqas/global-and-uk-film/L6: 68.29s -> 65.25s (card 3.1s, copy, vs card 37.4)
 579 OK    film-studies-eduqas/global-and-uk-film/L6: 75.16s -> 72.07s (card 3.1s, encode, vs card 62.1)
 580 OK    physical-education-ocr/socio-cultural-issues-and-sports-psychology/L13: 88.93s -> 85.84s (card 3.1s, encode, vs card 48.8)
 581 OK    physical-education-ocr/socio-cultural-issues-and-sports-psychology/L13: 68.89s -> 65.85s (card 3.1s, copy, vs card 28.1)
 582 OK    physical-education-ocr/socio-cultural-issues-and-sports-psychology/L13: 78.07s -> 74.98s (card 3.1s, encode, vs card 43.8)
 583 OK    physical-education-ocr/socio-cultural-issues-and-sports-psychology/L13: 57.4s -> 54.33s (card 3.1s, copy, vs card 32.4)
 584 OK    science-aqa/chemistry-paper-1/L3: 58.96s -> 55.87s (card 3.1s, encode, vs card 26.2)
 585 OK    science-aqa/chemistry-paper-1/L3: 59.23s -> 56.17s (card 3.1s, copy, vs card 10.7)
 586 OK    science-aqa/chemistry-paper-1/L3: 82.52s -> 79.44s (card 3.1s, encode, vs card 29.0)
 587 OK    separate-sciences-edexcel/chemistry-paper-1/L6: 76.65s -> 73.35s (card 3.1s, copy, vs card 26.9)
 588 OK    separate-sciences-edexcel/chemistry-paper-1/L6: 64.69s -> 61.65s (card 3.1s, copy, vs card 25.6)
 589 OK    separate-sciences-edexcel/chemistry-paper-1/L6: 55.73s -> 52.64s (card 3.1s, encode, vs card 29.0)
 590 OK    separate-sciences-edexcel/chemistry-paper-1/L6: 77.23s -> 74.19s (card 3.1s, copy, vs card 13.6)
 591 OK    english-literature-edexcel/much-ado-about-nothing/L2: 66.66s -> 63.62s (card 3.1s, copy, vs card 24.7)
 592 OK    english-literature-edexcel/much-ado-about-nothing/L2: 87.03s -> 83.99s (card 3.1s, copy, vs card 31.2)
 593 OK    english-literature-edexcel/much-ado-about-nothing/L2: 69.1s -> 66.01s (card 3.1s, copy, vs card 27.9)
 594 OK    english-literature-edexcel/much-ado-about-nothing/L2: 77.18s -> 74.1s (card 3.1s, encode, vs card 25.8)
 595 OK    science-ocr/chemistry-paper-1/L4: 66.83s -> 63.79s (card 3.1s, copy, vs card 29.5)
 596 OK    science-ocr/chemistry-paper-1/L4: 66.08s -> 63.0s (card 3.1s, encode, vs card 17.3)
 597 OK    science-ocr/chemistry-paper-1/L4: 64.16s -> 61.07s (card 3.1s, encode, vs card 27.7)
 598 OK    science-ocr/chemistry-paper-1/L4: 64.13s -> 61.07s (card 3.1s, encode, vs card 71.7)
 599 OK    science-edexcel/chemistry-paper-1/L2: 76.39s -> 73.35s (card 3.1s, copy, vs card 29.7)
 600 OK    science-edexcel/chemistry-paper-1/L2: 60.19s -> 57.14s (card 3.1s, copy, vs card 29.2)
 601 OK    science-edexcel/chemistry-paper-1/L2: 62.65s -> 59.61s (card 3.1s, copy, vs card 28.9)
 602 OK    science-edexcel/chemistry-paper-1/L2: 72.42s -> 69.33s (card 3.1s, copy, vs card 50.3)
 603 OK    history-ocr/china-people-state-1950-1981/L3: 78.99s -> 75.95s (card 3.1s, copy, vs card 16.1)
 604 OK    engineering-aqa/engineering-systems/L3: 76.12s -> 73.07s (card 3.1s, copy, vs card 33.9)
 605 OK    engineering-aqa/engineering-systems/L3: 66.43s -> 63.34s (card 3.1s, encode, vs card 20.5)
 606 OK    business-aqa/business-operations/L1: 65.48s -> 62.44s (card 3.1s, copy, vs card 28.5)
 607 OK    business-aqa/business-operations/L1: 82.2s -> 79.11s (card 3.1s, encode, vs card 18.5)
 608 OK    business-aqa/business-operations/L1: 67.5s -> 64.41s (card 3.1s, encode, vs card 32.4)
 609 OK    business-aqa/business-operations/L1: 76.7s -> 73.61s (card 3.1s, encode, vs card 70.0)
 610 OK    computer-science-edexcel/computers/L2: 65.02s -> 61.97s (card 3.1s, copy, vs card 36.9)
 611 OK    astronomy-edexcel/naked-eye-astronomy/L10: 64.16s -> 61.07s (card 3.1s, encode, vs card 28.3)
 612 OK    astronomy-edexcel/naked-eye-astronomy/L10: 76.77s -> 73.68s (card 3.1s, encode, vs card 28.7)
 613 OK    astronomy-edexcel/naked-eye-astronomy/L10: 68.8s -> 65.74s (card 3.1s, copy, vs card 18.6)
 614 OK    astronomy-edexcel/naked-eye-astronomy/L10: 67.2s -> 64.02s (card 3.1s, copy, vs card 38.3)
 615 OK    science-ocr-b/chemistry-paper-1/L5: 65.53s -> 62.44s (card 3.1s, encode, vs card 27.9)
 616 OK    science-ocr-b/chemistry-paper-1/L5: 79.99s -> 76.67s (card 3.1s, copy, vs card 26.0)
 617 OK    science-ocr-b/chemistry-paper-1/L5: 63.14s -> 60.07s (card 3.1s, copy, vs card 47.9)
 618 OK    science-ocr-b/chemistry-paper-1/L5: 76.53s -> 73.35s (card 3.1s, copy, vs card 26.9)
 619 OK    english-literature-aqa/macbeth/L6: 76.72s -> 73.63s (card 3.1s, encode, vs card 24.6)
 620 OK    english-literature-aqa/macbeth/L6: 73.26s -> 70.22s (card 3.1s, copy, vs card 29.1)
 621 OK    english-literature-aqa/macbeth/L6: 74.26s -> 71.22s (card 3.1s, copy, vs card 27.7)
 622 OK    statistics-aqa/planning-designing-enquiry/L5: 68.43s -> 65.39s (card 3.1s, copy, vs card 27.6)
 623 OK    statistics-aqa/planning-designing-enquiry/L5: 79.9s -> 76.67s (card 3.1s, copy, vs card 28.2)
 624 OK    statistics-aqa/planning-designing-enquiry/L5: 85.26s -> 82.01s (card 3.1s, copy, vs card 27.9)
 625 OK    statistics-aqa/planning-designing-enquiry/L5: 67.76s -> 64.67s (card 3.1s, encode, vs card 29.7)
 626 OK    history-eduqas/conflict-upheaval-england-1337-1381/L4: 85.12s -> 82.01s (card 3.1s, copy, vs card 31.5)
 627 OK    history-eduqas/conflict-upheaval-england-1337-1381/L4: 71.29s -> 68.01s (card 3.1s, copy, vs card 17.7)
 628 OK    history-eduqas/conflict-upheaval-england-1337-1381/L4: 80.29s -> 77.21s (card 3.1s, encode, vs card 16.5)
 629 OK    history-eduqas/conflict-upheaval-england-1337-1381/L4: 68.27s -> 65.2s (card 3.1s, copy, vs card 11.6)
 630 OK    religious-studies-edexcel/paper-1-catholic-christianity/L4: 64.16s -> 61.07s (card 3.1s, encode, vs card 34.5)
 631 OK    religious-studies-edexcel/paper-1-catholic-christianity/L4: 80.06s -> 76.97s (card 3.1s, encode, vs card 36.4)
 632 OK    religious-studies-edexcel/paper-1-catholic-christianity/L4: 73.79s -> 70.75s (card 3.1s, copy, vs card 28.0)
 633 OK    religious-studies-edexcel/paper-1-catholic-christianity/L4: 73.79s -> 70.75s (card 3.1s, copy, vs card 74.9)
 634 OK    psychology-aqa/memory/L2: 63.95s -> 60.67s (card 3.1s, copy, vs card 26.4)
 635 OK    psychology-aqa/memory/L2: 64.85s -> 61.81s (card 3.1s, copy, vs card 56.5)
 636 OK    business-edexcel/investigating-small-business/L2: 59.93s -> 56.89s (card 3.1s, copy, vs card 28.9)
 637 OK    business-edexcel/investigating-small-business/L2: 70.33s -> 67.27s (card 3.1s, copy, vs card 29.9)
 638 OK    business-edexcel/investigating-small-business/L2: 63.25s -> 60.21s (card 3.1s, copy, vs card 46.2)
 639 OK    business-edexcel/investigating-small-business/L2: 70.19s -> 67.15s (card 3.1s, copy, vs card 30.2)
 640 OK    separate-sciences-ocr-b/biology-human-body/L3: 77.42s -> 74.37s (card 3.1s, copy, vs card 21.2)
 641 OK    separate-sciences-ocr-b/biology-human-body/L3: 58.1s -> 55.05s (card 3.1s, copy, vs card 33.6)
 642 OK    separate-sciences-ocr-b/biology-human-body/L3: 63.18s -> 60.14s (card 3.1s, copy, vs card 20.3)
 643 OK    separate-sciences-ocr-b/biology-human-body/L3: 81.78s -> 78.67s (card 3.1s, copy, vs card 27.5)
 644 OK    business-ocr/business-activity-marketing-people/L1: 69.98s -> 66.94s (card 3.1s, copy, vs card 37.6)
 645 OK    business-ocr/business-activity-marketing-people/L1: 60.63s -> 57.35s (card 3.1s, copy, vs card 30.7)
 646 OK    music-eduqas/aos3-film-music/L3: 68.5s -> 65.43s (card 3.1s, copy, vs card 27.3)
 647 OK    music-eduqas/aos3-film-music/L3: 65.97s -> 62.67s (card 3.1s, copy, vs card 24.3)
 648 OK    music-eduqas/aos3-film-music/L3: 77.93s -> 74.68s (card 3.1s, copy, vs card 26.3)
 649 OK    music-eduqas/aos3-film-music/L3: 77.48s -> 74.44s (card 3.1s, copy, vs card 28.3)
 650 OK    music-ocr/aos4-film-music/L2: 70.43s -> 67.38s (card 3.1s, copy, vs card 25.5)
 651 OK    music-ocr/aos4-film-music/L2: 79.37s -> 76.3s (card 3.1s, copy, vs card 25.7)
 652 OK    music-ocr/aos4-film-music/L2: 74.63s -> 71.35s (card 3.1s, copy, vs card 36.5)
 653 OK    music-ocr/aos4-film-music/L2: 68.99s -> 65.94s (card 3.1s, copy, vs card 36.4)
 654 OK    history-edexcel/crime-punishment-whitechapel/L11: 83.62s -> 80.53s (card 3.1s, encode, vs card 30.0)
 655 OK    history-edexcel/crime-punishment-whitechapel/L11: 84.03s -> 80.97s (card 3.1s, copy, vs card 40.9)
 656 OK    history-edexcel/crime-punishment-whitechapel/L11: 81.22s -> 78.18s (card 3.1s, copy, vs card 27.4)
 657 OK    separate-sciences/physics-paper-2/L6: 81.06s -> 78.02s (card 3.1s, copy, vs card 28.4)
 658 OK    separate-sciences/physics-paper-2/L6: 65.62s -> 62.58s (card 3.1s, copy, vs card 32.6)
 659 OK    separate-sciences/physics-paper-2/L6: 73.75s -> 70.7s (card 3.1s, copy, vs card 27.7)
 660 OK    separate-sciences/physics-paper-2/L6: 79.6s -> 76.56s (card 3.1s, copy, vs card 21.1)
 661 OK    music-edexcel/aos2-vocal-music/L5: 72.4s -> 69.33s (card 3.1s, copy, vs card 52.2)
 662 OK    music-edexcel/aos2-vocal-music/L5: 56.75s -> 53.67s (card 3.1s, encode, vs card 28.3)
 663 OK    music-edexcel/aos2-vocal-music/L5: 64.06s -> 60.98s (card 3.1s, encode, vs card 40.1)
 664 OK    music-edexcel/aos2-vocal-music/L5: 66.62s -> 63.58s (card 3.1s, copy, vs card 50.4)
 665 OK    separate-sciences-ocr/physics-paper-2/L1: 68.92s -> 65.88s (card 3.1s, copy, vs card 25.6)
 666 OK    separate-sciences-ocr/physics-paper-2/L1: 76.25s -> 73.21s (card 3.1s, copy, vs card 25.5)
 667 OK    separate-sciences-ocr/physics-paper-2/L1: 73.33s -> 70.29s (card 3.1s, copy, vs card 27.0)
 668 OK    separate-sciences-ocr/physics-paper-2/L1: 79.06s -> 76.02s (card 3.1s, copy, vs card 28.5)
 669 OK    drama-aqa/around-the-world-80-days/L1: 70.22s -> 67.18s (card 3.1s, copy, vs card 30.4)
 670 OK    drama-aqa/around-the-world-80-days/L1: 79.99s -> 76.67s (card 3.1s, copy, vs card 24.6)
 671 OK    drama-aqa/around-the-world-80-days/L1: 78.67s -> 75.6s (card 3.1s, copy, vs card 29.2)
 672 OK    drama-aqa/around-the-world-80-days/L1: 69.36s -> 66.27s (card 3.1s, encode, vs card 25.7)
 673 OK    film-studies-eduqas/global-and-uk-film/L7: 75.86s -> 72.82s (card 3.1s, copy, vs card 15.0)
 674 OK    film-studies-eduqas/global-and-uk-film/L7: 68.52s -> 65.48s (card 3.1s, copy, vs card 30.4)
 675 OK    film-studies-eduqas/global-and-uk-film/L7: 69.5s -> 66.41s (card 3.1s, encode, vs card 27.2)
 676 OK    film-studies-eduqas/global-and-uk-film/L7: 86.19s -> 83.15s (card 3.1s, copy, vs card 18.1)
 677 OK    science-aqa/chemistry-paper-1/L4: 72.66s -> 69.33s (card 3.1s, copy, vs card 28.7)
 678 OK    science-aqa/chemistry-paper-1/L4: 70.4s -> 67.33s (card 3.1s, encode, vs card 31.9)
 679 OK    science-aqa/chemistry-paper-1/L4: 74.88s -> 71.8s (card 3.1s, encode, vs card 48.4)
 680 OK    separate-sciences-edexcel/chemistry-paper-1/L7: 64.48s -> 61.4s (card 3.1s, encode, vs card 27.1)
 681 OK    separate-sciences-edexcel/chemistry-paper-1/L7: 71.73s -> 68.64s (card 3.1s, encode, vs card 14.4)
 682 OK    separate-sciences-edexcel/chemistry-paper-1/L7: 70.1s -> 67.04s (card 3.1s, copy, vs card 29.6)
 683 OK    english-literature-edexcel/much-ado-about-nothing/L3: 78.23s -> 75.14s (card 3.1s, encode, vs card 27.5)
 684 OK    english-literature-edexcel/much-ado-about-nothing/L3: 66.83s -> 63.79s (card 3.1s, copy, vs card 31.8)
 685 OK    english-literature-edexcel/much-ado-about-nothing/L3: 72.82s -> 69.73s (card 3.1s, encode, vs card 35.4)
 686 OK    english-literature-edexcel/much-ado-about-nothing/L3: 82.43s -> 79.34s (card 3.1s, encode, vs card 33.6)
 687 OK    science-ocr/chemistry-paper-1/L5: 68.89s -> 65.85s (card 3.1s, copy, vs card 29.4)
 688 OK    science-ocr/chemistry-paper-1/L5: 72.98s -> 69.9s (card 3.1s, encode, vs card 30.0)
 689 OK    science-ocr/chemistry-paper-1/L5: 76.6s -> 73.35s (card 3.1s, copy, vs card 22.9)
 690 OK    science-ocr/chemistry-paper-1/L5: 82.2s -> 79.11s (card 3.1s, encode, vs card 16.7)
 691 OK    science-edexcel/chemistry-paper-1/L3: 61.95s -> 58.68s (card 3.1s, copy, vs card 27.1)
 692 OK    science-edexcel/chemistry-paper-1/L3: 79.44s -> 76.37s (card 3.1s, copy, vs card 25.9)
 693 OK    science-edexcel/chemistry-paper-1/L3: 64.76s -> 61.72s (card 3.1s, copy, vs card 55.1)
 694 OK    science-edexcel/chemistry-paper-1/L3: 68.43s -> 65.39s (card 3.1s, copy, vs card 28.6)
 695 OK    history-ocr/china-people-state-1950-1981/L4: 90.46s -> 87.35s (card 3.1s, copy, vs card 14.6)
 696 OK    history-ocr/china-people-state-1950-1981/L4: 87.47s -> 84.4s (card 3.1s, encode, vs card 31.4)
 697 OK    engineering-aqa/engineering-systems/L4: 84.33s -> 81.27s (card 3.1s, copy, vs card 35.5)
 698 OK    engineering-aqa/engineering-systems/L4: 71.03s -> 67.99s (card 3.1s, copy, vs card 16.1)
 699 OK    engineering-aqa/engineering-systems/L4: 78.85s -> 75.81s (card 3.1s, copy, vs card 16.4)
 700 OK    engineering-aqa/engineering-systems/L4: 69.61s -> 66.53s (card 3.1s, encode, vs card 21.6)
 701 OK    business-aqa/business-operations/L2: 67.52s -> 64.44s (card 3.1s, encode, vs card 62.7)
 702 OK    business-aqa/business-operations/L2: 82.45s -> 79.37s (card 3.1s, encode, vs card 47.6)
 703 OK    business-aqa/business-operations/L2: 63.6s -> 60.53s (card 3.1s, copy, vs card 46.3)
 704 OK    business-aqa/business-operations/L2: 66.15s -> 63.07s (card 3.1s, encode, vs card 33.2)
 705 OK    computer-science-edexcel/computers/L3: 77.23s -> 74.19s (card 3.1s, copy, vs card 30.4)
 706 OK    computer-science-edexcel/computers/L3: 80.76s -> 77.72s (card 3.1s, copy, vs card 22.8)
 707 OK    computer-science-edexcel/computers/L3: 62.76s -> 59.72s (card 3.1s, copy, vs card 30.2)
 708 OK    computer-science-edexcel/computers/L3: 78.02s -> 74.93s (card 3.1s, encode, vs card 29.7)
 709 OK    astronomy-edexcel/naked-eye-astronomy/L11: 67.92s -> 64.83s (card 3.1s, encode, vs card 26.3)
 710 OK    astronomy-edexcel/naked-eye-astronomy/L11: 68.96s -> 65.92s (card 3.1s, copy, vs card 16.9)
 711 OK    astronomy-edexcel/naked-eye-astronomy/L11: 81.76s -> 78.67s (card 3.1s, copy, vs card 38.2)
 712 OK    astronomy-edexcel/naked-eye-astronomy/L11: 89.58s -> 86.54s (card 3.1s, copy, vs card 24.6)
 713 OK    science-ocr-b/chemistry-paper-1/L6: 72.75s -> 69.67s (card 3.1s, encode, vs card 19.2)
 714 OK    science-ocr-b/chemistry-paper-1/L6: 81.13s -> 78.09s (card 3.1s, copy, vs card 24.2)
 715 OK    science-ocr-b/chemistry-paper-1/L6: 69.8s -> 66.71s (card 3.1s, encode, vs card 26.6)
 716 OK    science-ocr-b/chemistry-paper-1/L6: 76.7s -> 73.61s (card 3.1s, encode, vs card 26.3)
 717 OK    english-literature-aqa/macbeth/L6: 67.8s -> 64.73s (card 3.1s, encode, vs card 50.7)
 718 OK    statistics-aqa/interpreting-results-sec/L1: 80.06s -> 76.97s (card 3.1s, encode, vs card 27.3)
 719 OK    statistics-aqa/interpreting-results-sec/L1: 58.05s -> 55.01s (card 3.1s, copy, vs card 29.9)
 720 OK    statistics-aqa/interpreting-results-sec/L1: 54.82s -> 51.78s (card 3.1s, copy, vs card 27.9)
 721 OK    statistics-aqa/interpreting-results-sec/L1: 64.02s -> 60.93s (card 3.1s, encode, vs card 27.1)
 722 OK    history-eduqas/conflict-upheaval-england-1337-1381/L5: 77.42s -> 74.37s (card 3.1s, copy, vs card 27.4)
 723 OK    history-eduqas/conflict-upheaval-england-1337-1381/L5: 65.92s -> 62.67s (card 3.1s, copy, vs card 27.8)
 724 OK    history-eduqas/conflict-upheaval-england-1337-1381/L5: 82.8s -> 79.74s (card 3.1s, copy, vs card 51.4)
 725 OK    history-eduqas/conflict-upheaval-england-1337-1381/L5: 71.42s -> 68.34s (card 3.1s, encode, vs card 32.7)
 726 OK    religious-studies-edexcel/paper-1-catholic-christianity/L5: 67.06s -> 64.02s (card 3.1s, copy, vs card 16.7)
 727 OK    religious-studies-edexcel/paper-1-catholic-christianity/L5: 70.15s -> 67.11s (card 3.1s, copy, vs card 27.7)
 728 OK    religious-studies-edexcel/paper-1-catholic-christianity/L5: 67.38s -> 64.3s (card 3.1s, encode, vs card 33.9)
 729 OK    psychology-aqa/memory/L3: 67.5s -> 64.41s (card 3.1s, encode, vs card 28.1)
 730 OK    psychology-aqa/memory/L3: 64.13s -> 61.07s (card 3.1s, encode, vs card 27.9)
 731 OK    psychology-aqa/memory/L3: 76.7s -> 73.61s (card 3.1s, encode, vs card 31.5)
 732 OK    psychology-aqa/memory/L3: 67.36s -> 64.27s (card 3.1s, encode, vs card 30.1)
 733 OK    business-edexcel/investigating-small-business/L3: 73.12s -> 70.03s (card 3.1s, encode, vs card 31.5)
 734 OK    business-edexcel/investigating-small-business/L3: 66.36s -> 63.27s (card 3.1s, encode, vs card 28.6)
 735 OK    business-edexcel/investigating-small-business/L3: 69.75s -> 66.67s (card 3.1s, encode, vs card 32.9)
 736 OK    business-edexcel/investigating-small-business/L3: 60.35s -> 57.31s (card 3.1s, copy, vs card 28.3)
 737 OK    separate-sciences-ocr-b/biology-human-body/L4: 74.35s -> 71.31s (card 3.1s, copy, vs card 14.5)
 738 OK    separate-sciences-ocr-b/biology-human-body/L4: 64.09s -> 61.0s (card 3.1s, encode, vs card 17.7)
 739 OK    music-eduqas/aos4-popular-music/L1: 78.67s -> 75.6s (card 3.1s, copy, vs card 32.2)
 740 OK    music-eduqas/aos4-popular-music/L1: 64.46s -> 61.37s (card 3.1s, encode, vs card 32.2)
 741 OK    music-eduqas/aos4-popular-music/L1: 68.22s -> 65.18s (card 3.1s, copy, vs card 29.5)
 742 OK    music-eduqas/aos4-popular-music/L1: 58.93s -> 55.84s (card 3.1s, encode, vs card 70.3)
 743 OK    music-ocr/aos4-film-music/L3: 75.79s -> 72.75s (card 3.1s, copy, vs card 26.4)
 744 OK    music-ocr/aos4-film-music/L3: 74.19s -> 71.15s (card 3.1s, copy, vs card 29.4)
 745 OK    music-ocr/aos4-film-music/L3: 66.83s -> 63.79s (card 3.1s, copy, vs card 34.3)
 746 OK    music-ocr/aos4-film-music/L3: 62.18s -> 59.1s (card 3.1s, encode, vs card 33.8)
 747 OK    history-edexcel/crime-punishment-whitechapel/L11: 71.49s -> 68.41s (card 3.1s, encode, vs card 29.9)
 748 OK    separate-sciences/physics-paper-2/L7: 71.52s -> 68.43s (card 3.1s, encode, vs card 35.8)
 749 OK    separate-sciences/physics-paper-2/L7: 78.69s -> 75.65s (card 3.1s, copy, vs card 22.2)
 750 OK    separate-sciences/physics-paper-2/L7: 75.3s -> 72.24s (card 3.1s, copy, vs card 32.4)
 751 OK    psychology-edexcel/research-methods/L2: 71.98s -> 68.94s (card 3.1s, copy, vs card 29.8)
 752 OK    psychology-edexcel/research-methods/L2: 64.53s -> 61.44s (card 3.1s, encode, vs card 32.4)
 753 OK    psychology-edexcel/research-methods/L2: 83.99s -> 80.94s (card 3.1s, copy, vs card 27.1)
 754 OK    music-edexcel/aos3-stage-and-screen/L1: 66.39s -> 63.3s (card 3.1s, encode, vs card 47.3)
 755 OK    music-edexcel/aos3-stage-and-screen/L1: 67.69s -> 64.6s (card 3.1s, encode, vs card 25.0)
 756 OK    music-edexcel/aos3-stage-and-screen/L1: 81.59s -> 78.55s (card 3.1s, copy, vs card 60.6)
 757 OK    music-edexcel/aos3-stage-and-screen/L1: 62.0s -> 58.68s (card 3.1s, copy, vs card 27.5)
 758 OK    separate-sciences-ocr/physics-paper-2/L2: 64.02s -> 60.93s (card 3.1s, encode, vs card 31.7)
 759 OK    separate-sciences-ocr/physics-paper-2/L2: 70.43s -> 67.38s (card 3.1s, copy, vs card 28.0)
 760 OK    separate-sciences-ocr/physics-paper-2/L2: 73.12s -> 70.03s (card 3.1s, encode, vs card 29.8)
 761 OK    separate-sciences-ocr/physics-paper-2/L2: 80.36s -> 77.28s (card 3.1s, encode, vs card 14.3)
 762 OK    drama-aqa/around-the-world-80-days/L2: 71.17s -> 68.01s (card 3.1s, copy, vs card 30.2)
 763 OK    drama-aqa/around-the-world-80-days/L2: 79.69s -> 76.65s (card 3.1s, copy, vs card 29.0)
 764 OK    drama-aqa/around-the-world-80-days/L2: 69.59s -> 66.5s (card 3.1s, encode, vs card 26.8)
 765 OK    drama-aqa/around-the-world-80-days/L2: 90.42s -> 87.35s (card 3.1s, copy, vs card 14.0)
 766 OK    film-studies-eduqas/global-and-uk-film/L8: 82.38s -> 79.3s (card 3.1s, encode, vs card 44.4)
 767 OK    film-studies-eduqas/global-and-uk-film/L8: 79.32s -> 76.28s (card 3.1s, copy, vs card 28.9)
 768 OK    film-studies-eduqas/global-and-uk-film/L8: 74.19s -> 71.15s (card 3.1s, copy, vs card 28.0)
 769 OK    science-aqa/chemistry-paper-1/L5: 76.65s -> 73.35s (card 3.1s, copy, vs card 26.6)
 770 OK    science-aqa/chemistry-paper-1/L5: 62.25s -> 59.17s (card 3.1s, encode, vs card 25.8)
 771 OK    science-aqa/chemistry-paper-1/L5: 56.82s -> 53.73s (card 3.1s, encode, vs card 33.0)
 772 OK    science-aqa/chemistry-paper-1/L5: 66.2s -> 63.11s (card 3.1s, encode, vs card 37.3)
 773 OK    separate-sciences-edexcel/chemistry-paper-1/L7: 67.9s -> 64.85s (card 3.1s, copy, vs card 33.7)
 774 OK    english-literature-edexcel/much-ado-about-nothing/L4: 69.61s -> 66.53s (card 3.1s, encode, vs card 27.3)
 775 OK    english-literature-edexcel/much-ado-about-nothing/L4: 91.25s -> 88.21s (card 3.1s, copy, vs card 21.4)
 776 OK    english-literature-edexcel/much-ado-about-nothing/L4: 72.19s -> 69.15s (card 3.1s, copy, vs card 29.2)
 777 OK    english-literature-edexcel/much-ado-about-nothing/L4: 83.22s -> 80.02s (card 3.1s, copy, vs card 36.8)
 778 OK    science-ocr/chemistry-paper-1/L6: 69.66s -> 66.57s (card 3.1s, encode, vs card 26.5)
 779 OK    science-ocr/chemistry-paper-1/L6: 74.95s -> 71.87s (card 3.1s, encode, vs card 27.9)
 780 OK    science-ocr/chemistry-paper-1/L6: 60.49s -> 57.35s (card 3.1s, copy, vs card 31.4)
 781 OK    science-ocr/chemistry-paper-1/L6: 74.05s -> 71.01s (card 3.1s, copy, vs card 26.3)
 782 OK    science-edexcel/chemistry-paper-1/L4: 76.88s -> 73.8s (card 3.1s, encode, vs card 33.8)
 783 OK    science-edexcel/chemistry-paper-1/L4: 68.85s -> 65.81s (card 3.1s, copy, vs card 27.1)
 784 OK    science-edexcel/chemistry-paper-1/L4: 72.56s -> 69.33s (card 3.1s, copy, vs card 28.4)
 785 OK    science-edexcel/chemistry-paper-1/L4: 65.78s -> 62.67s (card 3.1s, copy, vs card 30.1)
 786 OK    history-ocr/china-people-state-1950-1981/L4: 78.95s -> 75.91s (card 3.1s, copy, vs card 61.8)
 787 OK    engineering-aqa/engineering-systems/L5: 79.9s -> 76.67s (card 3.1s, copy, vs card 13.2)
 788 OK    engineering-aqa/engineering-systems/L5: 68.22s -> 65.18s (card 3.1s, copy, vs card 33.3)
 789 OK    engineering-aqa/engineering-systems/L5: 73.79s -> 70.75s (card 3.1s, copy, vs card 27.1)
 790 OK    engineering-aqa/engineering-systems/L5: 89.26s -> 86.22s (card 3.1s, copy, vs card 16.4)
 791 OK    business-aqa/business-operations/L3: 80.16s -> 77.07s (card 3.1s, encode, vs card 37.5)
 792 OK    business-aqa/business-operations/L3: 58.72s -> 55.64s (card 3.1s, encode, vs card 33.1)
 793 OK    business-aqa/business-operations/L3: 59.72s -> 56.68s (card 3.1s, copy, vs card 34.7)
 794 OK    business-aqa/business-operations/L3: 76.72s -> 73.63s (card 3.1s, encode, vs card 42.8)
 795 OK    computer-science-edexcel/computers/L4: 82.36s -> 79.27s (card 3.1s, encode, vs card 26.8)
 796 OK    computer-science-edexcel/computers/L4: 75.09s -> 72.01s (card 3.1s, encode, vs card 36.4)
 797 OK    computer-science-edexcel/computers/L4: 73.51s -> 70.47s (card 3.1s, copy, vs card 27.3)
 798 OK    computer-science-edexcel/computers/L4: 78.09s -> 75.0s (card 3.1s, encode, vs card 17.8)
 799 OK    astronomy-edexcel/naked-eye-astronomy/L12: 62.76s -> 59.68s (card 3.1s, encode, vs card 24.8)
 800 OK    astronomy-edexcel/naked-eye-astronomy/L12: 68.08s -> 65.04s (card 3.1s, copy, vs card 32.9)
 801 OK    astronomy-edexcel/naked-eye-astronomy/L12: 74.72s -> 71.63s (card 3.1s, encode, vs card 14.8)
 802 OK    astronomy-edexcel/naked-eye-astronomy/L12: 75.46s -> 72.42s (card 3.1s, copy, vs card 31.1)
 803 OK    science-ocr-b/chemistry-paper-1/L7: 65.83s -> 62.67s (card 3.1s, copy, vs card 28.5)
 804 SKIP  science-ocr-b/chemistry-paper-1/L7: no transition at the card boundary (diff 7.6)
 805 OK    science-ocr-b/chemistry-paper-1/L7: 67.73s -> 64.64s (card 3.1s, encode, vs card 26.5)
 806 OK    science-ocr-b/chemistry-paper-1/L7: 69.96s -> 66.92s (card 3.1s, copy, vs card 21.0)
 807 OK    english-literature-aqa/macbeth/L7: 81.01s -> 77.97s (card 3.1s, copy, vs card 27.8)
 808 OK    english-literature-aqa/macbeth/L7: 90.65s -> 87.35s (card 3.1s, copy, vs card 98.0)
 809 OK    english-literature-aqa/macbeth/L7: 79.46s -> 76.42s (card 3.1s, copy, vs card 50.0)
 810 OK    english-literature-aqa/macbeth/L7: 67.96s -> 64.92s (card 3.1s, copy, vs card 183.7)
 811 OK    statistics-aqa/interpreting-results-sec/L2: 52.13s -> 49.09s (card 3.1s, copy, vs card 27.0)
 812 OK    statistics-aqa/interpreting-results-sec/L2: 69.27s -> 66.01s (card 3.1s, copy, vs card 16.1)
 813 OK    statistics-aqa/interpreting-results-sec/L2: 57.86s -> 54.82s (card 3.1s, copy, vs card 26.9)
 814 OK    statistics-aqa/interpreting-results-sec/L2: 53.52s -> 50.43s (card 3.1s, encode, vs card 27.1)
 815 OK    history-eduqas/conflict-upheaval-england-1337-1381/L6: 73.12s -> 70.03s (card 3.1s, encode, vs card 75.2)
 816 OK    history-eduqas/conflict-upheaval-england-1337-1381/L6: 80.46s -> 77.37s (card 3.1s, encode, vs card 25.4)
 817 OK    history-eduqas/conflict-upheaval-england-1337-1381/L6: 81.01s -> 77.97s (card 3.1s, copy, vs card 76.5)
 818 OK    history-eduqas/conflict-upheaval-england-1337-1381/L6: 83.92s -> 80.88s (card 3.1s, copy, vs card 28.7)
 819 OK    separate-sciences-ocr-b/biology-human-body/L4: 64.23s -> 61.14s (card 3.1s, encode, vs card 24.1)
 820 OK    separate-sciences-ocr-b/biology-human-body/L4: 68.89s -> 65.85s (card 3.1s, copy, vs card 23.2)
 821 OK    business-ocr/business-activity-marketing-people/L1: 76.86s -> 73.77s (card 3.1s, encode, vs card 27.4)
 822 OK    business-ocr/business-activity-marketing-people/L1: 65.67s -> 62.6s (card 3.1s, copy, vs card 37.1)
 823 OK    health-social-care-edexcel/health-and-wellbeing/L1: 79.9s -> 76.67s (card 3.1s, copy, vs card 30.5)
 824 OK    health-social-care-edexcel/health-and-wellbeing/L1: 61.35s -> 58.31s (card 3.1s, copy, vs card 13.4)
 825 OK    health-social-care-edexcel/health-and-wellbeing/L1: 81.15s -> 78.11s (card 3.1s, copy, vs card 22.2)
 826 OK    health-social-care-edexcel/health-and-wellbeing/L1: 67.06s -> 64.02s (card 3.1s, copy, vs card 27.2)
 827 OK    physical-education-edexcel/fitness-and-body-systems/L1: 79.23s -> 76.18s (card 3.1s, copy, vs card 44.5)
 828 OK    physical-education-edexcel/fitness-and-body-systems/L1: 73.03s -> 69.94s (card 3.1s, encode, vs card 47.1)
 829 OK    physical-education-edexcel/fitness-and-body-systems/L1: 58.12s -> 55.08s (card 3.1s, copy, vs card 22.4)
 830 OK    physical-education-edexcel/fitness-and-body-systems/L1: 76.3s -> 73.24s (card 3.1s, copy, vs card 44.9)
 831 OK    music-eduqas/aos4-popular-music/L2: 66.08s -> 63.0s (card 3.1s, encode, vs card 17.4)
 832 OK    music-eduqas/aos4-popular-music/L2: 80.99s -> 77.95s (card 3.1s, copy, vs card 49.1)
 833 OK    music-eduqas/aos4-popular-music/L2: 62.86s -> 59.81s (card 3.1s, copy, vs card 52.3)
 834 OK    music-eduqas/aos4-popular-music/L2: 54.52s -> 51.48s (card 3.1s, copy, vs card 77.3)
 835 OK    music-ocr/aos4-film-music/L4: 71.87s -> 68.78s (card 3.1s, encode, vs card 25.0)
 836 OK    music-ocr/aos4-film-music/L4: 73.1s -> 70.01s (card 3.1s, encode, vs card 24.1)
 837 OK    music-ocr/aos4-film-music/L4: 64.46s -> 61.37s (card 3.1s, encode, vs card 179.4)
 838 OK    music-ocr/aos4-film-music/L4: 76.42s -> 73.35s (card 3.1s, copy, vs card 29.4)
 839 OK    history-edexcel/crime-punishment-whitechapel/L12: 74.88s -> 71.8s (card 3.1s, encode, vs card 131.7)
 840 OK    history-edexcel/crime-punishment-whitechapel/L12: 72.56s -> 69.33s (card 3.1s, copy, vs card 35.1)
 841 OK    history-edexcel/crime-punishment-whitechapel/L12: 78.07s -> 74.98s (card 3.1s, encode, vs card 73.4)
 842 OK    history-edexcel/crime-punishment-whitechapel/L12: 79.69s -> 76.65s (card 3.1s, copy, vs card 42.7)
 843 OK    separate-sciences/physics-paper-2/L8: 72.42s -> 69.33s (card 3.1s, copy, vs card 20.6)
 844 OK    separate-sciences/physics-paper-2/L8: 81.2s -> 78.14s (card 3.1s, copy, vs card 20.9)
 845 OK    separate-sciences/physics-paper-2/L8: 68.36s -> 65.32s (card 3.1s, copy, vs card 20.6)
 846 OK    separate-sciences/physics-paper-2/L8: 65.06s -> 62.02s (card 3.1s, copy, vs card 14.2)
 847 OK    psychology-edexcel/research-methods/L3: 75.26s -> 72.21s (card 3.1s, copy, vs card 28.2)
 848 OK    psychology-edexcel/research-methods/L3: 74.79s -> 71.7s (card 3.1s, encode, vs card 29.2)
 849 OK    psychology-edexcel/research-methods/L3: 80.67s -> 77.6s (card 3.1s, copy, vs card 27.4)
 850 OK    psychology-edexcel/research-methods/L3: 68.57s -> 65.5s (card 3.1s, copy, vs card 26.2)
 851 OK    music-edexcel/aos3-stage-and-screen/L2: 68.92s -> 65.88s (card 3.1s, copy, vs card 25.9)
 852 OK    music-edexcel/aos3-stage-and-screen/L2: 61.49s -> 58.44s (card 3.1s, copy, vs card 77.8)
 853 OK    music-edexcel/aos3-stage-and-screen/L2: 61.07s -> 58.0s (card 3.1s, encode, vs card 30.6)
 854 OK    separate-sciences-ocr/physics-paper-2/L3: 64.53s -> 61.44s (card 3.1s, encode, vs card 9.3)
 855 OK    separate-sciences-ocr/physics-paper-2/L3: 74.65s -> 71.35s (card 3.1s, copy, vs card 15.4)
 856 OK    separate-sciences-ocr/physics-paper-2/L3: 62.55s -> 59.51s (card 3.1s, copy, vs card 107.5)
 857 OK    drama-aqa/around-the-world-80-days/L3: 77.48s -> 74.44s (card 3.1s, copy, vs card 53.8)
 858 OK    drama-aqa/around-the-world-80-days/L3: 76.88s -> 73.8s (card 3.1s, encode, vs card 33.3)
 859 OK    drama-aqa/around-the-world-80-days/L3: 86.63s -> 83.57s (card 3.1s, copy, vs card 31.4)
 860 OK    drama-aqa/around-the-world-80-days/L3: 65.74s -> 62.67s (card 3.1s, copy, vs card 53.3)
 861 OK    film-studies-eduqas/global-and-uk-film/L9: 87.96s -> 84.92s (card 3.1s, copy, vs card 26.0)
 862 OK    film-studies-eduqas/global-and-uk-film/L9: 83.85s -> 80.77s (card 3.1s, encode, vs card 33.8)
 863 OK    film-studies-eduqas/global-and-uk-film/L9: 77.95s -> 74.68s (card 3.1s, copy, vs card 43.7)
 864 OK    film-studies-eduqas/global-and-uk-film/L9: 89.12s -> 86.03s (card 3.1s, encode, vs card 29.5)
 865 OK    science-aqa/chemistry-paper-1/L6: 75.33s -> 72.28s (card 3.1s, copy, vs card 29.9)
 866 OK    science-aqa/chemistry-paper-1/L6: 74.72s -> 71.63s (card 3.1s, encode, vs card 31.4)
 867 OK    separate-sciences-edexcel/chemistry-paper-1/L8: 72.59s -> 69.33s (card 3.1s, copy, vs card 33.3)
 868 OK    separate-sciences-edexcel/chemistry-paper-1/L8: 81.97s -> 78.67s (card 3.1s, copy, vs card 34.0)
 869 OK    separate-sciences-edexcel/chemistry-paper-1/L8: 77.18s -> 74.1s (card 3.1s, encode, vs card 22.7)
 870 OK    separate-sciences-edexcel/chemistry-paper-1/L8: 68.73s -> 65.69s (card 3.1s, copy, vs card 38.0)
 871 OK    english-literature-edexcel/much-ado-about-nothing/L5: 78.79s -> 75.74s (card 3.1s, copy, vs card 15.9)
 872 OK    english-literature-edexcel/much-ado-about-nothing/L5: 80.25s -> 77.17s (card 3.1s, encode, vs card 34.0)
 873 OK    english-literature-edexcel/much-ado-about-nothing/L5: 72.33s -> 69.29s (card 3.1s, copy, vs card 11.8)
 874 OK    english-literature-edexcel/much-ado-about-nothing/L5: 77.62s -> 74.58s (card 3.1s, copy, vs card 60.7)
 875 OK    science-ocr/chemistry-paper-1/L7: 68.75s -> 65.71s (card 3.1s, copy, vs card 27.4)
 876 OK    science-ocr/chemistry-paper-1/L7: 78.67s -> 75.6s (card 3.1s, copy, vs card 26.5)
 877 OK    science-ocr/chemistry-paper-1/L7: 70.59s -> 67.55s (card 3.1s, copy, vs card 26.4)
 878 OK    science-ocr/chemistry-paper-1/L7: 66.36s -> 63.27s (card 3.1s, encode, vs card 19.1)
 879 OK    science-edexcel/chemistry-paper-1/L5: 75.05s -> 71.97s (card 3.1s, encode, vs card 25.3)
 880 OK    science-edexcel/chemistry-paper-1/L5: 69.61s -> 66.53s (card 3.1s, encode, vs card 26.5)
 881 OK    science-edexcel/chemistry-paper-1/L5: 63.0s -> 59.95s (card 3.1s, copy, vs card 31.1)
 882 OK    science-edexcel/chemistry-paper-1/L5: 77.95s -> 74.68s (card 3.1s, copy, vs card 14.5)
 883 OK    history-ocr/china-people-state-1950-1981/L5: 80.36s -> 77.28s (card 3.1s, encode, vs card 9.8)
 884 OK    history-ocr/china-people-state-1950-1981/L5: 73.93s -> 70.87s (card 3.1s, copy, vs card 12.5)
 885 OK    history-ocr/china-people-state-1950-1981/L5: 79.06s -> 76.02s (card 3.1s, copy, vs card 39.3)
 886 OK    engineering-aqa/engineering-systems/L6: 61.49s -> 58.44s (card 3.1s, copy, vs card 30.4)
 887 OK    engineering-aqa/engineering-systems/L6: 75.05s -> 71.97s (card 3.1s, encode, vs card 20.0)
 888 OK    engineering-aqa/engineering-systems/L6: 75.77s -> 72.7s (card 3.1s, copy, vs card 31.6)
 889 OK    engineering-aqa/engineering-systems/L6: 86.52s -> 83.48s (card 3.1s, copy, vs card 16.7)
 890 OK    business-aqa/business-operations/L4: 68.92s -> 65.88s (card 3.1s, copy, vs card 29.0)
 891 OK    business-aqa/business-operations/L4: 60.35s -> 57.31s (card 3.1s, copy, vs card 31.4)
 892 OK    business-aqa/business-operations/L4: 79.83s -> 76.67s (card 3.1s, copy, vs card 12.1)
 893 OK    computer-science-edexcel/networks/L1: 66.78s -> 63.74s (card 3.1s, copy, vs card 42.3)
 894 OK    computer-science-edexcel/networks/L1: 70.68s -> 67.64s (card 3.1s, copy, vs card 27.7)
 895 OK    computer-science-edexcel/networks/L1: 70.29s -> 67.24s (card 3.1s, copy, vs card 31.9)
 896 OK    computer-science-edexcel/networks/L1: 70.82s -> 67.78s (card 3.1s, copy, vs card 28.8)
 897 OK    astronomy-edexcel/telescopic-astronomy/L1: 66.92s -> 63.88s (card 3.1s, copy, vs card 53.5)
 898 OK    astronomy-edexcel/telescopic-astronomy/L1: 77.69s -> 74.68s (card 3.1s, copy, vs card 25.7)
 899 OK    astronomy-edexcel/telescopic-astronomy/L1: 66.85s -> 63.77s (card 3.1s, encode, vs card 61.0)
 900 OK    astronomy-edexcel/telescopic-astronomy/L1: 79.6s -> 76.56s (card 3.1s, copy, vs card 97.2)
 901 OK    science-ocr-b/chemistry-paper-1/L8: 65.85s -> 62.67s (card 3.1s, copy, vs card 26.3)
 902 OK    science-ocr-b/chemistry-paper-1/L8: 72.1s -> 69.06s (card 3.1s, copy, vs card 14.6)
 903 OK    science-ocr-b/chemistry-paper-1/L8: 62.93s -> 59.88s (card 3.1s, copy, vs card 15.8)
 904 OK    science-ocr-b/chemistry-paper-1/L8: 56.89s -> 53.8s (card 3.1s, encode, vs card 28.3)
 905 OK    english-literature-aqa/macbeth/L8: 83.06s -> 80.02s (card 3.1s, copy, vs card 25.7)
 906 OK    english-literature-aqa/macbeth/L8: 73.28s -> 70.24s (card 3.1s, copy, vs card 25.6)
 907 OK    english-literature-aqa/macbeth/L8: 79.3s -> 76.25s (card 3.1s, copy, vs card 65.3)
 908 OK    english-literature-aqa/macbeth/L8: 74.4s -> 71.35s (card 3.1s, copy, vs card 26.0)
 909 OK    statistics-aqa/interpreting-results-sec/L3: 50.97s -> 47.9s (card 3.1s, copy, vs card 26.9)
 910 OK    statistics-aqa/interpreting-results-sec/L3: 68.8s -> 65.74s (card 3.1s, copy, vs card 31.0)
 911 OK    statistics-aqa/interpreting-results-sec/L3: 56.56s -> 53.34s (card 3.1s, copy, vs card 26.7)
 912 OK    statistics-aqa/interpreting-results-sec/L3: 59.63s -> 56.59s (card 3.1s, copy, vs card 27.6)
 913 OK    history-eduqas/conflict-upheaval-england-1337-1381/L7: 77.23s -> 74.19s (card 3.1s, copy, vs card 28.6)
 914 OK    history-eduqas/conflict-upheaval-england-1337-1381/L7: 80.22s -> 77.14s (card 3.1s, encode, vs card 41.4)
 915 OK    history-eduqas/conflict-upheaval-england-1337-1381/L7: 69.52s -> 66.43s (card 3.1s, encode, vs card 27.9)
 916 OK    history-eduqas/conflict-upheaval-england-1337-1381/L7: 86.98s -> 83.94s (card 3.1s, copy, vs card 43.3)
 917 OK    psychology-aqa/memory/L4: 72.72s -> 69.64s (card 3.1s, encode, vs card 30.5)
 918 OK    psychology-aqa/memory/L4: 62.11s -> 59.03s (card 3.1s, encode, vs card 34.4)
 919 OK    psychology-aqa/memory/L4: 63.3s -> 60.26s (card 3.1s, copy, vs card 71.6)
 920 OK    business-edexcel/investigating-small-business/L4: 62.11s -> 59.03s (card 3.1s, encode, vs card 30.7)
 921 OK    business-edexcel/investigating-small-business/L4: 68.92s -> 65.88s (card 3.1s, copy, vs card 30.3)
 922 OK    business-edexcel/investigating-small-business/L4: 80.67s -> 77.6s (card 3.1s, copy, vs card 28.5)
 923 OK    separate-sciences-ocr-b/biology-human-body/L5: 77.86s -> 74.68s (card 3.1s, copy, vs card 40.9)
 924 OK    separate-sciences-ocr-b/biology-human-body/L5: 69.68s -> 66.6s (card 3.1s, encode, vs card 39.7)
 925 OK    music-eduqas/aos4-popular-music/L3: 75.23s -> 72.17s (card 3.1s, copy, vs card 48.2)
 926 OK    music-eduqas/aos4-popular-music/L3: 70.87s -> 67.8s (card 3.1s, copy, vs card 27.0)
 927 OK    music-eduqas/aos4-popular-music/L3: 83.38s -> 80.3s (card 3.1s, encode, vs card 31.4)
 928 OK    music-eduqas/aos4-popular-music/L3: 70.57s -> 67.5s (card 3.1s, copy, vs card 32.6)
 929 OK    music-ocr/aos5-conventions-of-pop/L1: 78.53s -> 75.44s (card 3.1s, encode, vs card 37.0)
 930 OK    music-ocr/aos5-conventions-of-pop/L1: 79.85s -> 76.67s (card 3.1s, copy, vs card 27.5)
 931 OK    music-ocr/aos5-conventions-of-pop/L1: 68.73s -> 65.69s (card 3.1s, copy, vs card 26.5)
 932 OK    music-ocr/aos5-conventions-of-pop/L1: 69.75s -> 66.67s (card 3.1s, encode, vs card 37.3)
 933 OK    history-edexcel/crime-punishment-whitechapel/L13: 73.24s -> 70.17s (card 3.1s, copy, vs card 10.5)
 934 OK    history-edexcel/crime-punishment-whitechapel/L13: 74.19s -> 71.15s (card 3.1s, copy, vs card 33.7)
 935 OK    history-edexcel/crime-punishment-whitechapel/L13: 79.85s -> 76.67s (card 3.1s, copy, vs card 146.2)
 936 OK    history-edexcel/crime-punishment-whitechapel/L13: 84.75s -> 81.71s (card 3.1s, copy, vs card 24.7)
 937 OK    psychology-edexcel/research-methods/L4: 68.38s -> 65.34s (card 3.1s, copy, vs card 29.5)
 938 OK    psychology-edexcel/research-methods/L4: 81.92s -> 78.67s (card 3.1s, copy, vs card 19.5)
 939 OK    psychology-edexcel/research-methods/L4: 68.43s -> 65.39s (card 3.1s, copy, vs card 26.9)
 940 OK    psychology-edexcel/research-methods/L4: 74.95s -> 71.87s (card 3.1s, encode, vs card 25.8)
 941 OK    music-edexcel/aos3-stage-and-screen/L2: 81.01s -> 77.97s (card 3.1s, copy, vs card 36.6)
 942 OK    separate-sciences-ocr/physics-paper-2/L4: 73.51s -> 70.47s (card 3.1s, copy, vs card 8.9)
 943 OK    separate-sciences-ocr/physics-paper-2/L4: 77.72s -> 74.68s (card 3.1s, copy, vs card 61.5)
 944 OK    separate-sciences-ocr/physics-paper-2/L4: 82.2s -> 79.11s (card 3.1s, encode, vs card 30.2)
 945 OK    separate-sciences-ocr/physics-paper-2/L4: 70.82s -> 67.78s (card 3.1s, copy, vs card 21.6)
 946 OK    drama-aqa/around-the-world-80-days/L4: 89.33s -> 86.29s (card 3.1s, copy, vs card 15.1)
 947 OK    drama-aqa/around-the-world-80-days/L4: 82.29s -> 79.2s (card 3.1s, encode, vs card 28.8)
 948 OK    drama-aqa/around-the-world-80-days/L4: 74.56s -> 71.35s (card 3.1s, copy, vs card 25.0)
 949 OK    drama-aqa/around-the-world-80-days/L4: 74.12s -> 71.08s (card 3.1s, copy, vs card 24.7)
 950 OK    film-studies-eduqas/global-and-uk-film/L10: 62.95s -> 59.91s (card 3.1s, copy, vs card 32.7)
 951 OK    film-studies-eduqas/global-and-uk-film/L10: 76.65s -> 73.35s (card 3.1s, copy, vs card 21.8)
 952 OK    science-aqa/chemistry-paper-1/L7: 63.09s -> 60.05s (card 3.1s, copy, vs card 39.6)
 953 OK    science-aqa/chemistry-paper-1/L7: 70.8s -> 67.76s (card 3.1s, copy, vs card 25.6)
 954 OK    separate-sciences-edexcel/chemistry-paper-1/L9: 74.33s -> 71.29s (card 3.1s, copy, vs card 28.5)
 955 OK    separate-sciences-edexcel/chemistry-paper-1/L9: 74.03s -> 70.98s (card 3.1s, copy, vs card 31.5)
 956 OK    separate-sciences-edexcel/chemistry-paper-1/L9: 80.39s -> 77.3s (card 3.1s, encode, vs card 26.5)
 957 OK    english-literature-edexcel/much-ado-about-nothing/L6: 52.55s -> 49.5s (card 3.1s, copy, vs card 27.2)
 958 OK    english-literature-edexcel/much-ado-about-nothing/L6: 80.69s -> 77.65s (card 3.1s, copy, vs card 24.9)
 959 OK    english-literature-edexcel/much-ado-about-nothing/L6: 87.4s -> 84.31s (card 3.1s, encode, vs card 36.6)
 960 OK    english-literature-edexcel/much-ado-about-nothing/L6: 68.73s -> 65.69s (card 3.1s, copy, vs card 27.1)
 961 OK    science-ocr/chemistry-paper-1/L8: 65.22s -> 62.18s (card 3.1s, copy, vs card 31.6)
 962 OK    science-ocr/chemistry-paper-1/L8: 74.88s -> 71.8s (card 3.1s, encode, vs card 26.6)
 963 OK    science-ocr/chemistry-paper-1/L8: 76.46s -> 73.35s (card 3.1s, copy, vs card 13.7)
 964 OK    science-ocr/chemistry-paper-1/L8: 74.79s -> 71.7s (card 3.1s, encode, vs card 21.6)
 965 OK    science-edexcel/chemistry-paper-1/L6: 65.48s -> 62.44s (card 3.1s, copy, vs card 12.2)
 966 OK    science-edexcel/chemistry-paper-1/L6: 65.36s -> 62.32s (card 3.1s, copy, vs card 10.0)
 967 OK    science-edexcel/chemistry-paper-1/L6: 70.05s -> 67.01s (card 3.1s, copy, vs card 16.0)
 968 OK    science-edexcel/chemistry-paper-1/L6: 61.09s -> 58.0s (card 3.1s, encode, vs card 16.9)
 969 OK    history-ocr/china-people-state-1950-1981/L5: 81.55s -> 78.51s (card 3.1s, copy, vs card 11.2)
 970 OK    engineering-aqa/engineering-systems/L7: 71.94s -> 68.87s (card 3.1s, copy, vs card 13.7)
 971 OK    engineering-aqa/engineering-systems/L7: 61.35s -> 58.31s (card 3.1s, copy, vs card 30.9)
 972 OK    engineering-aqa/engineering-systems/L7: 65.55s -> 62.51s (card 3.1s, copy, vs card 21.3)
 973 OK    engineering-aqa/engineering-systems/L7: 72.56s -> 69.33s (card 3.1s, copy, vs card 13.8)
 974 OK    business-aqa/business-operations/L4: 80.85s -> 77.81s (card 3.1s, copy, vs card 27.3)
 975 OK    computer-science-edexcel/networks/L2: 76.0s -> 72.93s (card 3.1s, copy, vs card 31.6)
 976 OK    computer-science-edexcel/networks/L2: 69.89s -> 66.85s (card 3.1s, copy, vs card 27.3)
 977 OK    computer-science-edexcel/networks/L2: 81.66s -> 78.62s (card 3.1s, copy, vs card 29.2)
 978 OK    astronomy-edexcel/telescopic-astronomy/L2: 75.26s -> 72.21s (card 3.1s, copy, vs card 12.2)
 979 OK    astronomy-edexcel/telescopic-astronomy/L2: 81.43s -> 78.37s (card 3.1s, copy, vs card 15.9)
 980 OK    astronomy-edexcel/telescopic-astronomy/L2: 66.53s -> 63.44s (card 3.1s, encode, vs card 14.1)
 981 OK    astronomy-edexcel/telescopic-astronomy/L2: 73.4s -> 70.36s (card 3.1s, copy, vs card 88.2)
 982 OK    science-ocr-b/chemistry-paper-2/L1: 75.58s -> 72.54s (card 3.1s, copy, vs card 31.7)
 983 OK    science-ocr-b/chemistry-paper-2/L1: 76.65s -> 73.35s (card 3.1s, copy, vs card 18.9)
 984 OK    science-ocr-b/chemistry-paper-2/L1: 75.46s -> 72.42s (card 3.1s, copy, vs card 16.2)
 985 OK    science-ocr-b/chemistry-paper-2/L1: 69.75s -> 66.67s (card 3.1s, encode, vs card 17.2)
 986 OK    english-literature-aqa/macbeth/L9: 71.49s -> 68.41s (card 3.1s, encode, vs card 9.5)
 987 OK    english-literature-aqa/macbeth/L9: 70.19s -> 67.15s (card 3.1s, copy, vs card 27.2)
 988 OK    english-literature-aqa/macbeth/L9: 83.22s -> 80.02s (card 3.1s, copy, vs card 145.6)
 989 OK    english-literature-aqa/macbeth/L9: 72.17s -> 69.1s (card 3.1s, copy, vs card 31.6)
 990 OK    statistics-aqa/interpreting-results-sec/L4: 72.66s -> 69.33s (card 3.1s, copy, vs card 27.8)
 991 OK    statistics-aqa/interpreting-results-sec/L4: 64.62s -> 61.58s (card 3.1s, copy, vs card 28.2)
 992 OK    statistics-aqa/interpreting-results-sec/L4: 72.47s -> 69.33s (card 3.1s, copy, vs card 27.0)
 993 OK    statistics-aqa/interpreting-results-sec/L4: 28.4s -> 25.36s (card 3.1s, copy, vs card 30.0)
 994 OK    history-eduqas/conflict-upheaval-england-1337-1381/L8: 61.3s -> 58.24s (card 3.1s, copy, vs card 28.1)
 995 OK    history-eduqas/conflict-upheaval-england-1337-1381/L8: 66.85s -> 63.81s (card 3.1s, copy, vs card 26.5)
 996 OK    history-eduqas/conflict-upheaval-england-1337-1381/L8: 79.06s -> 76.02s (card 3.1s, copy, vs card 37.6)
 997 OK    history-eduqas/conflict-upheaval-england-1337-1381/L8: 70.64s -> 67.57s (card 3.1s, copy, vs card 26.2)
 998 OK    psychology-aqa/memory/L4: 74.72s -> 71.63s (card 3.1s, encode, vs card 28.5)
 999 OK    business-edexcel/investigating-small-business/L5: 76.18s -> 73.14s (card 3.1s, copy, vs card 35.8)
1000 OK    business-edexcel/investigating-small-business/L5: 60.46s -> 57.35s (card 3.1s, copy, vs card 32.2)
1001 OK    business-edexcel/investigating-small-business/L5: 73.33s -> 70.29s (card 3.1s, copy, vs card 24.7)
1002 OK    business-edexcel/investigating-small-business/L5: 71.82s -> 68.73s (card 3.1s, encode, vs card 29.0)
1003 OK    separate-sciences-ocr-b/biology-human-body/L5: 68.03s -> 64.97s (card 3.1s, copy, vs card 17.8)
1004 OK    separate-sciences-ocr-b/biology-human-body/L5: 70.89s -> 67.85s (card 3.1s, copy, vs card 28.2)
1005 OK    business-ocr/business-activity-marketing-people/L2: 65.46s -> 62.42s (card 3.1s, copy, vs card 28.4)
1006 OK    business-ocr/business-activity-marketing-people/L2: 56.26s -> 53.22s (card 3.1s, copy, vs card 24.6)
1007 OK    business-ocr/business-activity-marketing-people/L2: 75.72s -> 72.68s (card 3.1s, copy, vs card 159.0)
1008 OK    business-ocr/business-activity-marketing-people/L2: 73.24s -> 70.17s (card 3.1s, copy, vs card 27.7)
1009 OK    health-social-care-edexcel/health-and-wellbeing/L2: 71.8s -> 68.71s (card 3.1s, encode, vs card 28.5)
1010 OK    health-social-care-edexcel/health-and-wellbeing/L2: 75.7s -> 72.66s (card 3.1s, copy, vs card 28.1)
1011 OK    health-social-care-edexcel/health-and-wellbeing/L2: 71.66s -> 68.57s (card 3.1s, encode, vs card 46.9)
1012 OK    religious-studies-aqa/christianity-beliefs/L1: 80.09s -> 77.0s (card 3.1s, encode, vs card 45.2)
1013 OK    religious-studies-aqa/christianity-beliefs/L1: 65.92s -> 62.67s (card 3.1s, copy, vs card 24.6)
1014 OK    religious-studies-aqa/christianity-beliefs/L1: 69.8s -> 66.71s (card 3.1s, encode, vs card 33.5)
1015 OK    religious-studies-aqa/christianity-beliefs/L1: 70.82s -> 67.78s (card 3.1s, copy, vs card 28.0)
1016 OK    music-eduqas/aos4-popular-music/L4: 71.73s -> 68.64s (card 3.1s, encode, vs card 42.6)
1017 OK    music-eduqas/aos4-popular-music/L4: 67.15s -> 64.02s (card 3.1s, copy, vs card 24.3)
1018 OK    music-eduqas/aos4-popular-music/L4: 62.76s -> 59.72s (card 3.1s, copy, vs card 41.0)
1019 OK    music-eduqas/aos4-popular-music/L4: 72.33s -> 69.24s (card 3.1s, encode, vs card 65.4)
1020 OK    music-ocr/aos5-conventions-of-pop/L2: 80.6s -> 77.55s (card 3.1s, copy, vs card 26.2)
1021 OK    music-ocr/aos5-conventions-of-pop/L2: 75.81s -> 72.77s (card 3.1s, copy, vs card 27.4)
1022 OK    music-ocr/aos5-conventions-of-pop/L2: 68.52s -> 65.48s (card 3.1s, copy, vs card 31.2)
1023 OK    music-ocr/aos5-conventions-of-pop/L2: 64.25s -> 61.17s (card 3.1s, encode, vs card 64.8)
1024 OK    history-edexcel/crime-punishment-whitechapel/L14: 83.59s -> 80.5s (card 3.1s, encode, vs card 29.7)
1025 OK    history-edexcel/crime-punishment-whitechapel/L14: 69.96s -> 66.92s (card 3.1s, copy, vs card 24.9)
1026 OK    history-edexcel/crime-punishment-whitechapel/L14: 74.86s -> 71.77s (card 3.1s, encode, vs card 28.4)
1027 OK    history-edexcel/crime-punishment-whitechapel/L14: 77.42s -> 74.37s (card 3.1s, copy, vs card 33.6)
1028 OK    psychology-edexcel/research-methods/L5: 54.36s -> 51.32s (card 3.1s, copy, vs card 33.0)
1029 OK    psychology-edexcel/research-methods/L5: 63.95s -> 60.67s (card 3.1s, copy, vs card 11.1)
1030 OK    psychology-edexcel/research-methods/L5: 73.89s -> 70.84s (card 3.1s, copy, vs card 26.7)
1031 OK    psychology-edexcel/research-methods/L5: 62.62s -> 59.58s (card 3.1s, copy, vs card 28.3)
1032 OK    music-edexcel/aos3-stage-and-screen/L3: 82.29s -> 79.2s (card 3.1s, encode, vs card 33.3)
1033 OK    music-edexcel/aos3-stage-and-screen/L3: 63.62s -> 60.58s (card 3.1s, copy, vs card 37.4)
1034 OK    music-edexcel/aos3-stage-and-screen/L3: 73.24s -> 70.17s (card 3.1s, copy, vs card 26.0)
1035 OK    music-edexcel/aos3-stage-and-screen/L3: 69.98s -> 66.94s (card 3.1s, copy, vs card 33.9)
1036 OK    separate-sciences-ocr/physics-paper-2/L5: 89.77s -> 86.7s (card 3.1s, copy, vs card 50.4)
1037 OK    separate-sciences-ocr/physics-paper-2/L5: 78.62s -> 75.58s (card 3.1s, copy, vs card 87.2)
1038 OK    separate-sciences-ocr/physics-paper-2/L5: 65.83s -> 62.67s (card 3.1s, copy, vs card 14.9)
1039 OK    separate-sciences-ocr/physics-paper-2/L5: 87.86s -> 84.78s (card 3.1s, encode, vs card 32.4)
1040 OK    drama-aqa/around-the-world-80-days/L5: 68.15s -> 65.11s (card 3.1s, copy, vs card 27.1)
1041 OK    drama-aqa/around-the-world-80-days/L5: 66.29s -> 63.2s (card 3.1s, encode, vs card 41.3)
1042 OK    drama-aqa/around-the-world-80-days/L5: 80.29s -> 77.21s (card 3.1s, encode, vs card 9.8)
1043 OK    drama-aqa/around-the-world-80-days/L5: 70.1s -> 67.04s (card 3.1s, copy, vs card 26.0)
1044 OK    film-studies-eduqas/global-and-uk-film/L10: 70.89s -> 67.85s (card 3.1s, copy, vs card 10.3)
1045 OK    science-aqa/chemistry-paper-1/L8: 65.62s -> 62.58s (card 3.1s, copy, vs card 17.0)
1046 OK    science-aqa/chemistry-paper-1/L8: 74.35s -> 71.31s (card 3.1s, copy, vs card 34.4)
1047 OK    science-aqa/chemistry-paper-1/L8: 72.82s -> 69.73s (card 3.1s, encode, vs card 38.3)
1048 OK    separate-sciences-edexcel/chemistry-paper-1/L9: 78.18s -> 75.1s (card 3.1s, encode, vs card 33.5)
1049 OK    english-literature-edexcel/much-ado-about-nothing/L7: 78.41s -> 75.33s (card 3.1s, encode, vs card 161.2)
1050 OK    english-literature-edexcel/much-ado-about-nothing/L7: 84.36s -> 81.32s (card 3.1s, copy, vs card 28.0)
1051 OK    english-literature-edexcel/much-ado-about-nothing/L7: 76.18s -> 73.14s (card 3.1s, copy, vs card 29.4)
1052 OK    english-literature-edexcel/much-ado-about-nothing/L7: 80.09s -> 77.0s (card 3.1s, encode, vs card 27.5)
1053 OK    science-ocr/chemistry-paper-2/L1: 74.05s -> 71.01s (card 3.1s, copy, vs card 26.0)
1054 OK    science-ocr/chemistry-paper-2/L1: 78.02s -> 74.93s (card 3.1s, encode, vs card 37.9)
1055 OK    science-ocr/chemistry-paper-2/L1: 72.4s -> 69.33s (card 3.1s, copy, vs card 26.4)
1056 OK    science-ocr/chemistry-paper-2/L1: 67.9s -> 64.85s (card 3.1s, copy, vs card 30.0)
1057 OK    science-edexcel/chemistry-paper-1/L7: 56.73s -> 53.64s (card 3.1s, encode, vs card 29.2)
1058 OK    science-edexcel/chemistry-paper-1/L7: 73.63s -> 70.59s (card 3.1s, copy, vs card 27.7)
1059 OK    science-edexcel/chemistry-paper-1/L7: 56.4s -> 53.34s (card 3.1s, copy, vs card 36.9)
1060 OK    science-edexcel/chemistry-paper-1/L7: 63.67s -> 60.6s (card 3.1s, copy, vs card 28.6)
1061 OK    history-ocr/china-people-state-1950-1981/L6: 85.45s -> 82.37s (card 3.1s, encode, vs card 15.9)
1062 OK    history-ocr/china-people-state-1950-1981/L6: 85.57s -> 82.48s (card 3.1s, encode, vs card 26.7)
1063 OK    history-ocr/china-people-state-1950-1981/L6: 71.82s -> 68.73s (card 3.1s, encode, vs card 11.7)
1064 OK    engineering-aqa/testing-drawing-and-the-engineering-industry/L1: 71.87s -> 68.78s (card 3.1s, encode, vs card 26.6)
1065 OK    engineering-aqa/testing-drawing-and-the-engineering-industry/L1: 65.83s -> 62.67s (card 3.1s, copy, vs card 28.4)
1066 OK    engineering-aqa/testing-drawing-and-the-engineering-industry/L1: 72.59s -> 69.33s (card 3.1s, copy, vs card 20.7)
1067 OK    engineering-aqa/testing-drawing-and-the-engineering-industry/L1: 68.75s -> 65.71s (card 3.1s, copy, vs card 17.1)
1068 OK    business-aqa/human-resources/L1: 82.85s -> 79.81s (card 3.1s, copy, vs card 26.5)
1069 OK    business-aqa/human-resources/L1: 64.9s -> 61.83s (card 3.1s, copy, vs card 25.3)
1070 OK    business-aqa/human-resources/L1: 72.1s -> 69.06s (card 3.1s, copy, vs card 27.5)
1071 OK    business-aqa/human-resources/L1: 73.86s -> 70.82s (card 3.1s, copy, vs card 72.5)
1072 OK    computer-science-edexcel/networks/L3: 78.41s -> 75.33s (card 3.1s, encode, vs card 33.5)
1073 OK    computer-science-edexcel/networks/L3: 68.38s -> 65.34s (card 3.1s, copy, vs card 16.6)
1074 OK    computer-science-edexcel/networks/L3: 76.49s -> 73.35s (card 3.1s, copy, vs card 13.6)
1075 OK    computer-science-edexcel/networks/L3: 70.87s -> 67.8s (card 3.1s, copy, vs card 11.5)
1076 OK    astronomy-edexcel/telescopic-astronomy/L3: 73.35s -> 70.31s (card 3.1s, copy, vs card 19.6)
1077 OK    astronomy-edexcel/telescopic-astronomy/L3: 85.96s -> 82.92s (card 3.1s, copy, vs card 16.7)
1078 OK    astronomy-edexcel/telescopic-astronomy/L3: 82.99s -> 79.95s (card 3.1s, copy, vs card 33.4)
1079 OK    astronomy-edexcel/telescopic-astronomy/L3: 69.5s -> 66.41s (card 3.1s, encode, vs card 34.4)
1080 OK    science-ocr-b/chemistry-paper-2/L2: 56.87s -> 53.78s (card 3.1s, encode, vs card 14.2)
1081 OK    science-ocr-b/chemistry-paper-2/L2: 59.49s -> 56.45s (card 3.1s, copy, vs card 21.0)
1082 OK    science-ocr-b/chemistry-paper-2/L2: 66.13s -> 63.04s (card 3.1s, encode, vs card 28.2)
1083 OK    science-ocr-b/chemistry-paper-2/L2: 76.39s -> 73.35s (card 3.1s, copy, vs card 31.5)
1084 OK    english-literature-aqa/macbeth/L10: 74.77s -> 71.7s (card 3.1s, encode, vs card 24.5)
1085 OK    english-literature-aqa/macbeth/L10: 77.11s -> 74.03s (card 3.1s, encode, vs card 59.8)
1086 OK    english-literature-aqa/macbeth/L10: 67.85s -> 64.77s (card 3.1s, encode, vs card 30.3)
1087 OK    english-literature-aqa/macbeth/L10: 78.37s -> 75.3s (card 3.1s, encode, vs card 24.8)
1088 OK    history-eduqas/conflict-upheaval-england-1337-1381/L9: 75.4s -> 72.35s (card 3.1s, copy, vs card 41.0)
1089 OK    history-eduqas/conflict-upheaval-england-1337-1381/L9: 76.72s -> 73.63s (card 3.1s, encode, vs card 12.1)
1090 OK    history-eduqas/conflict-upheaval-england-1337-1381/L9: 76.3s -> 73.24s (card 3.1s, copy, vs card 93.8)
1091 OK    history-eduqas/conflict-upheaval-england-1337-1381/L9: 87.03s -> 83.99s (card 3.1s, copy, vs card 31.9)
1092 OK    psychology-aqa/perception/L1: 73.93s -> 70.87s (card 3.1s, copy, vs card 16.0)
1093 OK    psychology-aqa/perception/L1: 74.16s -> 71.12s (card 3.1s, copy, vs card 75.6)
1094 OK    psychology-aqa/perception/L1: 62.69s -> 59.65s (card 3.1s, copy, vs card 30.9)
1095 OK    psychology-aqa/perception/L1: 79.97s -> 76.67s (card 3.1s, copy, vs card 31.9)
1096 OK    business-edexcel/investigating-small-business/L6: 65.48s -> 62.44s (card 3.1s, copy, vs card 27.3)
1097 OK    business-edexcel/investigating-small-business/L6: 73.35s -> 70.31s (card 3.1s, copy, vs card 28.9)
1098 OK    business-edexcel/investigating-small-business/L6: 65.53s -> 62.48s (card 3.1s, copy, vs card 38.4)
1099 OK    business-edexcel/investigating-small-business/L6: 69.38s -> 66.3s (card 3.1s, encode, vs card 31.3)
1100 OK    separate-sciences-ocr-b/chemistry-earth-air-water/L1: 75.77s -> 72.7s (card 3.1s, copy, vs card 90.5)
1101 OK    separate-sciences-ocr-b/chemistry-earth-air-water/L1: 85.29s -> 82.01s (card 3.1s, copy, vs card 31.1)
1102 OK    separate-sciences-ocr-b/chemistry-earth-air-water/L1: 66.69s -> 63.65s (card 3.1s, copy, vs card 40.5)
1103 OK    business-ocr/business-activity-marketing-people/L3: 72.47s -> 69.33s (card 3.1s, copy, vs card 28.3)
1104 OK    business-ocr/business-activity-marketing-people/L3: 70.29s -> 67.24s (card 3.1s, copy, vs card 32.6)
1105 OK    business-ocr/business-activity-marketing-people/L3: 74.35s -> 71.31s (card 3.1s, copy, vs card 31.0)
1106 OK    business-ocr/business-activity-marketing-people/L3: 70.29s -> 67.24s (card 3.1s, copy, vs card 36.3)
1107 OK    music-ocr/aos5-conventions-of-pop/L3: 70.4s -> 67.34s (card 3.1s, copy, vs card 31.8)
1108 OK    music-ocr/aos5-conventions-of-pop/L3: 67.59s -> 64.51s (card 3.1s, encode, vs card 55.4)
1109 OK    music-ocr/aos5-conventions-of-pop/L3: 67.06s -> 64.02s (card 3.1s, copy, vs card 18.2)
1110 OK    music-ocr/aos5-conventions-of-pop/L3: 64.53s -> 61.44s (card 3.1s, encode, vs card 35.2)
1111 OK    history-edexcel/migrants-in-britain/L1: 66.39s -> 63.3s (card 3.1s, encode, vs card 28.0)
1112 OK    history-edexcel/migrants-in-britain/L1: 81.69s -> 78.65s (card 3.1s, copy, vs card 28.0)
1113 OK    history-edexcel/migrants-in-britain/L1: 83.45s -> 80.37s (card 3.1s, encode, vs card 33.1)
1114 OK    history-edexcel/migrants-in-britain/L1: 70.75s -> 67.71s (card 3.1s, copy, vs card 27.5)
1115 OK    music-edexcel/aos3-stage-and-screen/L4: 66.66s -> 63.62s (card 3.1s, copy, vs card 13.0)
1116 OK    music-edexcel/aos3-stage-and-screen/L4: 77.07s -> 74.0s (card 3.1s, encode, vs card 24.6)
1117 OK    music-edexcel/aos3-stage-and-screen/L4: 80.36s -> 77.28s (card 3.1s, encode, vs card 28.6)
1118 OK    music-edexcel/aos3-stage-and-screen/L4: 71.73s -> 68.64s (card 3.1s, encode, vs card 26.1)
1119 OK    separate-sciences-ocr/physics-paper-2/L6: 72.47s -> 69.33s (card 3.1s, copy, vs card 26.4)
1120 OK    separate-sciences-ocr/physics-paper-2/L6: 64.06s -> 60.98s (card 3.1s, encode, vs card 30.4)
1121 OK    separate-sciences-ocr/physics-paper-2/L6: 67.5s -> 64.41s (card 3.1s, encode, vs card 29.1)
1122 OK    separate-sciences-ocr/physics-paper-2/L6: 69.15s -> 66.01s (card 3.1s, copy, vs card 31.0)
1123 OK    drama-aqa/around-the-world-80-days/L6: 65.69s -> 62.65s (card 3.1s, copy, vs card 36.3)
1124 OK    drama-aqa/around-the-world-80-days/L6: 66.55s -> 63.51s (card 3.1s, copy, vs card 30.2)
1125 OK    drama-aqa/around-the-world-80-days/L6: 89.16s -> 86.08s (card 3.1s, encode, vs card 28.5)
1126 OK    drama-aqa/around-the-world-80-days/L6: 81.92s -> 78.67s (card 3.1s, copy, vs card 36.9)
1127 OK    film-studies-eduqas/global-and-uk-film/L10: 84.59s -> 81.55s (card 3.1s, copy, vs card 52.9)
1128 OK    science-aqa/chemistry-paper-1/L9: 64.78s -> 61.74s (card 3.1s, copy, vs card 46.5)
1129 OK    science-aqa/chemistry-paper-1/L9: 71.29s -> 68.01s (card 3.1s, copy, vs card 33.4)
1130 OK    science-aqa/chemistry-paper-1/L9: 72.03s -> 68.99s (card 3.1s, copy, vs card 25.1)
1131 OK    science-aqa/chemistry-paper-1/L9: 66.25s -> 63.17s (card 3.1s, encode, vs card 26.5)
1132 OK    separate-sciences-edexcel/chemistry-paper-2/L1: 62.55s -> 59.51s (card 3.1s, copy, vs card 28.2)
1133 OK    separate-sciences-edexcel/chemistry-paper-2/L1: 72.7s -> 69.63s (card 3.1s, encode, vs card 24.3)
1134 OK    separate-sciences-edexcel/chemistry-paper-2/L1: 63.95s -> 60.67s (card 3.1s, copy, vs card 27.1)
1135 OK    separate-sciences-edexcel/chemistry-paper-2/L1: 78.67s -> 75.6s (card 3.1s, copy, vs card 126.9)
1136 OK    english-literature-edexcel/twelfth-night/L1: 69.43s -> 66.34s (card 3.1s, encode, vs card 31.1)
1137 OK    english-literature-edexcel/twelfth-night/L1: 88.82s -> 85.73s (card 3.1s, encode, vs card 34.9)
1138 OK    english-literature-edexcel/twelfth-night/L1: 76.12s -> 73.07s (card 3.1s, copy, vs card 32.9)
1139 OK    english-literature-edexcel/twelfth-night/L1: 81.53s -> 78.48s (card 3.1s, copy, vs card 30.0)
1140 OK    science-ocr/chemistry-paper-2/L2: 83.73s -> 80.64s (card 3.1s, encode, vs card 34.9)
1141 OK    science-ocr/chemistry-paper-2/L2: 68.43s -> 65.39s (card 3.1s, copy, vs card 16.0)
1142 OK    science-ocr/chemistry-paper-2/L2: 73.33s -> 70.29s (card 3.1s, copy, vs card 27.4)
1143 OK    science-ocr/chemistry-paper-2/L2: 66.99s -> 63.95s (card 3.1s, copy, vs card 27.5)
1144 OK    science-edexcel/chemistry-paper-1/L8: 69.15s -> 66.01s (card 3.1s, copy, vs card 29.8)
1145 OK    science-edexcel/chemistry-paper-1/L8: 80.43s -> 77.37s (card 3.1s, encode, vs card 17.7)
1146 OK    science-edexcel/chemistry-paper-1/L8: 66.76s -> 63.72s (card 3.1s, copy, vs card 33.9)
1147 OK    science-edexcel/chemistry-paper-1/L8: 65.55s -> 62.51s (card 3.1s, copy, vs card 30.2)
1148 OK    history-ocr/china-people-state-1950-1981/L7: 89.09s -> 86.01s (card 3.1s, encode, vs card 58.9)
1149 OK    history-ocr/china-people-state-1950-1981/L7: 77.09s -> 74.0s (card 3.1s, encode, vs card 54.4)
1150 OK    history-ocr/china-people-state-1950-1981/L7: 81.66s -> 78.62s (card 3.1s, copy, vs card 35.8)
1151 OK    engineering-aqa/testing-drawing-and-the-engineering-industry/L2: 70.82s -> 67.78s (card 3.1s, copy, vs card 36.8)
1152 OK    engineering-aqa/testing-drawing-and-the-engineering-industry/L2: 73.03s -> 69.94s (card 3.1s, encode, vs card 26.5)
1153 OK    engineering-aqa/testing-drawing-and-the-engineering-industry/L2: 70.22s -> 67.18s (card 3.1s, copy, vs card 39.5)
1154 OK    engineering-aqa/testing-drawing-and-the-engineering-industry/L2: 60.49s -> 57.35s (card 3.1s, copy, vs card 10.0)
1155 OK    business-aqa/human-resources/L2: 79.6s -> 76.56s (card 3.1s, copy, vs card 34.1)
1156 OK    business-aqa/human-resources/L2: 68.8s -> 65.74s (card 3.1s, copy, vs card 31.8)
1157 OK    business-aqa/human-resources/L2: 69.45s -> 66.37s (card 3.1s, encode, vs card 30.1)
1158 OK    business-aqa/human-resources/L2: 83.66s -> 80.57s (card 3.1s, encode, vs card 26.2)
1159 OK    computer-science-edexcel/networks/L4: 76.88s -> 73.8s (card 3.1s, encode, vs card 17.6)
1160 OK    computer-science-edexcel/networks/L4: 62.0s -> 58.68s (card 3.1s, copy, vs card 26.2)
1161 OK    computer-science-edexcel/networks/L4: 69.33s -> 66.01s (card 3.1s, copy, vs card 28.6)
1162 OK    computer-science-edexcel/networks/L4: 71.45s -> 68.37s (card 3.1s, encode, vs card 28.7)
1163 OK    astronomy-edexcel/telescopic-astronomy/L4: 59.05s -> 55.97s (card 3.1s, encode, vs card 16.9)
1164 OK    astronomy-edexcel/telescopic-astronomy/L4: 58.28s -> 55.24s (card 3.1s, copy, vs card 27.5)
1165 OK    astronomy-edexcel/telescopic-astronomy/L4: 84.43s -> 81.39s (card 3.1s, copy, vs card 18.4)
1166 OK    astronomy-edexcel/telescopic-astronomy/L4: 72.12s -> 69.08s (card 3.1s, copy, vs card 39.8)
1167 OK    science-ocr-b/chemistry-paper-2/L3: 81.83s -> 78.67s (card 3.1s, copy, vs card 52.6)
1168 OK    science-ocr-b/chemistry-paper-2/L3: 67.36s -> 64.27s (card 3.1s, encode, vs card 31.7)
1169 OK    science-ocr-b/chemistry-paper-2/L3: 69.73s -> 66.64s (card 3.1s, encode, vs card 37.5)
1170 OK    english-literature-aqa/romeo-and-juliet/L1: 68.06s -> 65.02s (card 3.1s, copy, vs card 33.3)
1171 OK    english-literature-aqa/romeo-and-juliet/L1: 71.45s -> 68.37s (card 3.1s, encode, vs card 32.8)
1172 OK    english-literature-aqa/romeo-and-juliet/L1: 69.73s -> 66.64s (card 3.1s, encode, vs card 25.4)
1173 OK    english-literature-aqa/romeo-and-juliet/L1: 71.4s -> 68.33s (card 3.1s, encode, vs card 69.2)
1174 OK    history-eduqas/conflict-upheaval-england-1337-1381/L10: 58.56s -> 55.36s (card 3.1s, copy, vs card 31.6)
1175 OK    history-eduqas/conflict-upheaval-england-1337-1381/L10: 66.2s -> 63.11s (card 3.1s, encode, vs card 35.1)
1176 OK    history-eduqas/conflict-upheaval-england-1337-1381/L10: 65.6s -> 62.55s (card 3.1s, copy, vs card 32.4)
1177 OK    history-eduqas/conflict-upheaval-england-1337-1381/L10: 59.88s -> 56.84s (card 3.1s, copy, vs card 53.2)
1178 OK    psychology-aqa/perception/L2: 71.26s -> 68.01s (card 3.1s, copy, vs card 151.4)
1179 OK    psychology-aqa/perception/L2: 74.7s -> 71.61s (card 3.1s, encode, vs card 35.0)
1180 OK    psychology-aqa/perception/L2: 71.22s -> 68.01s (card 3.1s, copy, vs card 29.4)
1181 OK    psychology-aqa/perception/L2: 70.82s -> 67.78s (card 3.1s, copy, vs card 29.7)
1182 OK    business-edexcel/investigating-small-business/L7: 70.52s -> 67.48s (card 3.1s, copy, vs card 27.7)
1183 OK    business-edexcel/investigating-small-business/L7: 74.0s -> 70.94s (card 3.1s, copy, vs card 38.8)
1184 OK    business-edexcel/investigating-small-business/L7: 67.99s -> 64.95s (card 3.1s, copy, vs card 28.5)
1185 OK    business-edexcel/investigating-small-business/L7: 63.32s -> 60.28s (card 3.1s, copy, vs card 30.7)
1186 OK    separate-sciences-ocr-b/chemistry-earth-air-water/L1: 89.03s -> 85.94s (card 3.1s, encode, vs card 110.5)
1187 OK    business-ocr/business-activity-marketing-people/L4: 73.17s -> 70.08s (card 3.1s, encode, vs card 29.7)
1188 OK    business-ocr/business-activity-marketing-people/L4: 73.58s -> 70.54s (card 3.1s, copy, vs card 28.1)
1189 OK    business-ocr/business-activity-marketing-people/L4: 78.14s -> 75.07s (card 3.1s, encode, vs card 26.8)
1190 OK    business-ocr/business-activity-marketing-people/L4: 58.28s -> 55.24s (card 3.1s, copy, vs card 27.1)
1191 OK    health-social-care-edexcel/health-and-wellbeing/L2: 81.9s -> 78.67s (card 3.1s, copy, vs card 23.6)
1192 OK    physical-education-edexcel/fitness-and-body-systems/L2: 53.82s -> 50.74s (card 3.1s, encode, vs card 41.8)
1193 OK    physical-education-edexcel/fitness-and-body-systems/L2: 76.39s -> 73.35s (card 3.1s, copy, vs card 41.4)
1194 OK    physical-education-edexcel/fitness-and-body-systems/L2: 73.86s -> 70.82s (card 3.1s, copy, vs card 42.6)
1195 OK    physical-education-edexcel/fitness-and-body-systems/L2: 74.79s -> 71.7s (card 3.1s, encode, vs card 17.9)
1196 OK    religious-studies-aqa/christianity-beliefs/L2: 67.36s -> 64.27s (card 3.1s, encode, vs card 32.8)
1197 OK    religious-studies-aqa/christianity-beliefs/L2: 63.18s -> 60.1s (card 3.1s, encode, vs card 47.7)
1198 OK    religious-studies-aqa/christianity-beliefs/L2: 59.09s -> 56.01s (card 3.1s, encode, vs card 26.1)
1199 OK    religious-studies-aqa/christianity-beliefs/L2: 74.58s -> 71.35s (card 3.1s, copy, vs card 36.2)
1200 OK    food-preparation-and-nutrition-aqa/food-nutrition-and-health/L1: 77.95s -> 74.68s (card 3.1s, copy, vs card 27.0)
1201 OK    food-preparation-and-nutrition-aqa/food-nutrition-and-health/L1: 69.43s -> 66.34s (card 3.1s, encode, vs card 35.0)
1202 OK    food-preparation-and-nutrition-aqa/food-nutrition-and-health/L1: 76.42s -> 73.35s (card 3.1s, copy, vs card 29.7)
1203 OK    food-preparation-and-nutrition-aqa/food-nutrition-and-health/L1: 73.35s -> 70.31s (card 3.1s, copy, vs card 32.8)
1204 OK    english-literature-ocr/anita-and-me/L1: 60.65s -> 57.35s (card 3.1s, copy, vs card 15.1)
1205 OK    english-literature-ocr/anita-and-me/L1: 66.78s -> 63.74s (card 3.1s, copy, vs card 125.5)

1203 passed every gate, 2 skipped/failed
