hero_url,source_type,license,license_risk,artist,art_status,lesson_count,sample_subject,sample_title,description,credit,caption_final,written_to_db
https://images.unsplash.com/photo-1614089254151-676cc373b01e,unsplash,,,,photo,1,astronomy-edexcel,"Ancient Astronomy: Eratosthenes, Aristarchus and Precession",,Photo via Unsplash,(needs description) (Photo via Unsplash),N
https://upload.wikimedia.org/wikipedia/commons/1/1a/Deepfieldscomparison.jpg,wikimedia,Public domain,FREE,"NASA, ESA",photo,1,astronomy-edexcel,"Cosmology: Redshift, Hubble's Law and the Big Bang",,"Photo by NASA, ESA · public domain · Wikimedia Commons","(needs description) (Photo by NASA, ESA · public domain · Wikimedia Commons)",N
https://upload.wikimedia.org/wikipedia/commons/6/6d/2017-04_Circumpolar_trails_sunset_at_La_Hague_lighthouse.jpg,wikimedia,CC BY-SA 4.0,SHARE-ALIKE,Antoine Lamielle,photo,1,astronomy-edexcel,"Diurnal Motion, Circumpolarity and Observing Conditions",,Photo by Antoine Lamielle · CC BY-SA 4.0 · Wikimedia Commons,(needs description) (Photo by Antoine Lamielle · CC BY-SA 4.0 · Wikimedia Commons),N
https://upload.wikimedia.org/wikipedia/commons/7/77/1753_Homann_Heirs_Solar_System_Astronomical_Chart_-_Geographicus_-_Schematismus-homannheirs-1753.jpg,wikimedia,Public domain,FREE,http://www.geographicus.com/mm5/cartographers/homannheirs.txt,photo,1,astronomy-edexcel,Early Models of the Solar System,,Photo by http://www.geographicus.com/mm5/cartographers/homannheirs.txt · public domain · Wikimedia Commons,(needs description) (Photo by http://www.geographicus.com/mm5/cartographers/homannheirs.txt · public domain · Wikimedia Commons),N
https://images.unsplash.com/photo-1529788295308-1eace6f67388,unsplash,,,,photo,1,astronomy-edexcel,"Earth-Moon-Sun: Scale, Eclipses and Tides",,Photo via Unsplash,(needs description) (Photo via Unsplash),N
https://upload.wikimedia.org/wikipedia/commons/c/c6/The_Search_for_Life_Beyond_Earth_%2814795728657%29.jpg,wikimedia,CC BY 2.0,ATTRIB-REQUIRED,"NASA's James Webb Space Telescope from Greenbelt, MD, USA",photo,1,astronomy-edexcel,"Exoplanets, Habitable Zones and the Search for Life",,"Photo by NASA's James Webb Space Telescope from Greenbelt, MD, USA · CC BY 2.0 · Wikimedia Commons","(needs description) (Photo by NASA's James Webb Space Telescope from Greenbelt, MD, USA · CC BY 2.0 · Wikimedia Commons)",N
https://images.unsplash.com/photo-1761232007928-258c9bd98d66,unsplash,,,,photo,1,astronomy-edexcel,Formation of Planetary Systems and Gravitational Forces,,Photo via Unsplash,(needs description) (Photo via Unsplash),N
https://images.unsplash.com/photo-1711560217836-f42ac4a11a4f,unsplash,,,,photo,1,astronomy-edexcel,Observing the Sun and Planets in Motion,,Photo via Unsplash,(needs description) (Photo via Unsplash),N
https://images.unsplash.com/photo-1525562929550-63ef340cfe1d,unsplash,,,,photo,1,astronomy-edexcel,"Phases, Seasons and Time Zones",,Photo via Unsplash,(needs description) (Photo via Unsplash),N
https://images.unsplash.com/photo-1663427929917-333d88949f7a,unsplash,,,,photo,1,astronomy-edexcel,"Planet Earth: Shape, Structure and Atmosphere",,Photo via Unsplash,(needs description) (Photo via Unsplash),N
https://images.unsplash.com/photo-1685120982762-39d91ed820e2,unsplash,,,,photo,1,astronomy-edexcel,Planetary Motion and Gravity,,Photo via Unsplash,(needs description) (Photo via Unsplash),N
https://upload.wikimedia.org/wikipedia/commons/5/56/The_Sounds_of_Earth_Record_Cover_-_GPN-2000-001978.jpg,wikimedia,Public domain,FREE,NASA/JPL,photo,1,astronomy-edexcel,Space Probes and Crewed Exploration,,Photo by NASA/JPL · public domain · Wikimedia Commons,(needs description) (Photo by NASA/JPL · public domain · Wikimedia Commons),N
https://upload.wikimedia.org/wikipedia/commons/b/b9/A_Galaxy_of_Birth_and_Death.jpg,wikimedia,CC BY 4.0,ATTRIB-REQUIRED,"KPNO/NOIRLab/NSF/AURA/M. T. Patterson (New Mexico State University) Image processing: T.A. Rector (University of Alaska Anchorage/NSF’s NOIRLab), M. Zamani &amp; D. de Martin (NSF’s NOIRLab)",photo,1,astronomy-edexcel,"Stellar Evolution: Birth, Life and Death of Stars",,"Photo by KPNO/NOIRLab/NSF/AURA/M. T. Patterson (New Mexico State University) Image processing: T.A. Rector (University of Alaska Anchorage/NSF’s NOIRLab), M. Zamani &amp; D. de Martin (NSF’s NOIRLab) · CC BY 4.0 · Wikimedia Commons","(needs description) (Photo by KPNO/NOIRLab/NSF/AURA/M. T. Patterson (New Mexico State University) Image processing: T.A. Rector (University of Alaska Anchorage/NSF’s NOIRLab), M. Zamani &amp; D. de Martin (NSF’s NOIRLab) · CC BY 4.0 · Wikimedia Commons)",N
https://upload.wikimedia.org/wikipedia/commons/4/4d/2012_Transit_of_Venus_from_SF.jpg,wikimedia,CC BY 2.5,ATTRIB-REQUIRED,Brocken Inaglory,photo,1,astronomy-edexcel,"Sunspots, the Solar Cycle and the Solar Wind",,Photo by Brocken Inaglory · CC BY 2.5 · Wikimedia Commons,(needs description) (Photo by Brocken Inaglory · CC BY 2.5 · Wikimedia Commons),N
https://upload.wikimedia.org/wikipedia/commons/1/10/James_Webb_Primary_Mirror.jpg,wikimedia,Public domain,FREE,NASA/MSFC/David Higginbotham,photo,1,astronomy-edexcel,Telescopes Across the Spectrum and in Space,,Photo by NASA/MSFC/David Higginbotham · public domain · Wikimedia Commons,(needs description) (Photo by NASA/MSFC/David Higginbotham · public domain · Wikimedia Commons),N
https://images.unsplash.com/photo-1548124771-9f2040b66df8,unsplash,,,,photo,1,astronomy-edexcel,"Telescopes: Optics, Magnification and Resolution",,Photo via Unsplash,(needs description) (Photo via Unsplash),N
https://upload.wikimedia.org/wikipedia/commons/2/21/Philip_Fox_Celestial_Globe.jpg,wikimedia,CC BY-SA 4.0,SHARE-ALIKE,Yaoshiiscool,photo,1,astronomy-edexcel,The Celestial Sphere and Coordinate Systems,,Photo by Yaoshiiscool · CC BY-SA 4.0 · Wikimedia Commons,(needs description) (Photo by Yaoshiiscool · CC BY-SA 4.0 · Wikimedia Commons),N
https://upload.wikimedia.org/wikipedia/commons/6/6d/Hertzsprung-Russell_Diagram_2026.jpg,wikimedia,CC BY-SA 4.0,SHARE-ALIKE,Danny William Wilson,photo,1,astronomy-edexcel,The Hertzsprung-Russell Diagram and Variable Stars,,Photo by Danny William Wilson · CC BY-SA 4.0 · Wikimedia Commons,(needs description) (Photo by Danny William Wilson · CC BY-SA 4.0 · Wikimedia Commons),N
https://images.unsplash.com/photo-1548391350-968f58dedaed,unsplash,,,,photo,1,astronomy-edexcel,"The Lunar Disc: Features, Rotation and Libration",,Photo via Unsplash,(needs description) (Photo via Unsplash),N
https://images.unsplash.com/photo-1515705576963-95cad62945b6,unsplash,,,,photo,1,astronomy-edexcel,The Milky Way and Other Galaxies,,Photo via Unsplash,(needs description) (Photo via Unsplash),N
https://upload.wikimedia.org/wikipedia/commons/5/5f/Constellations_in_the_night_sky.jpg,wikimedia,CC BY-SA 4.0,SHARE-ALIKE,SMCurator,photo,1,astronomy-edexcel,"The Night Sky: Constellations, Asterisms and Pointers",,Photo by SMCurator · CC BY-SA 4.0 · Wikimedia Commons,(needs description) (Photo by SMCurator · CC BY-SA 4.0 · Wikimedia Commons),N
https://upload.wikimedia.org/wikipedia/commons/1/19/Solar_System_true_color.jpg,wikimedia,CC BY-SA 4.0,SHARE-ALIKE,CactiStaccingCrane,photo,1,astronomy-edexcel,"The Solar System: Planets, Dwarf Planets and Small Bodies",,Photo by CactiStaccingCrane · CC BY-SA 4.0 · Wikimedia Commons,(needs description) (Photo by CactiStaccingCrane · CC BY-SA 4.0 · Wikimedia Commons),N
https://images.unsplash.com/photo-1641606158379-f7e9bde81238,unsplash,,,,photo,1,astronomy-edexcel,"The Sun: Structure, Fusion and Atmosphere",,Photo via Unsplash,(needs description) (Photo via Unsplash),N
https://upload.wikimedia.org/wikipedia/commons/b/b5/The_Equation_of_Time_Stone_Sundial_Carving_by_Carmichael.jpg,wikimedia,Public domain,FREE,John Carmichael,photo,1,astronomy-edexcel,Time: Sidereal vs Solar Days and the Equation of Time,,Photo by John Carmichael · public domain · Wikimedia Commons,(needs description) (Photo by John Carmichael · public domain · Wikimedia Commons),N
https://images.unsplash.com/photo-1526628953301-3e589a6a8b74,unsplash,,,,photo,3,business,Break-Even Analysis,,Photo via Unsplash,(needs description) (Photo via Unsplash),N
https://images.unsplash.com/photo-1590103514226-48facf4657fe,unsplash,,,,photo,3,business,Business Aims and Objectives,,Photo via Unsplash,(needs description) (Photo via Unsplash),N
https://images.unsplash.com/photo-1581089778245-3ce67677f718,unsplash,,,,photo,2,business,Business Calculations,,Photo via Unsplash,(needs description) (Photo via Unsplash),N
https://pub-aeb94e100e5a48f4a133be5bf206aecb.r2.dev/business/theme-2/lesson-10-hero.jpg,r2,,,,photo,1,business,Business Operations,,Photo via Unsplash,(needs description) (Photo via Unsplash),N
https://upload.wikimedia.org/wikipedia/commons/a/ad/What_your_Business_Name_Should_Include.jpg,wikimedia,CC BY 2.0,ATTRIB-REQUIRED,Claireneon,photo,1,business,Business Plans and External Influences,,Photo by Claireneon · CC BY 2.0 · Wikimedia Commons,(needs description) (Photo by Claireneon · CC BY 2.0 · Wikimedia Commons),N
https://pub-aeb94e100e5a48f4a133be5bf206aecb.r2.dev/business/theme-2/lesson-03-hero.jpg,r2,,,,photo,1,business,Business and Globalisation,,Photo via Unsplash,(needs description) (Photo via Unsplash),N
https://pub-aeb94e100e5a48f4a133be5bf206aecb.r2.dev/business/theme-2/lesson-02-hero.jpg,r2,,,,photo,1,business,Changes in Business Aims and Objectives,,Photo via Unsplash,(needs description) (Photo via Unsplash),N
https://images.unsplash.com/photo-1770392171407-28f7de0aa258,unsplash,,,,photo,1,business,Customer Needs,,Photo via Unsplash,(needs description) (Photo via Unsplash),N
https://images.unsplash.com/photo-1578825141469-690ba22eede0,unsplash,,,,photo,1,business,"Ethics, the Environment and Business",,Photo via Unsplash,(needs description) (Photo via Unsplash),N
https://images.unsplash.com/photo-1771736008553-d6086d0c0a32,unsplash,,,,photo,2,business,Interest and Cash Flow,,Photo via Unsplash,(needs description) (Photo via Unsplash),N
https://images.unsplash.com/photo-1769151267997-b9a2613791df,unsplash,,,,photo,1,business,Managing Quality and the Sales Process,,Photo via Unsplash,(needs description) (Photo via Unsplash),N
https://images.unsplash.com/photo-1432888498266-38ffec3eaf0a,unsplash,,,,photo,4,business,Market Research,,Photo via Unsplash,(needs description) (Photo via Unsplash),N
https://images.unsplash.com/photo-1629978162634-d64c0e747334,unsplash,,,,photo,1,business,Market Segmentation,,Photo via Unsplash,(needs description) (Photo via Unsplash),N
https://images.unsplash.com/photo-1758611971865-8ffc4f253e42,unsplash,,,,photo,1,business,Options for Start-Ups,,Photo via Unsplash,(needs description) (Photo via Unsplash),N
https://images.unsplash.com/photo-1758519290111-bfbd61b32d49,unsplash,,,,photo,1,business,"Organisational Structures, Recruitment and Training",,Photo via Unsplash,(needs description) (Photo via Unsplash),N
https://images.unsplash.com/photo-1600617548803-360421b4d39e,unsplash,,,,photo,1,business,Place,,Photo via Unsplash,(needs description) (Photo via Unsplash),N
https://images.unsplash.com/photo-1636115837651-6f2a5c7ef01a,unsplash,,,,photo,1,business,Pricing Strategies,,Photo via Unsplash,(needs description) (Photo via Unsplash),N
https://images.unsplash.com/photo-1523275335684-37898b6baf30,unsplash,,,,photo,1,business,Product,,Photo via Unsplash,(needs description) (Photo via Unsplash),N
https://images.unsplash.com/photo-1580828343064-fde4fc206bc6,unsplash,,,,photo,1,business,Promotion,,Photo via Unsplash,(needs description) (Photo via Unsplash),N
https://images.unsplash.com/photo-1563296299-1e2092247cb4,unsplash,,,,photo,3,business,"Revenue, Costs and Profit",,Photo via Unsplash,(needs description) (Photo via Unsplash),N
https://images.unsplash.com/photo-1771931321956-406056adbed3,unsplash,,,,photo,1,business,Risk and Reward,,Photo via Unsplash,(needs description) (Photo via Unsplash),N
https://images.unsplash.com/photo-1444653614773-995cb1ef9efa,unsplash,,,,photo,5,business,Sources of Business Finance,,Photo via Unsplash,(needs description) (Photo via Unsplash),N
https://images.unsplash.com/photo-1523875194681-bedd468c58bf,unsplash,,,,photo,1,business,The Competitive Environment,,Photo via Unsplash,(needs description) (Photo via Unsplash),N
https://pub-aeb94e100e5a48f4a133be5bf206aecb.r2.dev/business/theme-1/lesson-01-hero.jpg,r2,,,,photo,1,business,The Dynamic Nature of Business,,Photo via Unsplash,(needs description) (Photo via Unsplash),N
https://images.unsplash.com/photo-1575671883877-71e6519c7570,unsplash,,,,photo,1,business,The Role of Business Enterprise,,Photo via Unsplash,(needs description) (Photo via Unsplash),N
https://pub-aeb94e100e5a48f4a133be5bf206aecb.r2.dev/business/theme-2/lesson-14-hero.jpg,r2,,,,photo,1,business,Understanding Business Performance,,Photo via Unsplash,(needs description) (Photo via Unsplash),N
https://images.unsplash.com/photo-1533750349088-cd871a92f312,unsplash,,,,photo,2,business,Using the Marketing Mix,,Photo via Unsplash,(needs description) (Photo via Unsplash),N
https://images.unsplash.com/photo-1726315185844-b4cb8e95cab3,unsplash,,,,photo,1,business,Working with Suppliers,,Photo via Unsplash,(needs description) (Photo via Unsplash),N
https://pub-aeb94e100e5a48f4a133be5bf206aecb.r2.dev/business-aqa/finance/lesson-05-hero.jpg,r2,,,,photo,2,business-aqa,Analysing Financial Performance,,Photo via Unsplash,(needs description) (Photo via Unsplash),N
https://pub-aeb94e100e5a48f4a133be5bf206aecb.r2.dev/business-aqa/business-real-world/lesson-03-hero.jpg,r2,,,,photo,1,business-aqa,Business Aims & Objectives,,Photo via Unsplash,(needs description) (Photo via Unsplash),N
https://pub-aeb94e100e5a48f4a133be5bf206aecb.r2.dev/business-aqa/business-real-world/lesson-05-hero.jpg,r2,,,,photo,1,business-aqa,Business Location,,Photo via Unsplash,(needs description) (Photo via Unsplash),N
https://pub-aeb94e100e5a48f4a133be5bf206aecb.r2.dev/business-aqa/business-real-world/lesson-02-hero.jpg,r2,,,,photo,1,business-aqa,Business Ownership & Limited Liability,,Photo via Unsplash,(needs description) (Photo via Unsplash),N
https://pub-aeb94e100e5a48f4a133be5bf206aecb.r2.dev/business-aqa/business-operations/lesson-04-hero.jpg,r2,,,,photo,1,business-aqa,Customer Service,,Photo via Unsplash,(needs description) (Photo via Unsplash),N
https://pub-aeb94e100e5a48f4a133be5bf206aecb.r2.dev/business-aqa/influences-on-business/lesson-02-hero.jpg,r2,,,,photo,1,business-aqa,"Ethics, Environment & Sustainability",,Photo via Unsplash,(needs description) (Photo via Unsplash),N
https://pub-aeb94e100e5a48f4a133be5bf206aecb.r2.dev/business-aqa/influences-on-business/lesson-04-hero.jpg,r2,,,,photo,1,business-aqa,Globalisation & Exchange Rates,,Photo via Unsplash,(needs description) (Photo via Unsplash),N
https://upload.wikimedia.org/wikipedia/commons/b/bf/The_Deiniol_Shopping_Centre_-_geograph.org.uk_-_245940.jpg,wikimedia,CC BY-SA 2.0,SHARE-ALIKE,Eric Jones,photo,1,business-aqa,Identifying Customers & Segmentation,,Photo by Eric Jones · CC BY-SA 2.0 · Wikimedia Commons,(needs description) (Photo by Eric Jones · CC BY-SA 2.0 · Wikimedia Commons),N
https://pub-aeb94e100e5a48f4a133be5bf206aecb.r2.dev/business-aqa/influences-on-business/lesson-05-hero.jpg,r2,,,,photo,1,business-aqa,Legislation & Competition,,Photo via Unsplash,(needs description) (Photo via Unsplash),N
https://upload.wikimedia.org/wikipedia/commons/b/b7/Mobile_market_research_1.jpg,wikimedia,CC BY 3.0,ATTRIB-REQUIRED,Merhad77,photo,1,business-aqa,Market Research,,Photo by Merhad77 · CC BY 3.0 · Wikimedia Commons,(needs description) (Photo by Merhad77 · CC BY 3.0 · Wikimedia Commons),N
https://pub-aeb94e100e5a48f4a133be5bf206aecb.r2.dev/business-aqa/human-resources/lesson-03-hero.jpg,r2,,,,photo,1,business-aqa,Motivation,,Photo via Unsplash,(needs description) (Photo via Unsplash),N
https://upload.wikimedia.org/wikipedia/commons/3/3b/Industrial_Organization_Chart%2C_1921.jpg,wikimedia,Public domain,FREE,"Lichtner, William O. (William Otto), b. 1883",photo,1,business-aqa,Organisational Structures,,"Photo by Lichtner, William O. (William Otto), b. 1883 · public domain · Wikimedia Commons","(needs description) (Photo by Lichtner, William O. (William Otto), b. 1883 · public domain · Wikimedia Commons)",N
https://upload.wikimedia.org/wikipedia/commons/b/b9/Nivi_Sharma.jpg,wikimedia,CC BY-SA 2.0,SHARE-ALIKE,UN Trade and Development (UNCTAD),photo,1,business-aqa,Place & E-commerce,,Photo by UN Trade and Development (UNCTAD) · CC BY-SA 2.0 · Wikimedia Commons,(needs description) (Photo by UN Trade and Development (UNCTAD) · CC BY-SA 2.0 · Wikimedia Commons),N
https://pub-aeb94e100e5a48f4a133be5bf206aecb.r2.dev/business-aqa/business-operations/lesson-02-hero.jpg,r2,,,,photo,1,business-aqa,Procurement & Supply Chains,,Photo via Unsplash,(needs description) (Photo via Unsplash),N
https://upload.wikimedia.org/wikipedia/commons/1/15/Dual_Price_Labels_-_Leva_and_Euro_01.jpg,wikimedia,CC BY 4.0,ATTRIB-REQUIRED,SPARKY358,photo,2,business-aqa,Product & Pricing,,Photo by SPARKY358 · CC BY 4.0 · Wikimedia Commons,(needs description) (Photo by SPARKY358 · CC BY 4.0 · Wikimedia Commons),N
https://upload.wikimedia.org/wikipedia/commons/2/2c/Parasta_ennen_2018.jpg,wikimedia,CC BY-SA 4.0,SHARE-ALIKE,Santeri Viinamäki,photo,1,business-aqa,Product Life Cycle & Boston Matrix,,Photo by Santeri Viinamäki · CC BY-SA 4.0 · Wikimedia Commons,(needs description) (Photo by Santeri Viinamäki · CC BY-SA 4.0 · Wikimedia Commons),N
https://upload.wikimedia.org/wikipedia/commons/a/ab/Final_assembly_2.jpg,wikimedia,CC BY 2.0,ATTRIB-REQUIRED,Brian Snelson,photo,1,business-aqa,Production Processes,,Photo by Brian Snelson · CC BY 2.0 · Wikimedia Commons,(needs description) (Photo by Brian Snelson · CC BY 2.0 · Wikimedia Commons),N
https://upload.wikimedia.org/wikipedia/commons/a/ae/Closeout.jpg,wikimedia,CC BY 3.0,ATTRIB-REQUIRED,Chocolatier,photo,1,business-aqa,Promotion,,Photo by Chocolatier · CC BY 3.0 · Wikimedia Commons,(needs description) (Photo by Chocolatier · CC BY 3.0 · Wikimedia Commons),N
https://pub-aeb94e100e5a48f4a133be5bf206aecb.r2.dev/business-aqa/business-real-world/lesson-01-hero.jpg,r2,,,,photo,1,business-aqa,Purpose of Business & Entrepreneurship,,Photo via Unsplash,(needs description) (Photo via Unsplash),N
https://pub-aeb94e100e5a48f4a133be5bf206aecb.r2.dev/business-aqa/business-operations/lesson-03-hero.jpg,r2,,,,photo,1,business-aqa,Quality,,Photo via Unsplash,(needs description) (Photo via Unsplash),N
https://pub-aeb94e100e5a48f4a133be5bf206aecb.r2.dev/business-aqa/human-resources/lesson-02-hero.jpg,r2,,,,photo,1,business-aqa,Recruitment & Selection,,Photo via Unsplash,(needs description) (Photo via Unsplash),N
https://upload.wikimedia.org/wikipedia/commons/8/89/Enterprise_and_Business_stakeholder_event_27_September_2012_-_Digwyddiad_deiliad_diddordeb_Pwyllgor_Menter_a_Busnes_27_Medi_2012_%288029848592%29.jpg,wikimedia,CC BY 2.0,ATTRIB-REQUIRED,National Assembly for Wales from Wales,photo,1,business-aqa,Stakeholders & Their Influence,,Photo by National Assembly for Wales from Wales · CC BY 2.0 · Wikimedia Commons,(needs description) (Photo by National Assembly for Wales from Wales · CC BY 2.0 · Wikimedia Commons),N
https://pub-aeb94e100e5a48f4a133be5bf206aecb.r2.dev/business-aqa/influences-on-business/lesson-01-hero.jpg,r2,,,,photo,1,business-aqa,Technology & Digital Communication,,Photo via Unsplash,(needs description) (Photo via Unsplash),N
https://pub-aeb94e100e5a48f4a133be5bf206aecb.r2.dev/maths/ratio-proportion/lesson-06-hero.jpg,r2,,,,photo,1,business-aqa,The Economic Climate,,Photo via Unsplash,(needs description) (Photo via Unsplash),N
https://pub-aeb94e100e5a48f4a133be5bf206aecb.r2.dev/business-aqa/human-resources/lesson-04-hero.jpg,r2,,,,photo,1,business-aqa,Training,,Photo via Unsplash,(needs description) (Photo via Unsplash),N
https://images.unsplash.com/photo-1762427354397-854a52e0ded7,unsplash,,,,photo,1,business-edexcel,"Aims, Objectives and Business Calculations",,Photo via Unsplash,(needs description) (Photo via Unsplash),N
https://pub-aeb94e100e5a48f4a133be5bf206aecb.r2.dev/business-edexcel/investigating-small-business/lesson-10-hero.jpg,r2,,,,photo,1,business-edexcel,Business Ownership and Limited Liability,,Photo via Unsplash,(needs description) (Photo via Unsplash),N
https://images.unsplash.com/photo-1618044733300-9472054094ee,unsplash,,,,photo,2,business-edexcel,Cash and Cash-Flow Forecasting,,Photo via Unsplash,(needs description) (Photo via Unsplash),N
https://images.unsplash.com/photo-1486406146926-c627a92ad1ab,unsplash,,,,photo,1,business-edexcel,Enterprise and the Dynamic Business Environment,,Photo via Unsplash,(needs description) (Photo via Unsplash),N
https://images.unsplash.com/photo-1569227997603-33b9f12af927,unsplash,,,,photo,1,business-edexcel,"Ethics, the Environment and Pressure Groups",,Photo via Unsplash,(needs description) (Photo via Unsplash),N
https://pub-aeb94e100e5a48f4a133be5bf206aecb.r2.dev/business-edexcel/building-a-business/lesson-03-hero.jpg,r2,,,,photo,1,business-edexcel,Globalisation and International Trade,,Photo via Unsplash,(needs description) (Photo via Unsplash),N
https://images.unsplash.com/photo-1460925895917-afdab827c52f,unsplash,,,,photo,1,business-edexcel,Interpreting Business Data,,Photo via Unsplash,(needs description) (Photo via Unsplash),N
https://images.unsplash.com/photo-1685599504130-9ee12eef06eb,unsplash,,,,photo,2,business-edexcel,Market Segmentation and Market Mapping,,Photo via Unsplash,(needs description) (Photo via Unsplash),N
https://images.unsplash.com/photo-1730382624709-81e52dd294d4,unsplash,,,,photo,1,business-edexcel,Methods of Business Growth,,Photo via Unsplash,(needs description) (Photo via Unsplash),N
https://pub-aeb94e100e5a48f4a133be5bf206aecb.r2.dev/business-edexcel/building-a-business/lesson-15-hero.jpg,r2,,,,photo,1,business-edexcel,Motivating Employees,,Photo via Unsplash,(needs description) (Photo via Unsplash),N
https://images.unsplash.com/photo-1769738360873-3ba6cac0b308,unsplash,,,,photo,1,business-edexcel,Organisational Structures and Ways of Working,,Photo via Unsplash,(needs description) (Photo via Unsplash),N
https://pub-aeb94e100e5a48f4a133be5bf206aecb.r2.dev/business-edexcel/building-a-business/lesson-07-hero.jpg,r2,,,,photo,1,business-edexcel,Place and the Integrated Marketing Mix,,Photo via Unsplash,(needs description) (Photo via Unsplash),N
https://upload.wikimedia.org/wikipedia/commons/d/d8/EDLP_1.JPG,wikimedia,CC BY-SA 3.0,SHARE-ALIKE,LateNameGuys,photo,1,business-edexcel,Pricing Strategies and Promotion,,Photo by LateNameGuys · CC BY-SA 3.0 · Wikimedia Commons,(needs description) (Photo by LateNameGuys · CC BY-SA 3.0 · Wikimedia Commons),N
https://images.unsplash.com/photo-1560439514-0fc9d2cd5e1b,unsplash,,,,photo,1,business-edexcel,Product and the Product Life Cycle,,Photo via Unsplash,(needs description) (Photo via Unsplash),N
https://images.unsplash.com/photo-1764835994645-3faa2c40f708,unsplash,,,,photo,1,business-edexcel,Production Processes and Technology,,Photo via Unsplash,(needs description) (Photo via Unsplash),N
https://images.unsplash.com/photo-1758556549027-879615701c61,unsplash,,,,photo,1,business-edexcel,Quality and the Sales Process,,Photo via Unsplash,(needs description) (Photo via Unsplash),N
https://pub-aeb94e100e5a48f4a133be5bf206aecb.r2.dev/business-edexcel/building-a-business/lesson-14-hero.jpg,r2,,,,photo,1,business-edexcel,"Recruitment, Training and Development",,Photo via Unsplash,(needs description) (Photo via Unsplash),N
https://images.unsplash.com/photo-1579621970795-87facc2f976d,unsplash,,,,photo,1,business-edexcel,Sources of Finance for Start-Ups,,Photo via Unsplash,(needs description) (Photo via Unsplash),N
https://pub-aeb94e100e5a48f4a133be5bf206aecb.r2.dev/business-edexcel/investigating-small-business/lesson-13-hero.jpg,r2,,,,photo,1,business-edexcel,Stakeholders and Their Conflicting Objectives,,Photo via Unsplash,(needs description) (Photo via Unsplash),N
https://pub-aeb94e100e5a48f4a133be5bf206aecb.r2.dev/business-edexcel/building-a-business/lesson-09-hero.jpg,r2,,,,photo,1,business-edexcel,Stock Control and Working with Suppliers,,Photo via Unsplash,(needs description) (Photo via Unsplash),N
https://pub-aeb94e100e5a48f4a133be5bf206aecb.r2.dev/business-ocr/operations-finance-influences/lesson-03-hero.jpg,r2,,,,photo,3,business-edexcel,Technology and Legislation in Business,,Photo via Unsplash,(needs description) (Photo via Unsplash),N
https://pub-aeb94e100e5a48f4a133be5bf206aecb.r2.dev/business-edexcel/investigating-small-business/lesson-12-hero.jpg,r2,,,,photo,1,business-edexcel,The Business Plan,,Photo via Unsplash,(needs description) (Photo via Unsplash),N
https://pub-aeb94e100e5a48f4a133be5bf206aecb.r2.dev/business-edexcel/investigating-small-business/lesson-05-hero.jpg,r2,,,,photo,1,business-edexcel,The Competitive Environment,,Photo via Unsplash,(needs description) (Photo via Unsplash),N
https://pub-aeb94e100e5a48f4a133be5bf206aecb.r2.dev/business-aqa/finance/lesson-01-hero.jpg,r2,,,,photo,3,business-edexcel,The Economic Climate and How Businesses Respond,,Photo via Unsplash,(needs description) (Photo via Unsplash),N
https://images.unsplash.com/photo-1507679799987-c73779587ccf,unsplash,,,,photo,2,business-edexcel,The Role of the Entrepreneur,,Photo via Unsplash,(needs description) (Photo via Unsplash),N
https://images.unsplash.com/photo-1619601573991-497df65dd8ff,unsplash,,,,photo,1,business-edexcel,Why and How Aims and Objectives Change,,Photo via Unsplash,(needs description) (Photo via Unsplash),N
https://images.unsplash.com/photo-1737703638422-2cfa152cdcb7,unsplash,,,,photo,1,business-ocr,Break-even,,Photo via Unsplash,(needs description) (Photo via Unsplash),N
https://pub-aeb94e100e5a48f4a133be5bf206aecb.r2.dev/business-ocr/business-activity-marketing-people/lesson-04-hero.jpg,r2,,,,photo,1,business-ocr,Business Aims & Objectives,,Photo via Unsplash,(needs description) (Photo via Unsplash),N
https://pub-aeb94e100e5a48f4a133be5bf206aecb.r2.dev/business-ocr/business-activity-marketing-people/lesson-06-hero.jpg,r2,,,,photo,1,business-ocr,Business Growth,,Photo via Unsplash,(needs description) (Photo via Unsplash),N
https://pub-aeb94e100e5a48f4a133be5bf206aecb.r2.dev/business-ocr/business-activity-marketing-people/lesson-03-hero.jpg,r2,,,,photo,1,business-ocr,Business Ownership & Limited Liability,,Photo via Unsplash,(needs description) (Photo via Unsplash),N
https://pub-aeb94e100e5a48f4a133be5bf206aecb.r2.dev/business-ocr/business-activity-marketing-people/lesson-02-hero.jpg,r2,,,,photo,1,business-ocr,Business Planning,,Photo via Unsplash,(needs description) (Photo via Unsplash),N
https://images.unsplash.com/photo-1436450412740-6b988f486c6b,unsplash,,,,photo,1,business-ocr,Consumer Law,,Photo via Unsplash,(needs description) (Photo via Unsplash),N
https://pub-aeb94e100e5a48f4a133be5bf206aecb.r2.dev/business-ocr/business-activity-marketing-people/lesson-01-hero.jpg,r2,,,,photo,1,business-ocr,"Enterprise, Entrepreneurs & Risk and Reward",,Photo via Unsplash,(needs description) (Photo via Unsplash),N
https://pub-aeb94e100e5a48f4a133be5bf206aecb.r2.dev/business-ocr/operations-finance-influences/lesson-13-hero.jpg,r2,,,,photo,1,business-ocr,Ethical & Environmental Considerations,,Photo via Unsplash,(needs description) (Photo via Unsplash),N
https://images.unsplash.com/photo-1664526937033-fe2c11f1be25,unsplash,,,,photo,1,business-ocr,Organisational Structures & Ways of Working,,Photo via Unsplash,(needs description) (Photo via Unsplash),N
https://pub-aeb94e100e5a48f4a133be5bf206aecb.r2.dev/business-ocr/business-activity-marketing-people/lesson-11-hero.jpg,r2,,,,photo,1,business-ocr,Pricing Methods,,Photo via Unsplash,(needs description) (Photo via Unsplash),N
https://pub-aeb94e100e5a48f4a133be5bf206aecb.r2.dev/business-edexcel/theme-2-building-a-business/lesson-10-hero.jpg,r2,,,,photo,1,business-ocr,Product & the Product Life Cycle,,Photo via Unsplash,(needs description) (Photo via Unsplash),N
https://pub-aeb94e100e5a48f4a133be5bf206aecb.r2.dev/business-ocr/operations-finance-influences/lesson-01-hero.jpg,r2,,,,photo,1,business-ocr,Production Processes & Technology,,Photo via Unsplash,(needs description) (Photo via Unsplash),N
https://images.unsplash.com/photo-1633158829875-e5316a358c6f,unsplash,,,,photo,3,business-ocr,Profit Margins & Average Rate of Return,,Photo via Unsplash,(needs description) (Photo via Unsplash),N
https://images.unsplash.com/photo-1763633924253-3c92ce0ba7cf,unsplash,,,,photo,1,business-ocr,Promotion & Place,,Photo via Unsplash,(needs description) (Photo via Unsplash),N
https://pub-aeb94e100e5a48f4a133be5bf206aecb.r2.dev/business-ocr/operations-finance-influences/lesson-02-hero.jpg,r2,,,,photo,1,business-ocr,Quality of Goods & Services,,Photo via Unsplash,(needs description) (Photo via Unsplash),N
https://images.unsplash.com/photo-1758518730162-09a142505bfd,unsplash,,,,photo,1,business-ocr,"Recruitment, Motivation, Training & Employment Law",,Photo via Unsplash,(needs description) (Photo via Unsplash),N
https://images.unsplash.com/photo-1725258080098-727051947997,unsplash,,,,photo,1,business-ocr,"Revenue, Costs & Profit",,Photo via Unsplash,(needs description) (Photo via Unsplash),N
https://pub-aeb94e100e5a48f4a133be5bf206aecb.r2.dev/business-ocr/business-activity-marketing-people/lesson-05-hero.jpg,r2,,,,photo,1,business-ocr,Stakeholders in Business,,Photo via Unsplash,(needs description) (Photo via Unsplash),N
https://pub-aeb94e100e5a48f4a133be5bf206aecb.r2.dev/business-ocr/operations-finance-influences/lesson-14-hero.jpg,r2,,,,photo,1,business-ocr,The Economic Climate & Globalisation,,Photo via Unsplash,(needs description) (Photo via Unsplash),N
https://pub-aeb94e100e5a48f4a133be5bf206aecb.r2.dev/business-ocr/operations-finance-influences/lesson-15-hero.jpg,r2,,,,photo,1,business-ocr,The Interdependent Nature of Business,,Photo via Unsplash,(needs description) (Photo via Unsplash),N
https://images.unsplash.com/photo-1553877522-43269d4ea984,unsplash,,,,photo,1,business-ocr,The Marketing Mix in Action,,Photo via Unsplash,(needs description) (Photo via Unsplash),N
https://pub-aeb94e100e5a48f4a133be5bf206aecb.r2.dev/business-ocr/operations-finance-influences/lesson-06-hero.jpg,r2,,,,photo,1,business-ocr,Working with Suppliers & Procurement,,Photo via Unsplash,(needs description) (Photo via Unsplash),N
https://images.unsplash.com/photo-1711313532327-2f47602eb6ba,unsplash,,,,photo,1,cambridge-nationals-child-development,Antenatal Care & the Antenatal Clinic,,Photo via Unsplash,(needs description) (Photo via Unsplash),N
https://images.unsplash.com/photo-1632053002928-1919605ee6f7,unsplash,,,,photo,1,cambridge-nationals-child-development,Childhood Illnesses & Immunisation,,Photo via Unsplash,(needs description) (Photo via Unsplash),N
https://images.unsplash.com/photo-1619183921628-9e6050dcd2e1,unsplash,,,,photo,1,cambridge-nationals-child-development,"Contraception, Infertility & Inherited Conditions",,Photo via Unsplash,(needs description) (Photo via Unsplash),N
https://images.unsplash.com/photo-1722962674349-fc9cd834c409,unsplash,,,,photo,1,cambridge-nationals-child-development,Creating a Child-Safe Environment,,Photo via Unsplash,(needs description) (Photo via Unsplash),N
https://images.unsplash.com/photo-1504743591040-f3bec9c542cd,unsplash,,,,photo,1,cambridge-nationals-child-development,"Labour, Birth & Pain Relief",,Photo via Unsplash,(needs description) (Photo via Unsplash),N
https://images.unsplash.com/photo-1595020945971-b8cae3d5e0a9,unsplash,,,,photo,1,cambridge-nationals-child-development,Postnatal Care of the Mother & Conditions for Development,,Photo via Unsplash,(needs description) (Photo via Unsplash),N
https://images.unsplash.com/flagged/photo-1551049215-23fd6d2ac3f1,unsplash,,,,photo,1,cambridge-nationals-child-development,Postnatal Checks for the Newborn,,Photo via Unsplash,(needs description) (Photo via Unsplash),N
https://images.unsplash.com/photo-1490645935967-10de6ba17061,unsplash,,,,photo,1,cambridge-nationals-child-development,Pre-conception Health & Planning a Pregnancy,,Photo via Unsplash,(needs description) (Photo via Unsplash),N
https://images.unsplash.com/photo-1632053651899-3389100579fb,unsplash,,,,photo,1,cambridge-nationals-child-development,"Pregnancy, Antenatal Classes & Preparing for Birth",,Photo via Unsplash,(needs description) (Photo via Unsplash),N
https://images.unsplash.com/photo-1715523520552-8cf691334a85,unsplash,,,,photo,2,cambridge-nationals-child-development,The Reproductive Systems & Conception,,Photo via Unsplash,(needs description) (Photo via Unsplash),N
https://images.unsplash.com/photo-1587355760421-b9de3226a046,unsplash,,,,photo,1,cambridge-nationals-creative-imedia,Client Requirements & the Target Audience,,Photo via Unsplash,(needs description) (Photo via Unsplash),N
https://images.unsplash.com/photo-1579869847557-1f67382cc158,unsplash,,,,photo,1,cambridge-nationals-creative-imedia,Distribution Platforms & Considerations,,Photo via Unsplash,(needs description) (Photo via Unsplash),N
https://images.unsplash.com/photo-1632187981988-40f3cbaeef5e,unsplash,,,,photo,1,cambridge-nationals-creative-imedia,Job Roles & the Production Workflow,,Photo via Unsplash,(needs description) (Photo via Unsplash),N
https://images.unsplash.com/photo-1625207255244-96950cf5ea87,unsplash,,,,photo,1,cambridge-nationals-creative-imedia,"Legal, Ethical & Regulatory Considerations",,Photo via Unsplash,(needs description) (Photo via Unsplash),N
https://images.unsplash.com/photo-1610454059909-f9a5a6eb4e58,unsplash,,,,photo,1,cambridge-nationals-creative-imedia,"Media Codes, Conventions & Genre",,Photo via Unsplash,(needs description) (Photo via Unsplash),N
https://images.unsplash.com/photo-1609619385002-f40f1df9b7eb,unsplash,,,,photo,1,cambridge-nationals-creative-imedia,"Planning Assets, Hardware, Software & File Management",,Photo via Unsplash,(needs description) (Photo via Unsplash),N
https://images.unsplash.com/photo-1664638413302-d1ca29ac885b,unsplash,,,,photo,1,cambridge-nationals-creative-imedia,"Pre-production Documents: Mood Boards, Mind Maps & Visualisation Diagrams",,Photo via Unsplash,(needs description) (Photo via Unsplash),N
https://images.unsplash.com/photo-1600132806608-231446b2e7af,unsplash,,,,photo,1,cambridge-nationals-creative-imedia,"Storyboards, Scripts & Work Plans",,Photo via Unsplash,(needs description) (Photo via Unsplash),N
https://images.unsplash.com/photo-1612544409025-e1f6a56c1152,unsplash,,,,photo,1,cambridge-nationals-creative-imedia,The Media Industry: Sectors & Products,,Photo via Unsplash,(needs description) (Photo via Unsplash),N
https://images.unsplash.com/photo-1600697395543-ef3ee6e9af7b,unsplash,,,,photo,2,cambridge-nationals-engineering-design,Design Strategies,,Photo via Unsplash,(needs description) (Photo via Unsplash),N
https://images.unsplash.com/photo-1576153192396-180ecef2a715,unsplash,,,,photo,1,cambridge-nationals-engineering-design,Evaluating Design Ideas,,Photo via Unsplash,(needs description) (Photo via Unsplash),N
https://images.unsplash.com/photo-1711418235334-8895331a6cf9,unsplash,,,,photo,1,cambridge-nationals-engineering-design,Factors Influencing Design (1): Manufacturing Considerations,,Photo via Unsplash,(needs description) (Photo via Unsplash),N
https://images.unsplash.com/photo-1604187351574-c75ca79f5807,unsplash,,,,photo,1,cambridge-nationals-engineering-design,"Factors Influencing Design (2): Standards, Sustainability and Market Forces",,Photo via Unsplash,(needs description) (Photo via Unsplash),N
https://images.unsplash.com/photo-1576595580361-90a855b84b20,unsplash,,,,photo,1,cambridge-nationals-engineering-design,The Iterative Design Process,,Photo via Unsplash,(needs description) (Photo via Unsplash),N
https://images.unsplash.com/photo-1581092160562-40aa08e78837,unsplash,,,,photo,1,cambridge-nationals-engineering-design,Types of Engineering Drawing,,Photo via Unsplash,(needs description) (Photo via Unsplash),N
https://images.unsplash.com/photo-1666634157070-6fd830fb5672,unsplash,,,,photo,1,cambridge-nationals-engineering-manufacture,Common Manufacturing Processes in Detail,,Photo via Unsplash,(needs description) (Photo via Unsplash),N
https://images.unsplash.com/photo-1723074832961-397744da2380,unsplash,,,,photo,1,cambridge-nationals-engineering-manufacture,Engineering Materials and Their Categories,,Photo via Unsplash,(needs description) (Photo via Unsplash),N
https://images.unsplash.com/photo-1773126378981-bc83b7819172,unsplash,,,,photo,1,cambridge-nationals-engineering-manufacture,Globalisation & the Future of Manufacture,,Photo via Unsplash,(needs description) (Photo via Unsplash),N
https://images.unsplash.com/photo-1565954786194-d22abeaac3ae,unsplash,,,,photo,1,cambridge-nationals-engineering-manufacture,Health & Safety in Engineering Manufacture,,Photo via Unsplash,(needs description) (Photo via Unsplash),N
https://images.unsplash.com/photo-1714504904786-b6732390b206,unsplash,,,,photo,1,cambridge-nationals-engineering-manufacture,Properties of Engineering Materials,,Photo via Unsplash,(needs description) (Photo via Unsplash),N
https://images.unsplash.com/photo-1559819614-8e87b90b8e9b,unsplash,,,,photo,1,cambridge-nationals-engineering-manufacture,"Quality, Tolerances & Inspection",,Photo via Unsplash,(needs description) (Photo via Unsplash),N
https://images.unsplash.com/photo-1610891015188-5369212db097,unsplash,,,,photo,1,cambridge-nationals-engineering-manufacture,Scales of Production & Manufacturing Requirements,,Photo via Unsplash,(needs description) (Photo via Unsplash),N
https://images.unsplash.com/photo-1581092162572-fe1cb11cd26e,unsplash,,,,photo,1,cambridge-nationals-engineering-manufacture,Selecting Materials for Manufacture,,Photo via Unsplash,(needs description) (Photo via Unsplash),N
https://images.unsplash.com/photo-1562052579-b30d05e1ec93,unsplash,,,,photo,1,cambridge-nationals-engineering-manufacture,Types of Manufacturing Process,,Photo via Unsplash,(needs description) (Photo via Unsplash),N
https://images.unsplash.com/photo-1631378297854-185cff6b0986,unsplash,,,,photo,1,cambridge-nationals-engineering-programmable-systems,Circuit Calculations & Behaviour,,Photo via Unsplash,(needs description) (Photo via Unsplash),N
https://images.unsplash.com/photo-1562568068-7a90cf9e499d,unsplash,,,,photo,1,cambridge-nationals-engineering-programmable-systems,Circuit Construction & Assembly Methods,,Photo via Unsplash,(needs description) (Photo via Unsplash),N
https://images.unsplash.com/photo-1532186773960-85649e5cb70b,unsplash,,,,photo,1,cambridge-nationals-engineering-programmable-systems,Commercial PCB Production,,Photo via Unsplash,(needs description) (Photo via Unsplash),N
https://images.unsplash.com/photo-1555664424-778a1e5e1b48,unsplash,,,,photo,2,cambridge-nationals-engineering-programmable-systems,Electronic Circuit Parameters & Units,,Photo via Unsplash,(needs description) (Photo via Unsplash),N
https://images.unsplash.com/photo-1562408590-e32931084e23,unsplash,,,,photo,1,cambridge-nationals-engineering-programmable-systems,Electronic Components & Devices,,Photo via Unsplash,(needs description) (Photo via Unsplash),N
https://images.unsplash.com/photo-1610878785620-3ab2d3a2ae7b,unsplash,,,,photo,1,cambridge-nationals-engineering-programmable-systems,Programmable Systems & Programming Languages,,Photo via Unsplash,(needs description) (Photo via Unsplash),N
https://images.unsplash.com/photo-1743385779347-1549dabf1320,unsplash,,,,photo,2,cambridge-nationals-engineering-programmable-systems,Programming & Flowcharts,,Photo via Unsplash,(needs description) (Photo via Unsplash),N
https://images.unsplash.com/photo-1634452015397-ad0686a2ae2d,unsplash,,,,photo,1,cambridge-nationals-engineering-programmable-systems,Prototyping Circuits: Breadboards & Simulation,,Photo via Unsplash,(needs description) (Photo via Unsplash),N
https://images.unsplash.com/photo-1758101755915-462eddc23f57,unsplash,,,,photo,1,cambridge-nationals-engineering-programmable-systems,Testing & Fault-Finding,,Photo via Unsplash,(needs description) (Photo via Unsplash),N
https://images.unsplash.com/photo-1479660095429-2cf4e1360472,unsplash,,,,photo,1,cambridge-nationals-enterprise-and-marketing,"Advertising, Sales Promotion and Public Relations",,Photo via Unsplash,(needs description) (Photo via Unsplash),N
https://images.unsplash.com/photo-1593510987459-9a1489817a3b,unsplash,,,,photo,1,cambridge-nationals-enterprise-and-marketing,Business Ownership and Sources of Capital,,Photo via Unsplash,(needs description) (Photo via Unsplash),N
https://images.unsplash.com/photo-1568658173325-c7b8a11d5666,unsplash,,,,photo,1,cambridge-nationals-enterprise-and-marketing,Characteristics of Successful Entrepreneurs,,Photo via Unsplash,(needs description) (Photo via Unsplash),N
https://images.unsplash.com/photo-1738479021471-d5bfcc169e10,unsplash,,,,photo,1,cambridge-nationals-enterprise-and-marketing,"Costs, Revenue, Profit and Loss",,Photo via Unsplash,(needs description) (Photo via Unsplash),N
https://images.unsplash.com/36/yJl7OB3sSpOdEIpHhZhd_DSC_1929_1.jpg,unsplash,,,,photo,1,cambridge-nationals-enterprise-and-marketing,Market Segmentation,,Photo via Unsplash,(needs description) (Photo via Unsplash),N
https://images.unsplash.com/photo-1552823089-f393e9c0fd5b,unsplash,,,,photo,1,cambridge-nationals-enterprise-and-marketing,Pricing a Product,,Photo via Unsplash,(needs description) (Photo via Unsplash),N
https://images.unsplash.com/photo-1604948501466-4e9c339b9c24,unsplash,,,,photo,1,cambridge-nationals-enterprise-and-marketing,Rewards and Drawbacks of Risk-Taking,,Photo via Unsplash,(needs description) (Photo via Unsplash),N
https://upload.wikimedia.org/wikipedia/commons/e/e9/Mark_Andrews_Ravens2020.jpg,wikimedia,CC BY-SA 2.0,SHARE-ALIKE,All-Pro Reels,photo,1,cambridge-nationals-sport-science,Common Medical Conditions: Asthma & Diabetes,,Photo by All-Pro Reels · CC BY-SA 2.0 · Wikimedia Commons,(needs description) (Photo by All-Pro Reels · CC BY-SA 2.0 · Wikimedia Commons),N
https://images.unsplash.com/photo-1645954090072-6f3c8cec7c1f,unsplash,,,,photo,1,cambridge-nationals-sport-science,Common Medical Conditions: Epilepsy & Sudden Cardiac Arrest,,Photo via Unsplash,(needs description) (Photo via Unsplash),N
https://images.unsplash.com/photo-1607962837359-5e7e89f86776,unsplash,,,,photo,1,cambridge-nationals-sport-science,Cool Down Routines,,Photo via Unsplash,(needs description) (Photo via Unsplash),N
https://images.unsplash.com/photo-1780476871200-d0d5fa1b7609,unsplash,,,,photo,1,cambridge-nationals-sport-science,Extrinsic Factors Affecting Injury Risk,,Photo via Unsplash,(needs description) (Photo via Unsplash),N
https://images.unsplash.com/photo-1649751361457-01d3a696c7e6,unsplash,,,,photo,1,cambridge-nationals-sport-science,Intrinsic Factors Affecting Injury Risk,,Photo via Unsplash,(needs description) (Photo via Unsplash),N
https://images.unsplash.com/photo-1740639092428-f2e07baf4cc7,unsplash,,,,photo,1,cambridge-nationals-sport-science,"Managing Medical Conditions: Hypothermia, Heat Exhaustion & Dehydration",,Photo via Unsplash,(needs description) (Photo via Unsplash),N
https://images.unsplash.com/photo-1687184144779-51a366352458,unsplash,,,,photo,1,cambridge-nationals-sport-science,Rehabilitation & Reducing the Risk of Injury,,Photo via Unsplash,(needs description) (Photo via Unsplash),N
https://images.unsplash.com/photo-1552572633-716616a6ad07,unsplash,,,,photo,1,cambridge-nationals-sport-science,Responding to Sports Injuries: First Aid (SALTAPS & PRICE),,Photo via Unsplash,(needs description) (Photo via Unsplash),N
https://images.unsplash.com/photo-1761839256547-0a1cd11b6dfb,unsplash,,,,photo,1,cambridge-nationals-sport-science,Warm Up Routines,,Photo via Unsplash,(needs description) (Photo via Unsplash),N
https://images.unsplash.com/photo-1729684964917-904bca805fa9,unsplash,,,,photo,1,cambridge-nationals-sport-studies,Barriers to Participation — and How to Remove Them,,Photo via Unsplash,(needs description) (Photo via Unsplash),N
https://upload.wikimedia.org/wikipedia/commons/b/b1/Dustin_Brown_12%2C_2015_Wimbledon_Qualifying_-_Diliff.jpg,wikimedia,CC BY 3.0,ATTRIB-REQUIRED,Diliff,photo,1,cambridge-nationals-sport-studies,"Etiquette, Sportsmanship & Spectator Behaviour",,Photo by Diliff · CC BY 3.0 · Wikimedia Commons,(needs description) (Photo by Diliff · CC BY 3.0 · Wikimedia Commons),N
https://images.unsplash.com/photo-1568569262750-70c6fc9af773,unsplash,,,,photo,1,cambridge-nationals-sport-studies,Hosting a Major Event — During & After (Legacy),,Photo via Unsplash,(needs description) (Photo via Unsplash),N
https://images.unsplash.com/photo-1775326823864-ecacf5317f9b,unsplash,,,,photo,1,cambridge-nationals-sport-studies,Hosting a Major Sporting Event — Pre-Event & Bidding,,Photo via Unsplash,(needs description) (Photo via Unsplash),N
https://upload.wikimedia.org/wikipedia/commons/f/fb/Colo-Colo_v_Palestino_20200128_03.jpg,wikimedia,CC BY-SA 4.0,SHARE-ALIKE,Carlos Figueroa,photo,1,cambridge-nationals-sport-studies,National Governing Bodies & Technology in Sport,,Photo by Carlos Figueroa · CC BY-SA 4.0 · Wikimedia Commons,(needs description) (Photo by Carlos Figueroa · CC BY-SA 4.0 · Wikimedia Commons),N
https://images.unsplash.com/photo-1655350493292-0a1bd89c550c,unsplash,,,,photo,1,cambridge-nationals-sport-studies,"Performance-Enhancing Drugs, WADA & Sanctions",,Photo via Unsplash,(needs description) (Photo via Unsplash),N
https://images.unsplash.com/photo-1683838946102-d8c3511e325b,unsplash,,,,photo,1,cambridge-nationals-sport-studies,Popularity of Sport in the UK & Emerging Sports,,Photo via Unsplash,(needs description) (Photo via Unsplash),N
https://images.unsplash.com/photo-1567454998813-d38739a57dbb,unsplash,,,,photo,1,cambridge-nationals-sport-studies,The Olympic & Paralympic Movement,,Photo via Unsplash,(needs description) (Photo via Unsplash),N
https://images.unsplash.com/photo-1771257807721-b7da59c6d46d,unsplash,,,,photo,1,cambridge-nationals-sport-studies,User Groups & Who Participates in Sport,,Photo via Unsplash,(needs description) (Photo via Unsplash),N
https://images.unsplash.com/photo-1518876204695-602a80a9c6bf,unsplash,,,,photo,1,cambridge-nationals-sport-studies,"Values in Sport — Team Spirit, Fair Play & National Pride",,Photo via Unsplash,(needs description) (Photo via Unsplash),N
https://pub-aeb94e100e5a48f4a133be5bf206aecb.r2.dev/citizenship-aqa/life-modern-britain-rights-responsibilities/lesson-01-hero.jpg,r2,,,,photo,1,citizenship-aqa,British Values and the Principles of Society,,Photo via Unsplash,(needs description) (Photo via Unsplash),N
https://images.unsplash.com/photo-1580576079917-b66047bed513,unsplash,,,,photo,1,citizenship-aqa,Citizens in Action: Two Case Studies,,Photo via Unsplash,(needs description) (Photo via Unsplash),N
https://pub-aeb94e100e5a48f4a133be5bf206aecb.r2.dev/citizenship-aqa/life-modern-britain-rights-responsibilities/lesson-13-hero.jpg,r2,,,,photo,1,citizenship-aqa,Citizens in the Legal System,,Photo via Unsplash,(needs description) (Photo via Unsplash),N
https://images.unsplash.com/photo-1717333274767-0eed749076a4,unsplash,,,,photo,1,citizenship-aqa,"Crime, Punishment and Sentencing",,Photo via Unsplash,(needs description) (Photo via Unsplash),N
https://images.unsplash.com/photo-1768839722927-df0ef3188f6d,unsplash,,,,photo,1,citizenship-aqa,Criminal vs Civil Law,,Photo via Unsplash,(needs description) (Photo via Unsplash),N
https://pub-aeb94e100e5a48f4a133be5bf206aecb.r2.dev/citizenship-aqa/politics-participation-active-citizenship/lesson-13-hero.jpg,r2,,,,photo,1,citizenship-aqa,Digital Democracy and Civic Participation,,Photo via Unsplash,(needs description) (Photo via Unsplash),N
https://images.unsplash.com/photo-1598802777393-751e5387ecd1,unsplash,,,,photo,1,citizenship-aqa,"Elections, Voting and Voter Turnout",,Photo via Unsplash,(needs description) (Photo via Unsplash),N
https://pub-aeb94e100e5a48f4a133be5bf206aecb.r2.dev/citizenship-aqa/politics-participation-active-citizenship/lesson-05-hero.jpg,r2,,,,photo,1,citizenship-aqa,"Government, the Prime Minister and Cabinet",,Photo via Unsplash,(needs description) (Photo via Unsplash),N
https://images.unsplash.com/photo-1762437060592-ce6b7315140c,unsplash,,,,photo,1,citizenship-aqa,How Citizens Bring About Political Change,,Photo via Unsplash,(needs description) (Photo via Unsplash),N
https://pub-aeb94e100e5a48f4a133be5bf206aecb.r2.dev/citizenship-aqa/politics-participation-active-citizenship/lesson-11-hero.jpg,r2,,,,photo,1,citizenship-aqa,How Other Countries Are Governed,,Photo via Unsplash,(needs description) (Photo via Unsplash),N
https://upload.wikimedia.org/wikipedia/commons/2/2a/House_of_Commons_2010.jpg,wikimedia,OGL 3,OTHER,UK government,photo,2,citizenship-aqa,How Parliament Works,,Photo by UK government · OGL 3 · Wikimedia Commons,(needs description) (Photo by UK government · OGL 3 · Wikimedia Commons),N
https://upload.wikimedia.org/wikipedia/commons/3/3d/Passing_of_the_Parliament_Bill%2C_1911_-_Project_Gutenberg_eText_19609.jpg,wikimedia,Public domain,FREE,Samuel Begg (1854–1936),photo,1,citizenship-aqa,How a Bill Becomes a Law,,Photo by Samuel Begg (1854–1936) · public domain · Wikimedia Commons,(needs description) (Photo by Samuel Begg (1854–1936) · public domain · Wikimedia Commons),N
https://images.unsplash.com/photo-1623292867420-65f47ca27398,unsplash,,,,photo,1,citizenship-aqa,Legal Ages and the Three UK Legal Systems,,Photo via Unsplash,(needs description) (Photo via Unsplash),N
https://images.unsplash.com/photo-1576078361289-d7c4da40e7cd,unsplash,,,,photo,1,citizenship-aqa,Migration and Immigration,,Photo via Unsplash,(needs description) (Photo via Unsplash),N
https://pub-aeb94e100e5a48f4a133be5bf206aecb.r2.dev/citizenship-aqa/politics-participation-active-citizenship/lesson-16-hero.jpg,r2,,,,photo,1,citizenship-aqa,Planning and Evaluating a Citizenship Action,,Photo via Unsplash,(needs description) (Photo via Unsplash),N
https://pub-aeb94e100e5a48f4a133be5bf206aecb.r2.dev/citizenship-aqa/life-modern-britain-rights-responsibilities/lesson-08-hero.jpg,r2,,,,photo,1,citizenship-aqa,"Police, Courts and Legal Representatives",,Photo via Unsplash,(needs description) (Photo via Unsplash),N
https://pub-aeb94e100e5a48f4a133be5bf206aecb.r2.dev/citizenship-aqa/politics-participation-active-citizenship/lesson-09-hero.jpg,r2,,,,photo,1,citizenship-aqa,Political Parties and Their Beliefs,,Photo via Unsplash,(needs description) (Photo via Unsplash),N
https://pub-aeb94e100e5a48f4a133be5bf206aecb.r2.dev/citizenship-aqa/politics-participation-active-citizenship/lesson-14-hero.jpg,r2,,,,photo,1,citizenship-aqa,"Pressure Groups, Trade Unions and Civil Society",,Photo via Unsplash,(needs description) (Photo via Unsplash),N
https://upload.wikimedia.org/wikipedia/commons/a/a2/Jeremy_Hunt_presenting_the_Spring_Budget%2C_2023.jpg,wikimedia,OGL 3,OTHER,Simon Walker / No10 Downing Street,photo,1,citizenship-aqa,"Tax, Spending and Public Services",,Photo by Simon Walker / No10 Downing Street · OGL 3 · Wikimedia Commons,(needs description) (Photo by Simon Walker / No10 Downing Street · OGL 3 · Wikimedia Commons),N
https://pub-aeb94e100e5a48f4a133be5bf206aecb.r2.dev/citizenship-aqa/politics-participation-active-citizenship/lesson-02-hero.jpg,r2,,,,photo,1,citizenship-aqa,The British Constitution,,Photo via Unsplash,(needs description) (Photo via Unsplash),N
https://images.unsplash.com/photo-1590274853856-f22d5ee3d228,unsplash,,,,photo,1,citizenship-aqa,The UK in the World: International Organisations,,Photo via Unsplash,(needs description) (Photo via Unsplash),N
https://images.unsplash.com/photo-1720128401402-81c9dc339870,unsplash,,,,photo,1,citizenship-aqa,Voting Systems in the UK,,Photo via Unsplash,(needs description) (Photo via Unsplash),N
https://images.unsplash.com/photo-1540910419892-4a36d2c3266c,unsplash,,,,photo,1,citizenship-aqa,What Democracy Means,,Photo via Unsplash,(needs description) (Photo via Unsplash),N
https://pub-aeb94e100e5a48f4a133be5bf206aecb.r2.dev/citizenship-aqa/life-modern-britain-rights-responsibilities/lesson-09-hero.jpg,r2,,,,photo,1,citizenship-aqa,Why Society Needs Laws,,Photo via Unsplash,(needs description) (Photo via Unsplash),N
https://upload.wikimedia.org/wikipedia/commons/3/35/Insula_dell%27Aracoeli_from_NW_%282011%29.jpg,wikimedia,CC BY 4.0,ATTRIB-REQUIRED,Mark Landon (User:Choliamb),photo,1,classical-civilisation-ocr,Apartment Living: the Insula,,Photo by Mark Landon (User:Choliamb) · CC BY 4.0 · Wikimedia Commons,(needs description) (Photo by Mark Landon (User:Choliamb) · CC BY 4.0 · Wikimedia Commons),N
https://pub-aeb94e100e5a48f4a133be5bf206aecb.r2.dev/classical-civilisation-ocr/the-roman-army-and-the-values-of-war/lesson-02-hero.jpg,r2,,,,photo,1,classical-civilisation-ocr,"Arms, Armour & the Camp",,Photo via Unsplash,(needs description) (Photo via Unsplash),N
https://upload.wikimedia.org/wikipedia/commons/f/f5/Dromos_of_the_Treasury_of_Atreus_at_Mycenae%2C_090937.jpg,wikimedia,CC BY-SA 4.0,SHARE-ALIKE,Zde,photo,1,classical-civilisation-ocr,Burial Customs & the Grave Circles,,Photo by Zde · CC BY-SA 4.0 · Wikimedia Commons,(needs description) (Photo by Zde · CC BY-SA 4.0 · Wikimedia Commons),N
https://upload.wikimedia.org/wikipedia/commons/5/5f/Funerary_Relief_of_Publius_Aiedius_Amphio_and_his_Wife_Aiedia%2C_Marble%2C_Via_Appia%2C_Rome%2C_c._30_BC_%2828117260474%29.jpg,wikimedia,CC0,FREE,"Gary Todd from Xinzheng, China",photo,1,classical-civilisation-ocr,Death & Burial,,"Photo by Gary Todd from Xinzheng, China · public domain · Wikimedia Commons","(needs description) (Photo by Gary Todd from Xinzheng, China · public domain · Wikimedia Commons)",N
https://images.unsplash.com/photo-1739323147168-5e367938177a,unsplash,,,,photo,1,classical-civilisation-ocr,Decorative Arts & Material Culture,,Photo via Unsplash,(needs description) (Photo via Unsplash),N
https://images.unsplash.com/photo-1662826565067-f89cb3327a65,unsplash,,,,photo,1,classical-civilisation-ocr,Foundation Myths: Athens & Rome,,Photo via Unsplash,(needs description) (Photo via Unsplash),N
https://upload.wikimedia.org/wikipedia/commons/3/30/A_clay-bakedface._Roman_votive_offering_Wellcome_L0035952.jpg,wikimedia,CC BY 4.0,ATTRIB-REQUIRED,unknown artist,photo,1,classical-civilisation-ocr,"Gods, Values & the Household",,Photo by unknown artist · CC BY 4.0 · Wikimedia Commons,(needs description) (Photo by unknown artist · CC BY 4.0 · Wikimedia Commons),N
https://images.unsplash.com/photo-1650797885394-a67b8d535f56,unsplash,,,,photo,1,classical-civilisation-ocr,Heroism & Leadership in War,,Photo via Unsplash,(needs description) (Photo via Unsplash),N
https://upload.wikimedia.org/wikipedia/commons/7/71/Museum_Humanum%2C_Fratres%2C_Austria%2C_Ancient_Greek_terracottas%2C_24M4013.jpg,wikimedia,CC BY-SA 4.0,SHARE-ALIKE,Zde,photo,1,classical-civilisation-ocr,Homer & the Epic Tradition,,Photo by Zde · CC BY-SA 4.0 · Wikimedia Commons,(needs description) (Photo by Zde · CC BY-SA 4.0 · Wikimedia Commons),N
https://images.unsplash.com/photo-1688668872210-f3f23e210dac,unsplash,,,,photo,1,classical-civilisation-ocr,Journeying to the Underworld,,Photo via Unsplash,(needs description) (Photo via Unsplash),N
https://upload.wikimedia.org/wikipedia/commons/b/b5/Spartan_running_girl.jpg,wikimedia,CC BY-SA 4.0,SHARE-ALIKE,Caeciliusinhorto,photo,1,classical-civilisation-ocr,Marriage & Coming of Age,,Photo by Caeciliusinhorto · CC BY-SA 4.0 · Wikimedia Commons,(needs description) (Photo by Caeciliusinhorto · CC BY-SA 4.0 · Wikimedia Commons),N
https://images.unsplash.com/photo-1728247580461-31834a8d91ae,unsplash,,,,photo,1,classical-civilisation-ocr,Myth as a Symbol of Power,,Photo via Unsplash,(needs description) (Photo via Unsplash),N
https://upload.wikimedia.org/wikipedia/commons/4/4e/Lucretia_romana.jpg,wikimedia,Public domain,FREE,Guillaume Rouillé (original author) + Polona Upload for the scan,photo,1,classical-civilisation-ocr,Notable Women & the Sources,,Photo by Guillaume Rouillé (original author) + Polona Upload for the scan · public domain · Wikimedia Commons,(needs description) (Photo by Guillaume Rouillé (original author) + Polona Upload for the scan · public domain · Wikimedia Commons),N
https://upload.wikimedia.org/wikipedia/commons/4/41/British_Museum_%2844437275651%29.jpg,wikimedia,CC BY 2.0,ATTRIB-REQUIRED,Paul Hudson from United Kingdom,photo,1,classical-civilisation-ocr,Odysseus the Hero,,Photo by Paul Hudson from United Kingdom · CC BY 2.0 · Wikimedia Commons,(needs description) (Photo by Paul Hudson from United Kingdom · CC BY 2.0 · Wikimedia Commons),N
https://upload.wikimedia.org/wikipedia/commons/3/38/Hearth_of_the_megaron_of_Pylos.jpg,wikimedia,CC BY-SA 3.0,SHARE-ALIKE,YukioSanjo,photo,1,classical-civilisation-ocr,Palaces & the Megaron,,Photo by YukioSanjo · CC BY-SA 3.0 · Wikimedia Commons,(needs description) (Photo by YukioSanjo · CC BY-SA 3.0 · Wikimedia Commons),N
https://upload.wikimedia.org/wikipedia/commons/5/5c/Herculaneum_Gate_on_the_way_to_the_Villa_of_the_Mysteries_Pompeii_Walk.jpg,wikimedia,CC BY-SA 4.0,SHARE-ALIKE,Isaac Harjo of Prowalk Tours,photo,1,classical-civilisation-ocr,Pompeii & Herculaneum as Evidence,,Photo by Isaac Harjo of Prowalk Tours · CC BY-SA 4.0 · Wikimedia Commons,(needs description) (Photo by Isaac Harjo of Prowalk Tours · CC BY-SA 4.0 · Wikimedia Commons),N
https://upload.wikimedia.org/wikipedia/commons/a/a3/Livia_y_Tiberio_M.A.N._01.JPG,wikimedia,CC BY-SA 4.0,SHARE-ALIKE,Miguel Hermoso Cuesta,photo,1,classical-civilisation-ocr,Powerful Women of Rome,,Photo by Miguel Hermoso Cuesta · CC BY-SA 4.0 · Wikimedia Commons,(needs description) (Photo by Miguel Hermoso Cuesta · CC BY-SA 4.0 · Wikimedia Commons),N
https://upload.wikimedia.org/wikipedia/commons/d/d8/Delphi_BW_2017-10-08_11-44-18.jpg,wikimedia,CC BY-SA 3.0,SHARE-ALIKE,Berthold Werner,photo,1,classical-civilisation-ocr,"Priests, Priestesses & Oracles",,Photo by Berthold Werner · CC BY-SA 3.0 · Wikimedia Commons,(needs description) (Photo by Berthold Werner · CC BY-SA 3.0 · Wikimedia Commons),N
https://upload.wikimedia.org/wikipedia/commons/5/59/Rome_%28IT%29%2C_Insula_dell%27Ara_Coeli_--_2013_--_3461.jpg,wikimedia,CC BY-SA 4.0,SHARE-ALIKE,Dietmar Rabich,photo,1,classical-civilisation-ocr,Religion in the Roman City,,Photo by Dietmar Rabich · CC BY-SA 4.0 · Wikimedia Commons,(needs description) (Photo by Dietmar Rabich · CC BY-SA 4.0 · Wikimedia Commons),N
https://upload.wikimedia.org/wikipedia/commons/a/a9/Greek_vase_with_runners_at_the_panathenaic_games_530_bC.jpg,wikimedia,CC BY 2.5,ATTRIB-REQUIRED,No machine-readable author provided. MatthiasKabel assumed (based on copyright claims).,photo,1,classical-civilisation-ocr,Religious Festivals,,Photo by No machine-readable author provided. MatthiasKabel assumed (based on copyright claims). · CC BY 2.5 · Wikimedia Commons,(needs description) (Photo by No machine-readable author provided. MatthiasKabel assumed (based on copyright claims). · CC BY 2.5 · Wikimedia Commons),N
https://upload.wikimedia.org/wikipedia/commons/e/e6/Silver_Denarius_of_Trajan_%28MANTIS%29.jpg,wikimedia,CC0,FREE,American Numismatic Society,photo,1,classical-civilisation-ocr,Roman Warfare & Expansion,,Photo by American Numismatic Society · public domain · Wikimedia Commons,(needs description) (Photo by American Numismatic Society · public domain · Wikimedia Commons),N
https://upload.wikimedia.org/wikipedia/commons/8/8a/Giulio_Romano_-_Tarquin_and_Lucretia_-_WGA09608.jpg,wikimedia,Public domain,FREE,Giulio Romano,photo,1,classical-civilisation-ocr,Roman Women & the Home,,Photo by Giulio Romano · public domain · Wikimedia Commons,(needs description) (Photo by Giulio Romano · public domain · Wikimedia Commons),N
https://upload.wikimedia.org/wikipedia/commons/3/3e/Model_of_a_greek_trireme.jpg,wikimedia,CC BY-SA 3.0,SHARE-ALIKE,unknown artist,photo,1,classical-civilisation-ocr,Salamis & Naval Warfare,,Photo by unknown artist · CC BY-SA 3.0 · Wikimedia Commons,(needs description) (Photo by unknown artist · CC BY-SA 3.0 · Wikimedia Commons),N
https://upload.wikimedia.org/wikipedia/commons/6/65/Roman_collared_slaves_-_Ashmolean_Museum.jpg,wikimedia,CC BY-SA 2.0,SHARE-ALIKE,Jun,photo,1,classical-civilisation-ocr,Slaves & Freedmen,,Photo by Jun · CC BY-SA 2.0 · Wikimedia Commons,(needs description) (Photo by Jun · CC BY-SA 2.0 · Wikimedia Commons),N
https://images.unsplash.com/photo-1722870796733-450919c1402a,unsplash,,,,photo,1,classical-civilisation-ocr,Sparta & the Idealisation of War,,Photo via Unsplash,(needs description) (Photo via Unsplash),N
https://images.unsplash.com/photo-1598177183308-ec8555cbfe76,unsplash,,,,photo,1,classical-civilisation-ocr,Temples & Their Architecture,,Photo via Unsplash,(needs description) (Photo via Unsplash),N
https://pub-aeb94e100e5a48f4a133be5bf206aecb.r2.dev/classical-civilisation-ocr/roman-leisure-and-society/lesson-02-hero.jpg,r2,,,,photo,1,classical-civilisation-ocr,The Amphitheatre & Gladiators,,Photo via Unsplash,(needs description) (Photo via Unsplash),N
https://images.unsplash.com/photo-1697455621587-1011833b931c,unsplash,,,,photo,1,classical-civilisation-ocr,The Athenian Woman & the Home,,Photo via Unsplash,(needs description) (Photo via Unsplash),N
https://upload.wikimedia.org/wikipedia/commons/9/99/Scene_of_the_Battle_of_Marathon.jpg,wikimedia,Public domain,FREE,John Steeple Davis,photo,1,classical-civilisation-ocr,The Battle of Marathon,,Photo by John Steeple Davis · public domain · Wikimedia Commons,(needs description) (Photo by John Steeple Davis · public domain · Wikimedia Commons),N
https://upload.wikimedia.org/wikipedia/commons/2/25/Lions-Gate-Mycenae.jpg,wikimedia,CC BY-SA 2.5,SHARE-ALIKE,Andreas Trepte,photo,1,classical-civilisation-ocr,The Citadel of Mycenae,,Photo by Andreas Trepte · CC BY-SA 2.5 · Wikimedia Commons,(needs description) (Photo by Andreas Trepte · CC BY-SA 2.5 · Wikimedia Commons),N
https://upload.wikimedia.org/wikipedia/commons/8/8e/Forum_Romanum_through_Arch_of_Septimius_Severus_Forum_Romanum_Rome.jpg,wikimedia,CC0,FREE,Jebulon,photo,1,classical-civilisation-ocr,The Forum & Public Buildings,,Photo by Jebulon · public domain · Wikimedia Commons,(needs description) (Photo by Jebulon · public domain · Wikimedia Commons),N
https://images.unsplash.com/photo-1603565816030-6b389eeb23cb,unsplash,,,,photo,1,classical-civilisation-ocr,The Greek Gods,,Photo via Unsplash,(needs description) (Photo via Unsplash),N
https://upload.wikimedia.org/wikipedia/commons/4/45/De_Troya_a_%C3%8Dtaca.jpg,wikimedia,CC BY-SA 4.0,SHARE-ALIKE,FJ19,photo,1,classical-civilisation-ocr,The Homecoming,,Photo by FJ19 · CC BY-SA 4.0 · Wikimedia Commons,(needs description) (Photo by FJ19 · CC BY-SA 4.0 · Wikimedia Commons),N
https://upload.wikimedia.org/wikipedia/commons/e/ed/Greek_Phalanx.jpg,wikimedia,Public domain,FREE,unknown artist,photo,1,classical-civilisation-ocr,The Hoplite & the Phalanx,,Photo by unknown artist · public domain · Wikimedia Commons,(needs description) (Photo by unknown artist · public domain · Wikimedia Commons),N
https://images.unsplash.com/photo-1543844481-52e5d6b93760,unsplash,,,,photo,1,classical-civilisation-ocr,The Material Culture of War,,Photo via Unsplash,(needs description) (Photo via Unsplash),N
https://upload.wikimedia.org/wikipedia/commons/d/d7/Mycenae_ruins_dsc06390.jpg,wikimedia,CC BY-SA 3.0,SHARE-ALIKE,David Monniaux,photo,1,classical-civilisation-ocr,The Mycenaean Age & Its Discovery,,Photo by David Monniaux · CC BY-SA 3.0 · Wikimedia Commons,(needs description) (Photo by David Monniaux · CC BY-SA 3.0 · Wikimedia Commons),N
https://upload.wikimedia.org/wikipedia/commons/5/5d/Ba%C3%B1os_Romanos%2C_Bath%2C_Inglaterra%2C_2014-08-12%2C_DD_39-41_HDR.JPG,wikimedia,CC BY-SA 4.0,SHARE-ALIKE,Diego Delso,photo,1,classical-civilisation-ocr,The Roman Baths,,Photo by Diego Delso · CC BY-SA 4.0 · Wikimedia Commons,(needs description) (Photo by Diego Delso · CC BY-SA 4.0 · Wikimedia Commons),N
https://upload.wikimedia.org/wikipedia/commons/b/b5/Mosaic_at_the_Domus_Romana_2.jpg,wikimedia,CC BY-SA 4.0,SHARE-ALIKE,A.-K. D.,photo,1,classical-civilisation-ocr,The Roman Domus,,Photo by A.-K. D. · CC BY-SA 4.0 · Wikimedia Commons,(needs description) (Photo by A.-K. D. · CC BY-SA 4.0 · Wikimedia Commons),N
https://images.unsplash.com/photo-1684275507407-28032196faeb,unsplash,,,,photo,1,classical-civilisation-ocr,The Roman Gods & Greek-Roman Comparison,,Photo via Unsplash,(needs description) (Photo via Unsplash),N
https://pub-aeb94e100e5a48f4a133be5bf206aecb.r2.dev/classical-civilisation-ocr/the-roman-army-and-the-values-of-war/lesson-01-hero.jpg,r2,,,,photo,1,classical-civilisation-ocr,The Roman Legion,,Photo via Unsplash,(needs description) (Photo via Unsplash),N
https://upload.wikimedia.org/wikipedia/commons/c/cf/Jean-Baptiste-Camille_Corot_-_Young_Women_of_Sparta_%28Jeunes_filles_de_Sparte%29_-_Google_Art_Project.jpg,wikimedia,Public domain,FREE,Jean-Baptiste Camille Corot,photo,1,classical-civilisation-ocr,The Spartan Woman,,Photo by Jean-Baptiste Camille Corot · public domain · Wikimedia Commons,(needs description) (Photo by Jean-Baptiste Camille Corot · public domain · Wikimedia Commons),N
https://images.unsplash.com/photo-1567522874215-d5e2f1bee83d,unsplash,,,,photo,1,classical-civilisation-ocr,The Universal Hero: Heracles / Hercules,,Photo via Unsplash,(needs description) (Photo via Unsplash),N
https://upload.wikimedia.org/wikipedia/commons/8/82/Zephyrus_blaast_het_schip_van_Odysseus_vooruit_De_werken_van_Odysseus_%28serietitel%29%2C_RP-P-OB-66.745.jpg,wikimedia,CC0,FREE,Rijksmuseum,photo,1,classical-civilisation-ocr,The Wanderings of Odysseus,,Photo by Rijksmuseum · public domain · Wikimedia Commons,(needs description) (Photo by Rijksmuseum · public domain · Wikimedia Commons),N
https://pub-aeb94e100e5a48f4a133be5bf206aecb.r2.dev/classical-civilisation-ocr/roman-leisure-and-society/lesson-03-hero.jpg,r2,,,,photo,1,classical-civilisation-ocr,Theatre & Chariot Racing,,Photo via Unsplash,(needs description) (Photo via Unsplash),N
https://upload.wikimedia.org/wikipedia/commons/6/6f/The_Battle_of_Thermopylae_engraving.jpg,wikimedia,Public domain,FREE,"Abbott, Jacob, 1803-1879",photo,1,classical-civilisation-ocr,Thermopylae & the 300,,"Photo by Abbott, Jacob, 1803-1879 · public domain · Wikimedia Commons","(needs description) (Photo by Abbott, Jacob, 1803-1879 · public domain · Wikimedia Commons)",N
https://pub-aeb94e100e5a48f4a133be5bf206aecb.r2.dev/classical-civilisation-ocr/the-roman-city-and-home/lesson-01-hero.jpg,r2,,,,photo,1,classical-civilisation-ocr,Town Planning & the City,,Photo via Unsplash,(needs description) (Photo via Unsplash),N
https://upload.wikimedia.org/wikipedia/commons/2/26/Produzione_greca_o_magnogreca%2C_sarcofago_delle_amazzoni%2C_350-325_a.C._ca%2C_da_tarquinia_05.JPG,wikimedia,CC BY-SA 3.0,SHARE-ALIKE,Sailko,photo,1,classical-civilisation-ocr,Warrior Women,,Photo by Sailko · CC BY-SA 3.0 · Wikimedia Commons,(needs description) (Photo by Sailko · CC BY-SA 3.0 · Wikimedia Commons),N
https://upload.wikimedia.org/wikipedia/commons/5/5e/Vestal-Virgins-at-Colosseum-x-2--Gerome-v-Leroux.jpg,wikimedia,Public domain,FREE,Jean Léon Gérôme and Louis Hector Leroux,photo,1,classical-civilisation-ocr,Women & Religion,,Photo by Jean Léon Gérôme and Louis Hector Leroux · public domain · Wikimedia Commons,(needs description) (Photo by Jean Léon Gérôme and Louis Hector Leroux · public domain · Wikimedia Commons),N
https://upload.wikimedia.org/wikipedia/commons/d/d1/The_Love_of_Paris_and_Helen_by_Jacques-Louis_David.jpg,wikimedia,Public domain,FREE,Jacques-Louis David,photo,1,classical-civilisation-ocr,Women of Legend,,Photo by Jacques-Louis David · public domain · Wikimedia Commons,(needs description) (Photo by Jacques-Louis David · public domain · Wikimedia Commons),N
https://upload.wikimedia.org/wikipedia/commons/5/59/The_Debate_Of_Socrates_And_Aspasia.jpg,wikimedia,Public domain,FREE,Nicolas-André Monsiau,photo,1,classical-civilisation-ocr,"Women, Power & Exclusion",,Photo by Nicolas-André Monsiau · public domain · Wikimedia Commons,(needs description) (Photo by Nicolas-André Monsiau · public domain · Wikimedia Commons),N
https://images.unsplash.com/photo-1555993539-1732b0258235,unsplash,,,,photo,1,classical-civilisation-ocr,Worship & Sacrifice,,Photo via Unsplash,(needs description) (Photo via Unsplash),N
https://pub-aeb94e100e5a48f4a133be5bf206aecb.r2.dev/computer-science/computational-thinking/advanced-programming-hero.jpg,r2,,,,photo,2,computer-science,Advanced Programming Techniques,,Photo via Unsplash,(needs description) (Photo via Unsplash),N
https://images.unsplash.com/photo-1556075798-4825dfaaf498,unsplash,,,,photo,2,computer-science,Boolean Logic & Truth Tables,,Photo via Unsplash,(needs description) (Photo via Unsplash),N
https://pub-aeb94e100e5a48f4a133be5bf206aecb.r2.dev/computer-science/computer-systems/cpu-architecture-hero.jpg,r2,,,,photo,2,computer-science,CPU Architecture & the Fetch-Execute Cycle,,Photo via Unsplash,(needs description) (Photo via Unsplash),N
https://pub-aeb94e100e5a48f4a133be5bf206aecb.r2.dev/computer-science/computer-systems/cpu-performance-hero.jpg,r2,,,,photo,2,computer-science,CPU Performance,,Photo via Unsplash,(needs description) (Photo via Unsplash),N
https://pub-aeb94e100e5a48f4a133be5bf206aecb.r2.dev/computer-science/computational-thinking/computational-thinking-hero.jpg,r2,,,,photo,2,computer-science,Computational Thinking,,Photo via Unsplash,(needs description) (Photo via Unsplash),N
https://pub-aeb94e100e5a48f4a133be5bf206aecb.r2.dev/computer-science/computer-systems/compression-hero.jpg,r2,,,,photo,2,computer-science,Data Compression,,Photo via Unsplash,(needs description) (Photo via Unsplash),N
https://pub-aeb94e100e5a48f4a133be5bf206aecb.r2.dev/computer-science/computer-systems/data-representation-hero.jpg,r2,,,,photo,2,computer-science,"Data Representation (Binary, Hex & Character Sets)",,Photo via Unsplash,(needs description) (Photo via Unsplash),N
https://pub-aeb94e100e5a48f4a133be5bf206aecb.r2.dev/computer-science/computational-thinking/data-types-and-structures-hero.jpg,r2,,,,photo,3,computer-science,Data Types & Structures,,Photo via Unsplash,(needs description) (Photo via Unsplash),N
https://pub-aeb94e100e5a48f4a133be5bf206aecb.r2.dev/computer-science/computational-thinking/defensive-design-hero.jpg,r2,,,,photo,2,computer-science,Defensive Design & Input Validation,,Photo via Unsplash,(needs description) (Photo via Unsplash),N
https://pub-aeb94e100e5a48f4a133be5bf206aecb.r2.dev/computer-science/computational-thinking/designing-algorithms-hero.jpg,r2,,,,photo,2,computer-science,Designing Algorithms (Pseudocode & Flowcharts),,Photo via Unsplash,(needs description) (Photo via Unsplash),N
https://pub-aeb94e100e5a48f4a133be5bf206aecb.r2.dev/computer-science/computer-systems/embedded-systems-hero.jpg,r2,,,,photo,2,computer-science,Embedded Systems,,Photo via Unsplash,(needs description) (Photo via Unsplash),N
https://pub-aeb94e100e5a48f4a133be5bf206aecb.r2.dev/computer-science/computer-systems/ethics-and-impact-hero.jpg,r2,,,,photo,2,computer-science,"Ethical, Legal, Cultural & Environmental Impacts",,Photo via Unsplash,(needs description) (Photo via Unsplash),N
https://pub-aeb94e100e5a48f4a133be5bf206aecb.r2.dev/computer-science/computer-systems/network-security-hero.jpg,r2,,,,photo,3,computer-science,Network Security,,Photo via Unsplash,(needs description) (Photo via Unsplash),N
https://pub-aeb94e100e5a48f4a133be5bf206aecb.r2.dev/computer-science/computer-systems/networks-and-topologies-hero.jpg,r2,,,,photo,2,computer-science,"Networks, Topologies & Protocols",,Photo via Unsplash,(needs description) (Photo via Unsplash),N
https://pub-aeb94e100e5a48f4a133be5bf206aecb.r2.dev/computer-science/computer-systems/systems-software-hero.jpg,r2,,,,photo,2,computer-science,Operating Systems & Utility Software,,Photo via Unsplash,(needs description) (Photo via Unsplash),N
https://pub-aeb94e100e5a48f4a133be5bf206aecb.r2.dev/computer-science/computer-systems/primary-storage-hero.jpg,r2,,,,photo,2,computer-science,"Primary Storage (RAM, ROM & Virtual Memory)",,Photo via Unsplash,(needs description) (Photo via Unsplash),N
https://pub-aeb94e100e5a48f4a133be5bf206aecb.r2.dev/computer-science/computational-thinking/programming-fundamentals-hero.jpg,r2,,,,photo,2,computer-science,Programming Fundamentals,,Photo via Unsplash,(needs description) (Photo via Unsplash),N
https://pub-aeb94e100e5a48f4a133be5bf206aecb.r2.dev/computer-science/computational-thinking/languages-and-ides-hero.jpg,r2,,,,photo,2,computer-science,Programming Languages & IDEs,,Photo via Unsplash,(needs description) (Photo via Unsplash),N
https://pub-aeb94e100e5a48f4a133be5bf206aecb.r2.dev/computer-science/computer-systems/images-and-sound-hero.jpg,r2,,,,photo,2,computer-science,Representing Images & Sound,,Photo via Unsplash,(needs description) (Photo via Unsplash),N
https://pub-aeb94e100e5a48f4a133be5bf206aecb.r2.dev/computer-science/computational-thinking/searching-algorithms-hero.jpg,r2,,,,photo,2,computer-science,Searching Algorithms,,Photo via Unsplash,(needs description) (Photo via Unsplash),N
https://pub-aeb94e100e5a48f4a133be5bf206aecb.r2.dev/computer-science/computer-systems/secondary-storage-hero.jpg,r2,,,,photo,2,computer-science,Secondary Storage,,Photo via Unsplash,(needs description) (Photo via Unsplash),N
https://pub-aeb94e100e5a48f4a133be5bf206aecb.r2.dev/computer-science/computational-thinking/sorting-algorithms-hero.jpg,r2,,,,photo,2,computer-science,Sorting Algorithms,,Photo via Unsplash,(needs description) (Photo via Unsplash),N
https://pub-aeb94e100e5a48f4a133be5bf206aecb.r2.dev/computer-science/computational-thinking/testing-hero.jpg,r2,,,,photo,2,computer-science,Testing & Debugging,,Photo via Unsplash,(needs description) (Photo via Unsplash),N
https://images.unsplash.com/photo-1514070706115-47c142769603,unsplash,,,,photo,1,computer-science-aqa,"Arrays, Records and String Handling",,Photo via Unsplash,(needs description) (Photo via Unsplash),N
https://pub-aeb94e100e5a48f4a133be5bf206aecb.r2.dev/computer-science-aqa/ethical-legal-environmental/lesson-02-hero.jpg,r2,,,,photo,1,computer-science-aqa,Autonomous Vehicles and Environmental Impacts,,Photo via Unsplash,(needs description) (Photo via Unsplash),N
https://images.unsplash.com/photo-1638866412987-e4663ec0ab8a,unsplash,,,,photo,1,computer-science-aqa,Boolean Logic and Truth Tables,,Photo via Unsplash,(needs description) (Photo via Unsplash),N
https://pub-aeb94e100e5a48f4a133be5bf206aecb.r2.dev/computer-science-aqa/computer-systems/lesson-02-hero.jpg,r2,,,,photo,1,computer-science-aqa,CPU Architecture and the Fetch-Execute Cycle,,Photo via Unsplash,(needs description) (Photo via Unsplash),N
https://pub-aeb94e100e5a48f4a133be5bf206aecb.r2.dev/computer-science-aqa/algorithms/lesson-01-hero.jpg,r2,,,,photo,1,computer-science-aqa,Computational Thinking: Decomposition and Abstraction,,Photo via Unsplash,(needs description) (Photo via Unsplash),N
https://images.unsplash.com/photo-1614064548237-096f735f344f,unsplash,,,,photo,1,computer-science-aqa,Cyber Security Threats and Social Engineering,,Photo via Unsplash,(needs description) (Photo via Unsplash),N
https://images.unsplash.com/photo-1529078155058-5d716f45d604,unsplash,,,,photo,2,computer-science-aqa,Data Compression: Huffman and Run-Length Encoding,,Photo via Unsplash,(needs description) (Photo via Unsplash),N
https://pub-aeb94e100e5a48f4a133be5bf206aecb.r2.dev/computer-science-aqa/programming/lesson-01-hero.jpg,r2,,,,photo,1,computer-science-aqa,Data Types and Programming Constructs,,Photo via Unsplash,(needs description) (Photo via Unsplash),N
https://pub-aeb94e100e5a48f4a133be5bf206aecb.r2.dev/computer-science-aqa/networks-cyber-security/lesson-04-hero.jpg,r2,,,,photo,1,computer-science-aqa,Detecting and Preventing Cyber Threats,,Photo via Unsplash,(needs description) (Photo via Unsplash),N
https://images.unsplash.com/photo-1654588833369-5174f4640cd2,unsplash,,,,photo,2,computer-science-aqa,Ethical and Legal Issues in Digital Technology,,Photo via Unsplash,(needs description) (Photo via Unsplash),N
https://pub-aeb94e100e5a48f4a133be5bf206aecb.r2.dev/computer-science-aqa/programming/lesson-04-hero.jpg,r2,,,,photo,1,computer-science-aqa,"Iteration, Selection and Operators",,Photo via Unsplash,(needs description) (Photo via Unsplash),N
https://pub-aeb94e100e5a48f4a133be5bf206aecb.r2.dev/computer-science-aqa/computer-systems/lesson-03-hero.jpg,r2,,,,photo,1,computer-science-aqa,Memory and Storage,,Photo via Unsplash,(needs description) (Photo via Unsplash),N
https://pub-aeb94e100e5a48f4a133be5bf206aecb.r2.dev/computer-science-aqa/networks-cyber-security/lesson-01-hero.jpg,r2,,,,photo,1,computer-science-aqa,"Networks, Network Types and Protocols",,Photo via Unsplash,(needs description) (Photo via Unsplash),N
https://images.unsplash.com/photo-1569605803663-e9337d901ff9,unsplash,,,,photo,2,computer-science-aqa,Number Bases and Binary Arithmetic,,Photo via Unsplash,(needs description) (Photo via Unsplash),N
https://images.unsplash.com/photo-1741958193874-6ef299f6b053,unsplash,,,,photo,1,computer-science-aqa,"Relational Databases: Tables, Keys and Relationships",,Photo via Unsplash,(needs description) (Photo via Unsplash),N
https://images.unsplash.com/photo-1753715613388-7e03410b1dce,unsplash,,,,photo,1,computer-science-aqa,"Representing Algorithms: Pseudo-code, Flowcharts and Trace Tables",,Photo via Unsplash,(needs description) (Photo via Unsplash),N
https://images.unsplash.com/photo-1720962158812-d16549f1e5a3,unsplash,,,,photo,2,computer-science-aqa,Representing Images and Sound,,Photo via Unsplash,(needs description) (Photo via Unsplash),N
https://pub-aeb94e100e5a48f4a133be5bf206aecb.r2.dev/computer-science-aqa/programming/lesson-05-hero.jpg,r2,,,,photo,2,computer-science-aqa,"Robust Programming: Validation, Authentication and Testing",,Photo via Unsplash,(needs description) (Photo via Unsplash),N
https://images.unsplash.com/photo-1692699203597-b5a4464f3f9c,unsplash,,,,photo,1,computer-science-aqa,"SQL: Modifying Data with INSERT, UPDATE and DELETE",,Photo via Unsplash,(needs description) (Photo via Unsplash),N
https://images.unsplash.com/photo-1662026911591-335639b11db6,unsplash,,,,photo,1,computer-science-aqa,"SQL: Retrieving Data with SELECT, FROM, WHERE, ORDER BY",,Photo via Unsplash,(needs description) (Photo via Unsplash),N
https://pub-aeb94e100e5a48f4a133be5bf206aecb.r2.dev/computer-science-aqa/algorithms/lesson-03-hero.jpg,r2,,,,photo,1,computer-science-aqa,Searching Algorithms: Linear and Binary Search,,Photo via Unsplash,(needs description) (Photo via Unsplash),N
https://images.unsplash.com/photo-1571171637578-41bc2dd41cd2,unsplash,,,,photo,1,computer-science-aqa,"Software, Programming Languages and Translators",,Photo via Unsplash,(needs description) (Photo via Unsplash),N
https://pub-aeb94e100e5a48f4a133be5bf206aecb.r2.dev/computer-science-aqa/algorithms/lesson-04-hero.jpg,r2,,,,photo,1,computer-science-aqa,Sorting Algorithms: Bubble Sort and Merge Sort,,Photo via Unsplash,(needs description) (Photo via Unsplash),N
https://images.unsplash.com/photo-1568716353609-12ddc5c67f04,unsplash,,,,photo,1,computer-science-aqa,"Subroutines, Parameters and Local Variables",,Photo via Unsplash,(needs description) (Photo via Unsplash),N
https://pub-aeb94e100e5a48f4a133be5bf206aecb.r2.dev/computer-science-edexcel/computational-thinking/lesson-02-hero.jpg,r2,,,,photo,1,computer-science-edexcel,"Algorithms: Flowcharts, Pseudocode and Constructs",,Photo via Unsplash,(needs description) (Photo via Unsplash),N
https://pub-aeb94e100e5a48f4a133be5bf206aecb.r2.dev/computer-science-edexcel/issues-impact/lesson-02-hero.jpg,r2,,,,photo,1,computer-science-edexcel,"Artificial Intelligence, Machine Learning and Robotics",,Photo via Unsplash,(needs description) (Photo via Unsplash),N
https://pub-aeb94e100e5a48f4a133be5bf206aecb.r2.dev/computer-science-edexcel/data/lesson-01-hero.jpg,r2,,,,photo,1,computer-science-edexcel,"Binary Numbers, Two's Complement and Hexadecimal",,Photo via Unsplash,(needs description) (Photo via Unsplash),N
https://pub-aeb94e100e5a48f4a133be5bf206aecb.r2.dev/computer-science-edexcel/computers/lesson-01-hero.jpg,r2,,,,photo,1,computer-science-edexcel,"CPU, Main Memory and the Fetch-Decode-Execute Cycle",,Photo via Unsplash,(needs description) (Photo via Unsplash),N
https://pub-aeb94e100e5a48f4a133be5bf206aecb.r2.dev/computer-science-edexcel/data/lesson-03-hero.jpg,r2,,,,photo,1,computer-science-edexcel,"Characters, Images and Sound",,Photo via Unsplash,(needs description) (Photo via Unsplash),N
https://upload.wikimedia.org/wikipedia/commons/9/9e/Roadmap_to_Cybersecurity_Mastery.jpg,wikimedia,CC BY-SA 2.5,SHARE-ALIKE,Unknown author,photo,1,computer-science-edexcel,Cybersecurity: Threats and Protection,,Photo by Unknown author · CC BY-SA 2.5 · Wikimedia Commons,(needs description) (Photo by Unknown author · CC BY-SA 2.5 · Wikimedia Commons),N
https://images.unsplash.com/photo-1543415458-364217818234,unsplash,,,,photo,1,computer-science-edexcel,"Decomposition, Abstraction and Subprograms",,Photo via Unsplash,(needs description) (Photo via Unsplash),N
https://pub-aeb94e100e5a48f4a133be5bf206aecb.r2.dev/computer-science-edexcel/issues-impact/lesson-01-hero.jpg,r2,,,,photo,1,computer-science-edexcel,"Environmental, Ethical and Legal Issues",,Photo via Unsplash,(needs description) (Photo via Unsplash),N
https://images.unsplash.com/photo-1771942202908-6ce86ef73701,unsplash,,,,photo,1,computer-science-edexcel,"Input, Output, Files and Validation",,Photo via Unsplash,(needs description) (Photo via Unsplash),N
https://pub-aeb94e100e5a48f4a133be5bf206aecb.r2.dev/computer-science-edexcel/programming-python/lesson-04-hero.jpg,r2,,,,photo,1,computer-science-edexcel,"Lists, Arrays, Records and 2D Structures",,Photo via Unsplash,(needs description) (Photo via Unsplash),N
https://pub-aeb94e100e5a48f4a133be5bf206aecb.r2.dev/computer-science-edexcel/networks/lesson-02-hero.jpg,r2,,,,photo,1,computer-science-edexcel,Network Protocols and the TCP/IP Model,,Photo via Unsplash,(needs description) (Photo via Unsplash),N
https://pub-aeb94e100e5a48f4a133be5bf206aecb.r2.dev/computer-science-edexcel/networks/lesson-04-hero.jpg,r2,,,,photo,1,computer-science-edexcel,Network Security,,Photo via Unsplash,(needs description) (Photo via Unsplash),N
https://pub-aeb94e100e5a48f4a133be5bf206aecb.r2.dev/computer-science-edexcel/networks/lesson-03-hero.jpg,r2,,,,photo,1,computer-science-edexcel,Network Topologies,,Photo via Unsplash,(needs description) (Photo via Unsplash),N
https://pub-aeb94e100e5a48f4a133be5bf206aecb.r2.dev/computer-science-edexcel/networks/lesson-01-hero.jpg,r2,,,,photo,1,computer-science-edexcel,"Networks, the Internet and Connectivity",,Photo via Unsplash,(needs description) (Photo via Unsplash),N
https://pub-aeb94e100e5a48f4a133be5bf206aecb.r2.dev/computer-science-edexcel/computers/lesson-03-hero.jpg,r2,,,,photo,1,computer-science-edexcel,"Operating Systems, Utility Software and Robust Software",,Photo via Unsplash,(needs description) (Photo via Unsplash),N
https://pub-aeb94e100e5a48f4a133be5bf206aecb.r2.dev/computer-science-edexcel/programming-python/lesson-03-hero.jpg,r2,,,,photo,1,computer-science-edexcel,Operators and String Manipulation,,Photo via Unsplash,(needs description) (Photo via Unsplash),N
https://images.unsplash.com/photo-1740908900846-4bbd4f22c975,unsplash,,,,photo,1,computer-science-edexcel,"Program Structure, Data Types and Variables",,Photo via Unsplash,(needs description) (Photo via Unsplash),N
https://pub-aeb94e100e5a48f4a133be5bf206aecb.r2.dev/computer-science-edexcel/computers/lesson-04-hero.jpg,r2,,,,photo,1,computer-science-edexcel,"Programming Languages: High-level, Low-level, Compilers and Interpreters",,Photo via Unsplash,(needs description) (Photo via Unsplash),N
https://pub-aeb94e100e5a48f4a133be5bf206aecb.r2.dev/computer-science-edexcel/computers/lesson-02-hero.jpg,r2,,,,photo,1,computer-science-edexcel,Secondary Storage and Embedded Systems,,Photo via Unsplash,(needs description) (Photo via Unsplash),N
https://images.unsplash.com/photo-1607706189992-eae578626c86,unsplash,,,,photo,1,computer-science-edexcel,"Selection, Repetition and Iteration in Python",,Photo via Unsplash,(needs description) (Photo via Unsplash),N
https://pub-aeb94e100e5a48f4a133be5bf206aecb.r2.dev/computer-science-edexcel/computational-thinking/lesson-04-hero.jpg,r2,,,,photo,1,computer-science-edexcel,"Standard Algorithms: Bubble Sort, Merge Sort, Linear and Binary Search",,Photo via Unsplash,(needs description) (Photo via Unsplash),N
https://images.unsplash.com/photo-1484557052118-f32bd25b45b5,unsplash,,,,photo,1,computer-science-edexcel,"Storage Units, File Sizes and Compression",,Photo via Unsplash,(needs description) (Photo via Unsplash),N
https://upload.wikimedia.org/wikipedia/commons/c/ce/Debugging_my_code.jpg,wikimedia,CC BY-SA 4.0,SHARE-ALIKE,Kokul Jose,photo,1,computer-science-edexcel,"Subprograms, Scope and Debugging",,Photo by Kokul Jose · CC BY-SA 4.0 · Wikimedia Commons,(needs description) (Photo by Kokul Jose · CC BY-SA 4.0 · Wikimedia Commons),N
https://pub-aeb94e100e5a48f4a133be5bf206aecb.r2.dev/computer-science-edexcel/computational-thinking/lesson-03-hero.jpg,r2,,,,photo,1,computer-science-edexcel,"Trace Tables, Error Types and Algorithm Evaluation",,Photo via Unsplash,(needs description) (Photo via Unsplash),N
https://pub-aeb94e100e5a48f4a133be5bf206aecb.r2.dev/computer-science-edexcel/computational-thinking/lesson-05-hero.jpg,r2,,,,photo,1,computer-science-edexcel,Truth Tables and Logical Operators,,Photo via Unsplash,(needs description) (Photo via Unsplash),N
https://upload.wikimedia.org/wikipedia/commons/2/25/Computer_motherboard_6.jpg,wikimedia,CC0,FREE,Kurt Kaiser,photo,1,computer-science-eduqas,Additional Hardware Components,,Photo by Kurt Kaiser · public domain · Wikimedia Commons,(needs description) (Photo by Kurt Kaiser · public domain · Wikimedia Commons),N
https://images.unsplash.com/photo-1652416906473-8ed222d91243,unsplash,,,,photo,2,computer-science-eduqas,Characters: ASCII and Unicode,,Photo via Unsplash,(needs description) (Photo via Unsplash),N
https://images.unsplash.com/photo-1510915228340-29c85a43dcfe,unsplash,,,,photo,1,computer-science-eduqas,Cybersecurity Threats and Defences,,Photo via Unsplash,(needs description) (Photo via Unsplash),N
https://images.unsplash.com/photo-1675627453057-c56dc0502ffd,unsplash,,,,photo,1,computer-science-eduqas,"Data Structures: Arrays, Records and File Design",,Photo via Unsplash,(needs description) (Photo via Unsplash),N
https://images.unsplash.com/photo-1666071083408-a7acb1a87e5f,unsplash,,,,photo,1,computer-science-eduqas,Data Types and Number Systems,,Photo via Unsplash,(needs description) (Photo via Unsplash),N
https://images.unsplash.com/photo-1510511459019-5dda7724fd87,unsplash,,,,photo,1,computer-science-eduqas,Defining Algorithms: Pseudocode and Flowcharts,,Photo via Unsplash,(needs description) (Photo via Unsplash),N
https://upload.wikimedia.org/wikipedia/commons/d/de/Arduino_Uno_board.jpg,wikimedia,CC0,FREE,JrawX,photo,1,computer-science-eduqas,Embedded Systems,,Photo by JrawX · public domain · Wikimedia Commons,(needs description) (Photo by JrawX · public domain · Wikimedia Commons),N
https://images.unsplash.com/photo-1630241772217-5d4926c594cc,unsplash,,,,photo,1,computer-science-eduqas,"Ethical, Cultural, Environmental and Privacy Impacts",,Photo via Unsplash,(needs description) (Photo via Unsplash),N
https://upload.wikimedia.org/wikipedia/commons/2/2b/ARMCortexA57A53.jpg,wikimedia,CC0,FREE,Open Grid Scheduler / Grid Engine,photo,1,computer-science-eduqas,Fetch-Decode-Execute and CPU Performance,,Photo by Open Grid Scheduler / Grid Engine · public domain · Wikimedia Commons,(needs description) (Photo by Open Grid Scheduler / Grid Engine · public domain · Wikimedia Commons),N
https://images.unsplash.com/photo-1520445694166-4a2ca1ba362f,unsplash,,,,photo,2,computer-science-eduqas,"Graphics: Pixels, Resolution and Colour Depth",,Photo via Unsplash,(needs description) (Photo via Unsplash),N
https://images.unsplash.com/photo-1774901128192-10e5b4921888,unsplash,,,,photo,1,computer-science-eduqas,"IDE Tools, Translators and Errors",,Photo via Unsplash,(needs description) (Photo via Unsplash),N
https://upload.wikimedia.org/wikipedia/commons/9/97/Palace_of_Westminster%2C_London_-_Feb_2007.jpg,wikimedia,CC BY-SA 2.5,SHARE-ALIKE,Diliff,photo,3,computer-science-eduqas,Legislation and Professional Standards,,Photo by Diliff · CC BY-SA 2.5 · Wikimedia Commons,(needs description) (Photo by Diliff · CC BY-SA 2.5 · Wikimedia Commons),N
https://images.unsplash.com/photo-1730578726222-02b8f9926182,unsplash,,,,photo,1,computer-science-eduqas,Logical Operators and Truth Tables,,Photo via Unsplash,(needs description) (Photo via Unsplash),N
https://images.unsplash.com/photo-1729549223893-b340db51e577,unsplash,,,,photo,1,computer-science-eduqas,Network Hardware and Standards,,Photo via Unsplash,(needs description) (Photo via Unsplash),N
https://images.unsplash.com/photo-1744868562210-fffb7fa882d9,unsplash,,,,photo,1,computer-science-eduqas,Networks and Topologies,,Photo via Unsplash,(needs description) (Photo via Unsplash),N
https://images.unsplash.com/photo-1516572882635-812cabb5ec2b,unsplash,,,,photo,1,computer-science-eduqas,Operating Systems and Utility Software,,Photo via Unsplash,(needs description) (Photo via Unsplash),N
https://upload.wikimedia.org/wikipedia/commons/8/8f/Hard_disk_head_crash.jpg,wikimedia,CC BY-SA 3.0,SHARE-ALIKE,Alchemist-hp (talk) www.pse-mendelejew.de,photo,1,computer-science-eduqas,Primary and Secondary Storage,,Photo by Alchemist-hp (talk) www.pse-mendelejew.de · CC BY-SA 3.0 · Wikimedia Commons,(needs description) (Photo by Alchemist-hp (talk) www.pse-mendelejew.de · CC BY-SA 3.0 · Wikimedia Commons),N
https://images.unsplash.com/photo-1619410283995-43d9134e7656,unsplash,,,,photo,1,computer-science-eduqas,Programming Constructs and Subroutines,,Photo via Unsplash,(needs description) (Photo via Unsplash),N
https://images.unsplash.com/photo-1516382799247-87df95d790b7,unsplash,,,,photo,1,computer-science-eduqas,Searching: Linear and Binary,,Photo via Unsplash,(needs description) (Photo via Unsplash),N
https://upload.wikimedia.org/wikipedia/commons/2/22/2021-04-12_Leibniz-Denkmal_Hannover_01.JPG,wikimedia,CC BY-SA 4.0,SHARE-ALIKE,Bärbel Miemietz,photo,1,computer-science-eduqas,"Signed Binary, Addition, Subtraction and Shifts",,Photo by Bärbel Miemietz · CC BY-SA 4.0 · Wikimedia Commons,(needs description) (Photo by Bärbel Miemietz · CC BY-SA 4.0 · Wikimedia Commons),N
https://images.unsplash.com/photo-1763930827009-b1dc6f89bfc4,unsplash,,,,photo,1,computer-science-eduqas,Sorting: Bubble and Merge,,Photo via Unsplash,(needs description) (Photo via Unsplash),N
https://images.unsplash.com/photo-1588418138111-c8f8c7d9cb0c,unsplash,,,,photo,1,computer-science-eduqas,Sound: Sampling and File Size,,Photo via Unsplash,(needs description) (Photo via Unsplash),N
https://images.unsplash.com/photo-1760376208569-e1b82e1ae494,unsplash,,,,photo,1,computer-science-eduqas,"Storage Units, Capacity and Compression",,Photo via Unsplash,(needs description) (Photo via Unsplash),N
https://upload.wikimedia.org/wikipedia/commons/c/ca/Oppenheimer_and_von_Neumann_in_front_of_the_IAS_machine.jpg,wikimedia,CC BY 4.0,ATTRIB-REQUIRED,Jeremy Norman Collection of Images,photo,1,computer-science-eduqas,The CPU and Von Neumann Architecture,,Photo by Jeremy Norman Collection of Images · CC BY 4.0 · Wikimedia Commons,(needs description) (Photo by Jeremy Norman Collection of Images · CC BY 4.0 · Wikimedia Commons),N
https://images.unsplash.com/photo-1655196601100-8bfb26cf99e9,unsplash,,,,photo,1,computer-science-eduqas,"The Internet: DNS, URLs and the Web Browser",,Photo via Unsplash,(needs description) (Photo via Unsplash),N
https://images.unsplash.com/photo-1675627453210-14125176c0d3,unsplash,,,,photo,1,computer-science-eduqas,The OSI 7-Layer Model and Protocols,,Photo via Unsplash,(needs description) (Photo via Unsplash),N
https://images.unsplash.com/photo-1623018035782-b269248df916,unsplash,,,,photo,1,computer-science-eduqas,"Validation, Verification and High-Level Languages",,Photo via Unsplash,(needs description) (Photo via Unsplash),N
https://pub-aeb94e100e5a48f4a133be5bf206aecb.r2.dev/creative-imedia/pre-production/lesson-03-hero.jpg,r2,,,,photo,1,creative-imedia,Asset Logs and Flowcharts,,Photo via Unsplash,(needs description) (Photo via Unsplash),N
https://pub-aeb94e100e5a48f4a133be5bf206aecb.r2.dev/creative-imedia/product-design/lesson-03-hero.jpg,r2,,,,photo,1,creative-imedia,Audience Demographics and Segmentation,,Photo via Unsplash,(needs description) (Photo via Unsplash),N
https://pub-aeb94e100e5a48f4a133be5bf206aecb.r2.dev/creative-imedia/distribution-and-media/lesson-03-hero.jpg,r2,,,,photo,2,creative-imedia,Audio File Properties and Formats,,Photo via Unsplash,(needs description) (Photo via Unsplash),N
https://pub-aeb94e100e5a48f4a133be5bf206aecb.r2.dev/creative-imedia/pre-production/lesson-06-hero.jpg,r2,,,,photo,1,creative-imedia,"Camera Shots, Angles and Movement",,Photo via Unsplash,(needs description) (Photo via Unsplash),N
https://pub-aeb94e100e5a48f4a133be5bf206aecb.r2.dev/creative-imedia/product-design/lesson-02-hero.jpg,r2,,,,photo,1,creative-imedia,Client Requirements and Communication,,Photo via Unsplash,(needs description) (Photo via Unsplash),N
https://pub-aeb94e100e5a48f4a133be5bf206aecb.r2.dev/creative-imedia/distribution-and-media/lesson-01-hero.jpg,r2,,,,photo,1,creative-imedia,Distribution Platforms,,Photo via Unsplash,(needs description) (Photo via Unsplash),N
https://pub-aeb94e100e5a48f4a133be5bf206aecb.r2.dev/creative-imedia/distribution-and-media/lesson-02-hero.jpg,r2,,,,photo,1,creative-imedia,Image File Properties and Compression,,Photo via Unsplash,(needs description) (Photo via Unsplash),N
https://pub-aeb94e100e5a48f4a133be5bf206aecb.r2.dev/creative-imedia/the-media-industry/lesson-01-hero.jpg,r2,,,,photo,1,creative-imedia,Introduction to Creative iMedia,,Photo via Unsplash,(needs description) (Photo via Unsplash),N
https://pub-aeb94e100e5a48f4a133be5bf206aecb.r2.dev/creative-imedia/the-media-industry/lesson-04-hero.jpg,r2,,,,photo,2,creative-imedia,Job Roles in the Media Industry (Part 1),,Photo via Unsplash,(needs description) (Photo via Unsplash),N
https://pub-aeb94e100e5a48f4a133be5bf206aecb.r2.dev/creative-imedia/the-media-industry/lesson-05-hero.jpg,r2,,,,photo,1,creative-imedia,Job Roles in the Media Industry (Part 2),,Photo via Unsplash,(needs description) (Photo via Unsplash),N
https://pub-aeb94e100e5a48f4a133be5bf206aecb.r2.dev/creative-imedia/pre-production/lesson-07-hero.jpg,r2,,,,photo,1,creative-imedia,"Legal Issues: Copyright, Trademarks and Privacy",,Photo via Unsplash,(needs description) (Photo via Unsplash),N
https://pub-aeb94e100e5a48f4a133be5bf206aecb.r2.dev/creative-imedia/product-design/lesson-05-hero.jpg,r2,,,,photo,2,creative-imedia,Media Codes: Camera Techniques,,Photo via Unsplash,(needs description) (Photo via Unsplash),N
https://pub-aeb94e100e5a48f4a133be5bf206aecb.r2.dev/creative-imedia/product-design/lesson-06-hero.jpg,r2,,,,photo,1,creative-imedia,Media Codes: Mise-en-Scene,,Photo via Unsplash,(needs description) (Photo via Unsplash),N
https://pub-aeb94e100e5a48f4a133be5bf206aecb.r2.dev/creative-imedia/pre-production/lesson-02-hero.jpg,r2,,,,photo,1,creative-imedia,Mind Maps and Mood Boards,,Photo via Unsplash,(needs description) (Photo via Unsplash),N
https://pub-aeb94e100e5a48f4a133be5bf206aecb.r2.dev/creative-imedia/distribution-and-media/lesson-04-hero.jpg,r2,,,,photo,1,creative-imedia,Moving Image File Properties,,Photo via Unsplash,(needs description) (Photo via Unsplash),N
https://pub-aeb94e100e5a48f4a133be5bf206aecb.r2.dev/creative-imedia/the-media-industry/lesson-03-hero.jpg,r2,,,,photo,1,creative-imedia,Products in the Media Industry,,Photo via Unsplash,(needs description) (Photo via Unsplash),N
https://pub-aeb94e100e5a48f4a133be5bf206aecb.r2.dev/creative-imedia/product-design/lesson-01-hero.jpg,r2,,,,photo,1,creative-imedia,"Purpose, Style, Content and Layout",,Photo via Unsplash,(needs description) (Photo via Unsplash),N
https://images.unsplash.com/photo-1704881986220-35bf1208ec10,unsplash,,,,photo,2,creative-imedia,"Regulation, Certification, Health and Safety",,Photo via Unsplash,(needs description) (Photo via Unsplash),N
https://pub-aeb94e100e5a48f4a133be5bf206aecb.r2.dev/creative-imedia/product-design/lesson-04-hero.jpg,r2,,,,photo,1,creative-imedia,Research Methods: Primary and Secondary,,Photo via Unsplash,(needs description) (Photo via Unsplash),N
https://pub-aeb94e100e5a48f4a133be5bf206aecb.r2.dev/creative-imedia/pre-production/lesson-04-hero.jpg,r2,,,,photo,1,creative-imedia,Scripts and Storyboards,,Photo via Unsplash,(needs description) (Photo via Unsplash),N
https://pub-aeb94e100e5a48f4a133be5bf206aecb.r2.dev/creative-imedia/the-media-industry/lesson-02-hero.jpg,r2,,,,photo,1,creative-imedia,Sectors of the Media Industry,,Photo via Unsplash,(needs description) (Photo via Unsplash),N
https://pub-aeb94e100e5a48f4a133be5bf206aecb.r2.dev/creative-imedia/pre-production/lesson-05-hero.jpg,r2,,,,photo,1,creative-imedia,Visualisation Diagrams and Wireframes,,Photo via Unsplash,(needs description) (Photo via Unsplash),N
https://pub-aeb94e100e5a48f4a133be5bf206aecb.r2.dev/creative-imedia/pre-production/lesson-01-hero.jpg,r2,,,,photo,1,creative-imedia,Work Plans and Time Management,,Photo via Unsplash,(needs description) (Photo via Unsplash),N
https://pub-aeb94e100e5a48f4a133be5bf206aecb.r2.dev/design-technology/designing-making/design-strategies-and-communication-hero.jpg,r2,,,,photo,2,design-technology,Design Strategies & Communication,,Photo via Unsplash,(needs description) (Photo via Unsplash),N
https://pub-aeb94e100e5a48f4a133be5bf206aecb.r2.dev/design-technology/specialist-technical/ecological-and-social-footprint-hero.jpg,r2,,,,photo,2,design-technology,Ecological & Social Footprint,,Photo via Unsplash,(needs description) (Photo via Unsplash),N
https://pub-aeb94e100e5a48f4a133be5bf206aecb.r2.dev/design-technology/core-technical/energy-generation-and-storage-hero.jpg,r2,,,,photo,2,design-technology,Energy Generation & Storage,,Photo via Unsplash,(needs description) (Photo via Unsplash),N
https://pub-aeb94e100e5a48f4a133be5bf206aecb.r2.dev/design-technology/designing-making/environmental-social-economic-challenges-hero.jpg,r2,,,,photo,2,design-technology,"Environmental, Social & Economic Challenges",,Photo via Unsplash,(needs description) (Photo via Unsplash),N
https://pub-aeb94e100e5a48f4a133be5bf206aecb.r2.dev/design-technology/specialist-technical/forces-and-stresses-hero.jpg,r2,,,,photo,2,design-technology,Forces & Stresses,,Photo via Unsplash,(needs description) (Photo via Unsplash),N
https://pub-aeb94e100e5a48f4a133be5bf206aecb.r2.dev/design-technology/designing-making/investigation-and-research-hero.jpg,r2,,,,photo,2,design-technology,Investigation & Research Methods,,Photo via Unsplash,(needs description) (Photo via Unsplash),N
https://pub-aeb94e100e5a48f4a133be5bf206aecb.r2.dev/design-technology/core-technical/materials-and-working-properties-hero.jpg,r2,,,,photo,2,design-technology,Materials & Their Working Properties,,Photo via Unsplash,(needs description) (Photo via Unsplash),N
https://pub-aeb94e100e5a48f4a133be5bf206aecb.r2.dev/design-technology/core-technical/mechanical-devices-hero.jpg,r2,,,,photo,2,design-technology,Mechanical Devices,,Photo via Unsplash,(needs description) (Photo via Unsplash),N
https://pub-aeb94e100e5a48f4a133be5bf206aecb.r2.dev/design-technology/core-technical/new-and-emerging-technologies-hero.jpg,r2,,,,photo,2,design-technology,New & Emerging Technologies,,Photo via Unsplash,(needs description) (Photo via Unsplash),N
https://pub-aeb94e100e5a48f4a133be5bf206aecb.r2.dev/design-technology/designing-making/prototype-development-hero.jpg,r2,,,,photo,2,design-technology,Prototype Development & Evaluation,,Photo via Unsplash,(needs description) (Photo via Unsplash),N
https://pub-aeb94e100e5a48f4a133be5bf206aecb.r2.dev/design-technology/specialist-technical/scales-of-production-hero.jpg,r2,,,,photo,2,design-technology,Scales of Production,,Photo via Unsplash,(needs description) (Photo via Unsplash),N
https://pub-aeb94e100e5a48f4a133be5bf206aecb.r2.dev/design-technology/specialist-technical/selecting-materials-and-components-hero.jpg,r2,,,,photo,2,design-technology,Selecting Materials & Components,,Photo via Unsplash,(needs description) (Photo via Unsplash),N
https://pub-aeb94e100e5a48f4a133be5bf206aecb.r2.dev/design-technology/specialist-technical/sources-origins-and-lca-hero.jpg,r2,,,,photo,2,design-technology,"Sources, Origins & Life Cycle Assessment",,Photo via Unsplash,(needs description) (Photo via Unsplash),N
https://pub-aeb94e100e5a48f4a133be5bf206aecb.r2.dev/design-technology/specialist-technical/specialist-techniques-and-processes-hero.jpg,r2,,,,photo,1,design-technology,Specialist Techniques & Processes,,Photo via Unsplash,(needs description) (Photo via Unsplash),N
https://pub-aeb94e100e5a48f4a133be5bf206aecb.r2.dev/design-technology/designing-making/specialist-tools-and-processes-hero.jpg,r2,,,,photo,2,design-technology,"Specialist Tools, Equipment & Processes",,Photo via Unsplash,(needs description) (Photo via Unsplash),N
https://pub-aeb94e100e5a48f4a133be5bf206aecb.r2.dev/design-technology/specialist-technical/stock-forms-types-and-sizes-hero.jpg,r2,,,,photo,2,design-technology,"Stock Forms, Types & Sizes",,Photo via Unsplash,(needs description) (Photo via Unsplash),N
https://pub-aeb94e100e5a48f4a133be5bf206aecb.r2.dev/design-technology/specialist-technical/surface-treatments-and-finishes-hero.jpg,r2,,,,photo,2,design-technology,Surface Treatments & Finishes,,Photo via Unsplash,(needs description) (Photo via Unsplash),N
https://pub-aeb94e100e5a48f4a133be5bf206aecb.r2.dev/design-technology/core-technical/systems-approach-to-designing-hero.jpg,r2,,,,photo,2,design-technology,Systems Approach to Designing,,Photo via Unsplash,(needs description) (Photo via Unsplash),N
https://pub-aeb94e100e5a48f4a133be5bf206aecb.r2.dev/design-technology/designing-making/the-work-of-others-hero.jpg,r2,,,,photo,2,design-technology,The Work of Others,,Photo via Unsplash,(needs description) (Photo via Unsplash),N
https://pub-aeb94e100e5a48f4a133be5bf206aecb.r2.dev/design-technology/designing-making/tolerances-and-material-management-hero.jpg,r2,,,,photo,2,design-technology,Tolerances & Material Management,,Photo via Unsplash,(needs description) (Photo via Unsplash),N
https://pub-aeb94e100e5a48f4a133be5bf206aecb.r2.dev/design-technology/specialist-technical/using-and-working-with-materials-hero.jpg,r2,,,,photo,1,design-technology,Using & Working with Materials,,Photo via Unsplash,(needs description) (Photo via Unsplash),N
https://images.unsplash.com/photo-1600869009498-8d429f88d4f5,unsplash,,,,photo,3,design-technology-eduqas,"CAD, CAM and Production Techniques",,Photo via Unsplash,(needs description) (Photo via Unsplash),N
https://images.unsplash.com/photo-1770572274716-1bae682c48f7,unsplash,,,,photo,1,design-technology-eduqas,"Colour, Decoration & Finishes",,Photo via Unsplash,(needs description) (Photo via Unsplash),N
https://images.unsplash.com/photo-1485965089147-0f655dcf01b0,unsplash,,,,photo,1,design-technology-eduqas,"Commercial Production, Sustainability & Applications",,Photo via Unsplash,(needs description) (Photo via Unsplash),N
https://images.unsplash.com/photo-1674176508097-463b009c6004,unsplash,,,,photo,1,design-technology-eduqas,"Commercial Production, Sustainability & Applications",,Photo via Unsplash,(needs description) (Photo via Unsplash),N
https://images.unsplash.com/photo-1576037728058-ab2c538ac8d0,unsplash,,,,photo,1,design-technology-eduqas,"Commercial Production, Sustainability & Applications",,Photo via Unsplash,(needs description) (Photo via Unsplash),N
https://images.unsplash.com/photo-1675176785803-bffbbb0cd2f4,unsplash,,,,photo,1,design-technology-eduqas,"Commercial Production, Sustainability & Applications",,Photo via Unsplash,(needs description) (Photo via Unsplash),N
https://images.unsplash.com/photo-1695721157873-0c87f59a8ea1,unsplash,,,,photo,1,design-technology-eduqas,"Commercial Production, Sustainability & Applications",,Photo via Unsplash,(needs description) (Photo via Unsplash),N
https://upload.wikimedia.org/wikipedia/commons/8/80/CAD_of_House_Plan_from_Design_to_Build.jpg,wikimedia,CC BY-SA 4.0,SHARE-ALIKE,Azmie Kasmy,photo,1,design-technology-eduqas,Communicating Design Ideas,,Photo by Azmie Kasmy · CC BY-SA 4.0 · Wikimedia Commons,(needs description) (Photo by Azmie Kasmy · CC BY-SA 4.0 · Wikimedia Commons),N
https://images.unsplash.com/photo-1698164443690-5d282206ede2,unsplash,,,,photo,1,design-technology-eduqas,Composites and Technical Textiles,,Photo via Unsplash,(needs description) (Photo via Unsplash),N
https://images.unsplash.com/photo-1745847768382-816bfc32e1bb,unsplash,,,,photo,1,design-technology-eduqas,Design Strategies and Avoiding Design Fixation,,Photo via Unsplash,(needs description) (Photo via Unsplash),N
https://images.unsplash.com/photo-1762381157076-4872b31961e0,unsplash,,,,photo,1,design-technology-eduqas,Energy Generation and Storage,,Photo via Unsplash,(needs description) (Photo via Unsplash),N
https://upload.wikimedia.org/wikipedia/commons/d/d5/13_Industry_of_Australia_-_Steelworks_of_BlueScope_Steel_Limited_company_in_Port_Kembla%2C_Australia.jpg,wikimedia,CC BY 3.0,ATTRIB-REQUIRED,Marek Ślusarczyk (Tupungato) Photo gallery,photo,1,design-technology-eduqas,Ferrous and Non-Ferrous Metals,,Photo by Marek Ślusarczyk (Tupungato) Photo gallery · CC BY 3.0 · Wikimedia Commons,(needs description) (Photo by Marek Ślusarczyk (Tupungato) Photo gallery · CC BY 3.0 · Wikimedia Commons),N
https://images.unsplash.com/photo-1659767151200-f2543af40c44,unsplash,,,,photo,1,design-technology-eduqas,"Fibres: Natural, Synthetic & Blended",,Photo via Unsplash,(needs description) (Photo via Unsplash),N
https://images.unsplash.com/photo-1666373812637-f3c8d2c65958,unsplash,,,,photo,1,design-technology-eduqas,"Forces, Stresses and Reinforcement",,Photo via Unsplash,(needs description) (Photo via Unsplash),N
https://images.unsplash.com/photo-1508942265659-11640804f715,unsplash,,,,photo,1,design-technology-eduqas,Joining & Finishing Metals,,Photo via Unsplash,(needs description) (Photo via Unsplash),N
https://images.unsplash.com/photo-1617638924751-cc232f82ecf9,unsplash,,,,photo,1,design-technology-eduqas,Joining & Finishing Polymers,,Photo via Unsplash,(needs description) (Photo via Unsplash),N
https://images.unsplash.com/photo-1553051021-9f94520a6cad,unsplash,,,,photo,1,design-technology-eduqas,Joining & Finishing Timber,,Photo via Unsplash,(needs description) (Photo via Unsplash),N
https://images.unsplash.com/photo-1763738173457-2a874a207215,unsplash,,,,photo,1,design-technology-eduqas,"Mechanical Calculations: Levers, Gears and Pulleys",,Photo via Unsplash,(needs description) (Photo via Unsplash),N
https://images.unsplash.com/photo-1740625940423-a59a65c753c0,unsplash,,,,photo,1,design-technology-eduqas,Mechanical Devices and Types of Motion,,Photo via Unsplash,(needs description) (Photo via Unsplash),N
https://images.unsplash.com/photo-1604591263412-b6d3ea4e2aac,unsplash,,,,photo,1,design-technology-eduqas,"Metals: Classification, Sources & Properties",,Photo via Unsplash,(needs description) (Photo via Unsplash),N
https://upload.wikimedia.org/wikipedia/commons/9/99/Tarcica_brzozowa_suszona.JPG,wikimedia,CC BY-SA 3.0,SHARE-ALIKE,Tartakizbica,photo,1,design-technology-eduqas,Natural and Manufactured Timbers,,Photo by Tartakizbica · CC BY-SA 3.0 · Wikimedia Commons,(needs description) (Photo by Tartakizbica · CC BY-SA 3.0 · Wikimedia Commons),N
https://upload.wikimedia.org/wikipedia/commons/3/3c/Spinnova_fibre.jpg,wikimedia,CC BY-SA 4.0,SHARE-ALIKE,Spinnova,photo,1,design-technology-eduqas,Natural and Synthetic Textiles,,Photo by Spinnova · CC BY-SA 4.0 · Wikimedia Commons,(needs description) (Photo by Spinnova · CC BY-SA 4.0 · Wikimedia Commons),N
https://images.unsplash.com/photo-1611117775350-ac3950990985,unsplash,,,,photo,2,design-technology-eduqas,New and Emerging Technologies,,Photo via Unsplash,(needs description) (Photo via Unsplash),N
https://images.unsplash.com/photo-1700165644892-3dd6b67b25bc,unsplash,,,,photo,1,design-technology-eduqas,"Papers & Boards: Sources, Types & Properties",,Photo via Unsplash,(needs description) (Photo via Unsplash),N
https://images.unsplash.com/photo-1517429862013-5c4b666d9ef4,unsplash,,,,photo,1,design-technology-eduqas,Papers and Boards,,Photo via Unsplash,(needs description) (Photo via Unsplash),N
https://images.unsplash.com/photo-1704367630545-a58d4b41b92f,unsplash,,,,photo,1,design-technology-eduqas,"Polymers: Sources, Types & Properties",,Photo via Unsplash,(needs description) (Photo via Unsplash),N
https://images.unsplash.com/photo-1503694978374-8a2fa686963a,unsplash,,,,photo,1,design-technology-eduqas,Printing & Finishing,,Photo via Unsplash,(needs description) (Photo via Unsplash),N
https://images.unsplash.com/photo-1675602488512-bdd631490fcb,unsplash,,,,photo,1,design-technology-eduqas,Programmable Components and Microcontrollers,,Photo via Unsplash,(needs description) (Photo via Unsplash),N
https://upload.wikimedia.org/wikipedia/commons/6/68/Prototype_circuit.jpg,wikimedia,CC BY-SA 4.0,SHARE-ALIKE,Watty62,photo,1,design-technology-eduqas,"Prototyping, Testing and Iterative Improvement",,Photo by Watty62 · CC BY-SA 4.0 · Wikimedia Commons,(needs description) (Photo by Watty62 · CC BY-SA 4.0 · Wikimedia Commons),N
https://images.unsplash.com/photo-1697281679321-a9ce55ce0a8f,unsplash,,,,photo,1,design-technology-eduqas,Selecting Metals & Heat Treatment,,Photo via Unsplash,(needs description) (Photo via Unsplash),N
https://images.unsplash.com/photo-1606231971278-b63acdf7043f,unsplash,,,,photo,1,design-technology-eduqas,Selecting Papers & Boards for a Purpose,,Photo via Unsplash,(needs description) (Photo via Unsplash),N
https://images.unsplash.com/photo-1642631171488-23d631eba638,unsplash,,,,photo,1,design-technology-eduqas,Selecting Polymers & Modern Developments,,Photo via Unsplash,(needs description) (Photo via Unsplash),N
https://images.unsplash.com/photo-1628006025173-7c5558fa97c1,unsplash,,,,photo,1,design-technology-eduqas,Selecting Textiles & Fabric Construction,,Photo via Unsplash,(needs description) (Photo via Unsplash),N
https://images.unsplash.com/photo-1687422810663-c316494f725a,unsplash,,,,photo,1,design-technology-eduqas,Selecting Timber & Boards for a Purpose,,Photo via Unsplash,(needs description) (Photo via Unsplash),N
https://images.unsplash.com/photo-1560796952-f1c9b838544c,unsplash,,,,photo,1,design-technology-eduqas,Shaping & Constructing Textile Products,,Photo via Unsplash,(needs description) (Photo via Unsplash),N
https://images.unsplash.com/photo-1640193698858-31565d448f90,unsplash,,,,photo,1,design-technology-eduqas,Shaping & Converting Papers & Boards,,Photo via Unsplash,(needs description) (Photo via Unsplash),N
https://images.unsplash.com/photo-1547609434-b732edfee020,unsplash,,,,photo,1,design-technology-eduqas,Shaping & Cutting Timber,,Photo via Unsplash,(needs description) (Photo via Unsplash),N
https://images.unsplash.com/photo-1738162837451-2041c1418f54,unsplash,,,,photo,1,design-technology-eduqas,Shaping & Forming Metals,,Photo via Unsplash,(needs description) (Photo via Unsplash),N
https://images.unsplash.com/photo-1730705788367-dbd288c40ee7,unsplash,,,,photo,1,design-technology-eduqas,Shaping & Forming Polymers,,Photo via Unsplash,(needs description) (Photo via Unsplash),N
https://images.unsplash.com/photo-1760894942780-2b4b82a42ac3,unsplash,,,,photo,1,design-technology-eduqas,Smart Materials and Modern Materials,,Photo via Unsplash,(needs description) (Photo via Unsplash),N
https://images.unsplash.com/photo-1669384537216-24740a56a2d5,unsplash,,,,photo,1,design-technology-eduqas,Sustainability and the 6 Rs,,Photo via Unsplash,(needs description) (Photo via Unsplash),N
https://images.unsplash.com/photo-1634672652995-ee7525bce595,unsplash,,,,photo,1,design-technology-eduqas,"Timber: Sources, Types & Properties",,Photo via Unsplash,(needs description) (Photo via Unsplash),N
https://upload.wikimedia.org/wikipedia/commons/c/c7/Knitted_fake_fur.jpg,wikimedia,CC BY-SA 3.0,SHARE-ALIKE,Elkagye,photo,1,design-technology-eduqas,"Woven, Non-Woven and Knitted Textile Construction",,Photo by Elkagye · CC BY-SA 3.0 · Wikimedia Commons,(needs description) (Photo by Elkagye · CC BY-SA 3.0 · Wikimedia Commons),N
https://pub-aeb94e100e5a48f4a133be5bf206aecb.r2.dev/drama/blood-brothers/lesson-02-hero.jpg,r2,,,,photo,1,drama,Characters,,Photo via Unsplash,(needs description) (Photo via Unsplash),N
https://upload.wikimedia.org/wikipedia/commons/a/af/Cleveland_High_School_students_perform_the_play_%22Harvey%22_at_the_Betsy_Vines_Memorial_Theatre_in_Tennessee_04.jpg,wikimedia,CC BY 4.0,ATTRIB-REQUIRED,Harrison Keely,photo,1,drama,Design & Performance Evaluation,,Photo by Harrison Keely · CC BY 4.0 · Wikimedia Commons,(needs description) (Photo by Harrison Keely · CC BY 4.0 · Wikimedia Commons),N
https://upload.wikimedia.org/wikipedia/commons/f/f1/P20220707AS-1629_%2852307494802%29.jpg,wikimedia,Public domain,FREE,The White House,photo,1,drama,Key Moments — Diane Nash & CJ Reminder,,Photo by The White House · public domain · Wikimedia Commons,(needs description) (Photo by The White House · public domain · Wikimedia Commons),N
https://pub-aeb94e100e5a48f4a133be5bf206aecb.r2.dev/drama/rise-up/lesson-02-hero.jpg,r2,,,,photo,1,drama,Key Moments — White Shoppers & Bus Explosion,,Photo via Unsplash,(needs description) (Photo via Unsplash),N
https://pub-aeb94e100e5a48f4a133be5bf206aecb.r2.dev/drama/blood-brothers/lesson-08-hero.jpg,r2,,,,photo,1,drama,Key Scenes & Directing,,Photo via Unsplash,(needs description) (Photo via Unsplash),N
https://pub-aeb94e100e5a48f4a133be5bf206aecb.r2.dev/drama/rise-up/lesson-01-hero.jpg,r2,,,,photo,1,drama,"Overview, Context & Style",,Photo via Unsplash,(needs description) (Photo via Unsplash),N
https://upload.wikimedia.org/wikipedia/commons/6/6e/Performance_in_the_Theatre_of_Epidaurus%2C_091065.jpg,wikimedia,CC BY-SA 4.0,SHARE-ALIKE,Zde,photo,1,drama,Performance Skills & Semiotics,,Photo by Zde · CC BY-SA 4.0 · Wikimedia Commons,(needs description) (Photo by Zde · CC BY-SA 4.0 · Wikimedia Commons),N
https://images.unsplash.com/photo-1765513275789-3fa26f20badc,unsplash,,,,photo,1,drama,"Plot, Structure & Genre",,Photo via Unsplash,(needs description) (Photo via Unsplash),N
https://upload.wikimedia.org/wikipedia/commons/f/fe/Scenic_Design_by_Glenn_Davis_2010_Mother%27s_Day_Event.jpg,wikimedia,CC BY-SA 3.0,SHARE-ALIKE,Glenndavis,photo,1,drama,Set Design & Staging Types,,Photo by Glenndavis · CC BY-SA 3.0 · Wikimedia Commons,(needs description) (Photo by Glenndavis · CC BY-SA 3.0 · Wikimedia Commons),N
https://baipckgywpnwapobwtsy.supabase.co/storage/v1/object/public/pipeline-uploads/hero-uploads/c0ce1fd6-d6b3-4cd6-a0bc-d1be4ca1e733/sergey-konstantinov-qHKeyhHjTHU-unsplash%20(1).jpg,other,,,,photo,1,drama,Themes & Context,,Photo via Unsplash,(needs description) (Photo via Unsplash),N
https://images.unsplash.com/photo-1600660792241-240f01455c6f,unsplash,,,,photo,1,drama-aqa,"Analysing Design: Set, Lighting, Sound, Costume",,Photo via Unsplash,(needs description) (Photo via Unsplash),N
https://images.unsplash.com/photo-1745852737804-9badc7584712,unsplash,,,,photo,1,drama-aqa,Analysing Performers: Vocal and Physical Choices,,Photo via Unsplash,(needs description) (Photo via Unsplash),N
https://images.unsplash.com/photo-1666001918570-838fd4c50684,unsplash,,,,photo,1,drama-aqa,Artaud and Theatre of Cruelty,,Photo via Unsplash,(needs description) (Photo via Unsplash),N
https://upload.wikimedia.org/wikipedia/commons/f/f5/Bust_of_Bertolt_Brecht_by_Fritz_Cremer_%281956%29_-_Bert-Brecht-Haus_-_Augsburg_-_Germany_%289271686402%29.jpg,wikimedia,CC BY-SA 2.0,SHARE-ALIKE,"Adam Jones from Kelowna, BC, Canada",photo,4,drama-aqa,Brecht and Epic Theatre,,"Photo by Adam Jones from Kelowna, BC, Canada · CC BY-SA 2.0 · Wikimedia Commons","(needs description) (Photo by Adam Jones from Kelowna, BC, Canada · CC BY-SA 2.0 · Wikimedia Commons)",N
https://upload.wikimedia.org/wikipedia/commons/e/ee/The_Crucible_%2830658196703%29.jpg,wikimedia,CC BY-SA 2.0,SHARE-ALIKE,Otterbein University Theatre &amp; Dance from USA,photo,1,drama-aqa,"Characters and Relationships: Proctor, Abigail, Elizabeth",,Photo by Otterbein University Theatre &amp; Dance from USA · CC BY-SA 2.0 · Wikimedia Commons,(needs description) (Photo by Otterbein University Theatre &amp; Dance from USA · CC BY-SA 2.0 · Wikimedia Commons),N
https://images.unsplash.com/photo-1578571020914-1115acfd826e,unsplash,,,,photo,3,drama-aqa,"Characters: Jo, Helen, Geof, Peter, Boy",,Photo via Unsplash,(needs description) (Photo via Unsplash),N
https://images.unsplash.com/reserve/165aTVpzTXGMXu1azUdy_IMG_8468.JPG,unsplash,,,,photo,1,drama-aqa,"Characters: Lovers, Families, Friends",,Photo via Unsplash,(needs description) (Photo via Unsplash),N
https://images.unsplash.com/photo-1512903395504-b63780a3497c,unsplash,,,,photo,1,drama-aqa,"Characters: Mickey, Edward, Mrs Johnstone, Mrs Lyons",,Photo via Unsplash,(needs description) (Photo via Unsplash),N
https://upload.wikimedia.org/wikipedia/commons/3/30/East_Indian_victorian_coins.jpg,wikimedia,CC BY-SA 4.0,SHARE-ALIKE,Rajivkilanashrestha,photo,1,drama-aqa,"Characters: Rani, Abdul, Hari, Lascar and Queen",,Photo by Rajivkilanashrestha · CC BY-SA 4.0 · Wikimedia Commons,(needs description) (Photo by Rajivkilanashrestha · CC BY-SA 4.0 · Wikimedia Commons),N
https://images.unsplash.com/photo-1698267847311-62b02ce5627d,unsplash,,,,photo,1,drama-aqa,"Characters: Sephy, Callum and Their Families",,Photo via Unsplash,(needs description) (Photo via Unsplash),N
https://images.unsplash.com/photo-1629104547275-581be7848362,unsplash,,,,photo,1,drama-aqa,Characters: The Hashimoto Family and Their Captors,,Photo via Unsplash,(needs description) (Photo via Unsplash),N
https://upload.wikimedia.org/wikipedia/commons/b/b6/O_kipos_me_tis_alitheies%2C_Theatro_Mousouri%2C_2022_n2%2C_the_cast.jpg,wikimedia,CC BY-SA 4.0,SHARE-ALIKE,FocalPoint,photo,1,drama-aqa,Characters: The Price Family,,Photo by FocalPoint · CC BY-SA 4.0 · Wikimedia Commons,(needs description) (Photo by FocalPoint · CC BY-SA 4.0 · Wikimedia Commons),N
https://upload.wikimedia.org/wikipedia/commons/8/8f/Feb08_M_Blackman.jpg,wikimedia,CC BY-SA 3.0,SHARE-ALIKE,"Victuallers, Taraforfun at English Wikipedia, and the authors of en:Malorie Blackman",photo,1,drama-aqa,"Context: Blackman, Cooke and the Politics of Adaptation",,"Photo by Victuallers, Taraforfun at English Wikipedia, and the authors of en:Malorie Blackman · CC BY-SA 3.0 · Wikimedia Commons","(needs description) (Photo by Victuallers, Taraforfun at English Wikipedia, and the authors of en:Malorie Blackman · CC BY-SA 3.0 · Wikimedia Commons)",N
https://images.unsplash.com/photo-1656177131599-61462626b05e,unsplash,,,,photo,1,drama-aqa,"Context: Bovell, Frantic Assembly and 2016 Adelaide",,Photo via Unsplash,(needs description) (Photo via Unsplash),N
https://upload.wikimedia.org/wikipedia/commons/f/f5/Meeting_for_the_Rescue_of_Japanese_Kidnapped_by_North_Korea_in_2022.jpg,wikimedia,CC BY 4.0,ATTRIB-REQUIRED,首相官邸,photo,1,drama-aqa,"Context: Japan, North Korea and the Real Abductions",,Photo by 首相官邸 · CC BY 4.0 · Wikimedia Commons,(needs description) (Photo by 首相官邸 · CC BY 4.0 · Wikimedia Commons),N
https://upload.wikimedia.org/wikipedia/commons/4/4a/Margaret_Thatcher_being_presented_with_a_bunch_of_flowers.jpg,wikimedia,OGL 3,OTHER,National Archives of United Kingdom,photo,1,drama-aqa,"Context: Liverpool, Thatcher and the Working-Class Musical",,Photo by National Archives of United Kingdom · OGL 3 · Wikimedia Commons,(needs description) (Photo by National Archives of United Kingdom · OGL 3 · Wikimedia Commons),N
https://images.unsplash.com/photo-1776886393559-fd34c706bd92,unsplash,,,,photo,1,drama-aqa,Context: Salem 1692 and McCarthy 1953,,Photo via Unsplash,(needs description) (Photo via Unsplash),N
https://upload.wikimedia.org/wikipedia/commons/0/09/Theatre_Royal_Stratford_East%2C_June_2023_07.jpg,wikimedia,CC BY-SA 4.0,SHARE-ALIKE,No Swan So Fine,photo,1,drama-aqa,Context: Salford 1958 and the Kitchen-Sink Movement,,Photo by No Swan So Fine · CC BY-SA 4.0 · Wikimedia Commons,(needs description) (Photo by No Swan So Fine · CC BY-SA 4.0 · Wikimedia Commons),N
https://images.unsplash.com/photo-1663344640813-1705e6d5f04b,unsplash,,,,photo,1,drama-aqa,Context: Shakespeare's Verona and London,,Photo via Unsplash,(needs description) (Photo via Unsplash),N
https://images.unsplash.com/photo-1626274887404-5b5bd8513180,unsplash,,,,photo,1,drama-aqa,"Context: Verne in 1872, Eason in 2013",,Photo via Unsplash,(needs description) (Photo via Unsplash),N
https://images.unsplash.com/photo-1666986201194-f4aab26df21c,unsplash,,,,photo,1,drama-aqa,Context: Victorian Britain and the Indian Diaspora,,Photo via Unsplash,(needs description) (Photo via Unsplash),N
https://images.unsplash.com/photo-1706450362506-5664b7c1f0d0,unsplash,,,,photo,1,drama-aqa,Dramatic Methods: Cross-Cutting and Stage Directions,,Photo via Unsplash,(needs description) (Photo via Unsplash),N
https://upload.wikimedia.org/wikipedia/commons/c/c8/StageHands_after_setting_up_equipment_for_a_concert.jpg,wikimedia,CC BY-SA 4.0,SHARE-ALIKE,Masonvanmeurs,photo,1,drama-aqa,Dramatic Methods: Direct Address and Dual Narration,,Photo by Masonvanmeurs · CC BY-SA 4.0 · Wikimedia Commons,(needs description) (Photo by Masonvanmeurs · CC BY-SA 4.0 · Wikimedia Commons),N
https://images.unsplash.com/photo-1606464609410-c66567fceafc,unsplash,,,,photo,1,drama-aqa,"Dramatic Methods: Direct Address, Music and Comedy",,Photo via Unsplash,(needs description) (Photo via Unsplash),N
https://images.unsplash.com/photo-1705056508591-5b18b341369c,unsplash,,,,photo,2,drama-aqa,Dramatic Methods: Language and Genre,,Photo via Unsplash,(needs description) (Photo via Unsplash),N
https://upload.wikimedia.org/wikipedia/commons/4/4c/Performers_in_Rigoletto%2C_Odeon_Theatre_of_Athens%2C_30_July_2025_the_full_cast_n53.jpg,wikimedia,CC BY-SA 4.0,SHARE-ALIKE,FocalPoint,photo,1,drama-aqa,"Dramatic Methods: Languages, Letters and Songs",,Photo by FocalPoint · CC BY-SA 4.0 · Wikimedia Commons,(needs description) (Photo by FocalPoint · CC BY-SA 4.0 · Wikimedia Commons),N
https://upload.wikimedia.org/wikipedia/commons/7/7c/The_Storytelling_Ability_of_a_Boy_%286232592642%29.jpg,wikimedia,CC BY-SA 2.0,SHARE-ALIKE,Otterbein University Theatre &amp; Dance from USA,photo,1,drama-aqa,"Dramatic Methods: Multi-roling, Mime and Storytelling",,Photo by Otterbein University Theatre &amp; Dance from USA · CC BY-SA 2.0 · Wikimedia Commons,(needs description) (Photo by Otterbein University Theatre &amp; Dance from USA · CC BY-SA 2.0 · Wikimedia Commons),N
https://images.unsplash.com/photo-1527261834078-9b37d35a4a32,unsplash,,,,photo,1,drama-aqa,Dramatic Methods: The Narrator and the Songs,,Photo via Unsplash,(needs description) (Photo via Unsplash),N
https://upload.wikimedia.org/wikipedia/commons/a/a7/Sonnet_2_1609.jpg,wikimedia,Public domain,FREE,William Shakespeare,photo,1,drama-aqa,"Dramatic Methods: Verse, Prose and the Sonnet",,Photo by William Shakespeare · public domain · Wikimedia Commons,(needs description) (Photo by William Shakespeare · public domain · Wikimedia Commons),N
https://images.unsplash.com/photo-1713552108044-b0fc5006b95b,unsplash,,,,photo,1,drama-aqa,Effect on the Audience: Evaluation Beyond Description,,Photo via Unsplash,(needs description) (Photo via Unsplash),N
https://upload.wikimedia.org/wikipedia/commons/e/e7/Table_read_of_sitcom_pilot.jpg,wikimedia,CC BY 2.0,ATTRIB-REQUIRED,Jeremy Keith,photo,1,drama-aqa,From Page to Stage: The Rehearsal Process,,Photo by Jeremy Keith · CC BY 2.0 · Wikimedia Commons,(needs description) (Photo by Jeremy Keith · CC BY 2.0 · Wikimedia Commons),N
https://upload.wikimedia.org/wikipedia/commons/d/d6/The_Crucible_%2831466579415%29.jpg,wikimedia,CC BY-SA 2.0,SHARE-ALIKE,Otterbein University Theatre &amp; Dance from USA,photo,1,drama-aqa,Performance Interpretation: Acting Proctor's Final Choice,,Photo by Otterbein University Theatre &amp; Dance from USA · CC BY-SA 2.0 · Wikimedia Commons,(needs description) (Photo by Otterbein University Theatre &amp; Dance from USA · CC BY-SA 2.0 · Wikimedia Commons),N
https://upload.wikimedia.org/wikipedia/commons/7/70/Tableau_vivant_Caravaggio_%288%29.jpg,wikimedia,CC BY 4.0,ATTRIB-REQUIRED,Joseolgon,photo,1,drama-aqa,Performance Interpretation: Bob's Final Tableau,,Photo by Joseolgon · CC BY 4.0 · Wikimedia Commons,(needs description) (Photo by Joseolgon · CC BY 4.0 · Wikimedia Commons),N
https://images.unsplash.com/photo-1640030104754-0a33c686c533,unsplash,,,,photo,1,drama-aqa,Performance Interpretation: Comic Precision and Ensemble Trust,,Photo via Unsplash,(needs description) (Photo via Unsplash),N
https://images.unsplash.com/photo-1594002162626-0a23d218eb2d,unsplash,,,,photo,1,drama-aqa,Performance Interpretation: Hanako Across Twenty Years,,Photo via Unsplash,(needs description) (Photo via Unsplash),N
https://images.unsplash.com/photo-1581553680321-4fffae59fccd,unsplash,,,,photo,1,drama-aqa,Performance Interpretation: Jo and Helen's Final Scene,,Photo via Unsplash,(needs description) (Photo via Unsplash),N
https://images.unsplash.com/photo-1650065360809-359cd690febb,unsplash,,,,photo,1,drama-aqa,Performance Interpretation: Playing Mickey at Seven and Twenty-Five,,Photo via Unsplash,(needs description) (Photo via Unsplash),N
https://upload.wikimedia.org/wikipedia/commons/2/28/Queen_Victoria_Statue%2C_York.jpg,wikimedia,CC BY-SA 3.0,SHARE-ALIKE,Eighthofjanuary,photo,2,drama-aqa,Performance Interpretation: Rani Standing Her Ground,,Photo by Eighthofjanuary · CC BY-SA 3.0 · Wikimedia Commons,(needs description) (Photo by Eighthofjanuary · CC BY-SA 3.0 · Wikimedia Commons),N
https://images.unsplash.com/photo-1546795708-c962dc089798,unsplash,,,,photo,1,drama-aqa,Performance Interpretation: Sephy and Callum's First Confrontation,,Photo via Unsplash,(needs description) (Photo via Unsplash),N
https://upload.wikimedia.org/wikipedia/commons/c/c0/Benjamin_Wilson_%281721-1788%29_-_David_Garrick_as_Romeo_at_Juliet%27s_Tomb_%28from_Shakespeare%27s_%27Romeo_and_Juliet%27%29_-_732148_-_National_Trust.jpg,wikimedia,Public domain,FREE,Benjamin Wilson,photo,1,drama-aqa,Performance Interpretation: The Balcony and the Tomb,,Photo by Benjamin Wilson · public domain · Wikimedia Commons,(needs description) (Photo by Benjamin Wilson · public domain · Wikimedia Commons),N
https://images.unsplash.com/photo-1764763180662-e4791157a87f,unsplash,,,,photo,2,drama-aqa,Performer Skills: Voice and Body,,Photo via Unsplash,(needs description) (Photo via Unsplash),N
https://images.unsplash.com/photo-1769694513443-c7292e174d48,unsplash,,,,photo,2,drama-aqa,Physical Theatre: Frantic Assembly and Beyond,,Photo via Unsplash,(needs description) (Photo via Unsplash),N
https://upload.wikimedia.org/wikipedia/commons/1/13/Kreta_%28GR%29%2C_Rethymno%2C_Fortezza%2C_Tic-Tac-Toe_--_2023_--_8287_%28bw%29.jpg,wikimedia,CC BY-SA 4.0,SHARE-ALIKE,Dietmar Rabich,photo,1,drama-aqa,Plot and Structure: A Dystopian Two-Act Tragedy,,Photo by Dietmar Rabich · CC BY-SA 4.0 · Wikimedia Commons,(needs description) (Photo by Dietmar Rabich · CC BY-SA 4.0 · Wikimedia Commons),N
https://images.unsplash.com/photo-1731703809282-44225fb895a7,unsplash,,,,photo,2,drama-aqa,Plot and Structure: A Four-Act Tragedy,,Photo via Unsplash,(needs description) (Photo via Unsplash),N
https://images.unsplash.com/photo-1495553912695-78160a6a3c74,unsplash,,,,photo,1,drama-aqa,Plot and Structure: A Tale Across Two Countries,,Photo via Unsplash,(needs description) (Photo via Unsplash),N
https://images.unsplash.com/photo-1539521080165-0ef48fe0ef2f,unsplash,,,,photo,1,drama-aqa,"Plot and Structure: Eight Actors, Eighty Days",,Photo via Unsplash,(needs description) (Photo via Unsplash),N
https://images.unsplash.com/photo-1682671320756-cf4473f27a78,unsplash,,,,photo,5,drama-aqa,"Plot and Structure: Five Acts, One Week",,Photo via Unsplash,(needs description) (Photo via Unsplash),N
https://images.unsplash.com/photo-1477414348463-c0eb7f1359b6,unsplash,,,,photo,1,drama-aqa,"Plot and Structure: Four Seasons, Four Children",,Photo via Unsplash,(needs description) (Photo via Unsplash),N
https://images.unsplash.com/photo-1770910049237-7be3cb274831,unsplash,,,,photo,1,drama-aqa,"Plot and Structure: Two Acts, One Damp Flat",,Photo via Unsplash,(needs description) (Photo via Unsplash),N
https://upload.wikimedia.org/wikipedia/commons/7/79/Tilbury_Ferry_Dock%2C_Tilbury%2C_Essex_-_geograph.org.uk_-_26764.jpg,wikimedia,CC BY-SA 2.0,SHARE-ALIKE,John Winfield,photo,1,drama-aqa,"Plot and Structure: Two Worlds, One Empire",,Photo by John Winfield · CC BY-SA 2.0 · Wikimedia Commons,(needs description) (Photo by John Winfield · CC BY-SA 2.0 · Wikimedia Commons),N
https://images.unsplash.com/photo-1748125696655-5b25da4364a9,unsplash,,,,photo,1,drama-aqa,Plot and Structure: Two-Act Working-Class Tragedy,,Photo via Unsplash,(needs description) (Photo via Unsplash),N
https://upload.wikimedia.org/wikipedia/commons/e/eb/Joseph_McCarthy_with_Roy_M._Cohn_and_G._David_Schine.jpg,wikimedia,CC BY 4.0,ATTRIB-REQUIRED,Los Angeles Times,photo,1,drama-aqa,Practitioner Application: Brecht and the Crucible,,Photo by Los Angeles Times · CC BY 4.0 · Wikimedia Commons,(needs description) (Photo by Los Angeles Times · CC BY 4.0 · Wikimedia Commons),N
https://upload.wikimedia.org/wikipedia/commons/5/58/Pokrevn%C3%AD_brat%C5%99i_%28MdB%29.jpg,wikimedia,CC BY-SA 3.0 cz,SHARE-ALIKE,Jef Kratochvil,photo,1,drama-aqa,Practitioner Application: Brecht in Russell's Stage Directions,,Photo by Jef Kratochvil · CC BY-SA 3.0 cz · Wikimedia Commons,(needs description) (Photo by Jef Kratochvil · CC BY-SA 3.0 cz · Wikimedia Commons),N
https://images.unsplash.com/photo-1677216769410-658c4bf83416,unsplash,,,,photo,1,drama-aqa,Practitioner Application: Naturalism vs Heightened Style,,Photo via Unsplash,(needs description) (Photo via Unsplash),N
https://upload.wikimedia.org/wikipedia/commons/9/92/Konstantin_Stanislavski_in_1938.jpg,wikimedia,Public domain,FREE,Unknown author,photo,2,drama-aqa,Practitioner Application: Stanislavski Meets Frantic Assembly,,Photo by Unknown author · public domain · Wikimedia Commons,(needs description) (Photo by Unknown author · public domain · Wikimedia Commons),N
https://upload.wikimedia.org/wikipedia/commons/3/3e/A_control_room_or_tech_booth_for_lighting_and_sound_in_a_theatre.jpg,wikimedia,CC BY 4.0,ATTRIB-REQUIRED,Harrison Keely,photo,3,drama-aqa,Staging and Design: A World on a Bare Stage,,Photo by Harrison Keely · CC BY 4.0 · Wikimedia Commons,(needs description) (Photo by Harrison Keely · CC BY 4.0 · Wikimedia Commons),N
https://upload.wikimedia.org/wikipedia/commons/6/6a/The_Crucible_%2831320623392%29.jpg,wikimedia,CC BY-SA 2.0,SHARE-ALIKE,Otterbein University Theatre &amp; Dance from USA,photo,1,drama-aqa,Staging and Design: Bringing Salem to the Stage,,Photo by Otterbein University Theatre &amp; Dance from USA · CC BY-SA 2.0 · Wikimedia Commons,(needs description) (Photo by Otterbein University Theatre &amp; Dance from USA · CC BY-SA 2.0 · Wikimedia Commons),N
https://upload.wikimedia.org/wikipedia/commons/9/95/Tapestry_Room_from_Croome_Court_MET_DP341242.jpg,wikimedia,CC0,FREE,After Robert Adam / Gobelins Tapestry Manufactory / Jacques Neilson / Jacques-Germain Soufflot / François Boucher / William Ince / John Mayhew / Maurice Jacques / Louis Tessier / Sefferin Alken / Joseph Rose / Joseph Wilton,photo,1,drama-aqa,"Staging and Design: Docks, Drawing Rooms and Court",,Photo by After Robert Adam / Gobelins Tapestry Manufactory / Jacques Neilson / Jacques-Germain Soufflot / François Boucher / William Ince / John Mayhew / Maurice Jacques / Louis Tessier / Sefferin Alken / Joseph Rose / Joseph Wilton · public domain · Wikimedia Commons,(needs description) (Photo by After Robert Adam / Gobelins Tapestry Manufactory / Jacques Neilson / Jacques-Germain Soufflot / François Boucher / William Ince / John Mayhew / Maurice Jacques / Louis Tessier / Sefferin Alken / Joseph Rose / Joseph Wilton · public domain · Wikimedia Commons),N
https://images.unsplash.com/photo-1621275416846-eb23201d9eee,unsplash,,,,photo,1,drama-aqa,"Staging and Design: Sea, State Apartment and Searchlight",,Photo via Unsplash,(needs description) (Photo via Unsplash),N
https://upload.wikimedia.org/wikipedia/commons/2/25/Beaivv%C3%A1%C5%A1_S%C3%A1mi_Theatre_costume_exhibition_2014.jpg,wikimedia,CC BY-SA 4.0,SHARE-ALIKE,Manxruler,photo,2,drama-aqa,Staging and Design: Verona Then and Now,,Photo by Manxruler · CC BY-SA 4.0 · Wikimedia Commons,(needs description) (Photo by Manxruler · CC BY-SA 4.0 · Wikimedia Commons),N
https://upload.wikimedia.org/wikipedia/commons/1/1b/The_Adding_Machine_%281923%29_Scene_3_A_Living_Room.jpg,wikimedia,Public domain,FREE,Francis Bruguière / Lee Simonson / Elmer Rice,photo,2,drama-aqa,Staging and Design: World-Building on a Bare Stage,,Photo by Francis Bruguière / Lee Simonson / Elmer Rice · public domain · Wikimedia Commons,(needs description) (Photo by Francis Bruguière / Lee Simonson / Elmer Rice · public domain · Wikimedia Commons),N
https://images.unsplash.com/photo-1558970439-add78fc68990,unsplash,,,,photo,3,drama-aqa,"The Designers' Toolkit: Set, Lighting, Sound, Costume",,Photo via Unsplash,(needs description) (Photo via Unsplash),N
https://upload.wikimedia.org/wikipedia/commons/b/b2/Lyric_Theatre_audience_for_2023_Wicked_-_02.jpg,wikimedia,CC BY-SA 4.0,SHARE-ALIKE,Chris.sherlock2,photo,1,drama-aqa,Theatre Spaces: Configuration and Audience,,Photo by Chris.sherlock2 · CC BY-SA 4.0 · Wikimedia Commons,(needs description) (Photo by Chris.sherlock2 · CC BY-SA 4.0 · Wikimedia Commons),N
https://images.unsplash.com/photo-1664028975924-e5ce5b99f6ef,unsplash,,,,photo,1,drama-aqa,"Themes: Class, Fate, Nature versus Nurture",,Photo via Unsplash,(needs description) (Photo via Unsplash),N
https://images.unsplash.com/photo-1593444285833-b243627a7cf1,unsplash,,,,photo,1,drama-aqa,"Themes: Class, Motherhood, Race, Sexuality",,Photo via Unsplash,(needs description) (Photo via Unsplash),N
https://upload.wikimedia.org/wikipedia/commons/c/c3/William_Baffin_-_Northern_India%3B_Mughal_Empire_-_1625.jpg,wikimedia,Public domain,FREE,William Baffin,photo,1,drama-aqa,"Themes: Empire, Race, Servitude, Solidarity",,Photo by William Baffin · public domain · Wikimedia Commons,(needs description) (Photo by William Baffin · public domain · Wikimedia Commons),N
https://images.unsplash.com/photo-1676947296618-2dcb62ea95c1,unsplash,,,,photo,1,drama-aqa,"Themes: Family, Identity, Truth",,Photo via Unsplash,(needs description) (Photo via Unsplash),N
https://upload.wikimedia.org/wikipedia/commons/f/f9/Salem_witch2.jpg,wikimedia,Public domain,FREE,"Joseph E., ca. 1837-1914, artist.",photo,1,drama-aqa,"Themes: Hysteria, Reputation, Conscience",,"Photo by Joseph E., ca. 1837-1914, artist. · public domain · Wikimedia Commons","(needs description) (Photo by Joseph E., ca. 1837-1914, artist. · public domain · Wikimedia Commons)",N
https://images.unsplash.com/photo-1626937451491-9a4ceb6ba82b,unsplash,,,,photo,5,drama-aqa,"Themes: Love, Fate, Honour, Youth and Age",,Photo via Unsplash,(needs description) (Photo via Unsplash),N
https://images.unsplash.com/photo-1625662171040-8d196a082232,unsplash,,,,photo,2,drama-aqa,"Themes: Race, Power, Love Across Lines",,Photo via Unsplash,(needs description) (Photo via Unsplash),N
https://images.unsplash.com/photo-1775298427825-3398ab1a6156,unsplash,,,,photo,1,drama-aqa,"Themes: State Power, Identity, Family Loss",,Photo via Unsplash,(needs description) (Photo via Unsplash),N
https://pub-aeb94e100e5a48f4a133be5bf206aecb.r2.dev/english-literature-ocr/war-of-the-worlds/lesson-01-hero.jpg,r2,,,,photo,3,drama-aqa,"Themes: Time, Empire and Adventure",,Photo via Unsplash,(needs description) (Photo via Unsplash),N
https://images.unsplash.com/photo-1503428593586-e225b39bddfe,unsplash,,,,photo,1,drama-aqa,Watching Theatre Critically: Taking Useful Notes,,Photo via Unsplash,(needs description) (Photo via Unsplash),N
https://images.unsplash.com/photo-1603646563581-a1bed742a949,unsplash,,,,photo,1,drama-aqa,Who Makes a Play: Roles in Professional Theatre,,Photo via Unsplash,(needs description) (Photo via Unsplash),N
https://images.unsplash.com/photo-1578575437130-527eed3abbec,unsplash,,,,photo,1,economics-aqa,Balance of Payments & the Distribution of Income,,Photo via Unsplash,(needs description) (Photo via Unsplash),N
https://images.unsplash.com/photo-1528406745358-6c3112259eb9,unsplash,,,,photo,1,economics-aqa,Demand,,Photo via Unsplash,(needs description) (Photo via Unsplash),N
https://images.unsplash.com/photo-1625581859544-f0cc8f581bda,unsplash,,,,photo,1,economics-aqa,Economic Growth,,Photo via Unsplash,(needs description) (Photo via Unsplash),N
https://images.unsplash.com/photo-1635350736475-c8cef4b21906,unsplash,,,,photo,1,economics-aqa,Employment & Unemployment,,Photo via Unsplash,(needs description) (Photo via Unsplash),N
https://pub-aeb94e100e5a48f4a133be5bf206aecb.r2.dev/economics-aqa/market-failure/lesson-02-hero.jpg,r2,,,,photo,1,economics-aqa,Externalities,,Photo via Unsplash,(needs description) (Photo via Unsplash),N
https://upload.wikimedia.org/wikipedia/commons/2/21/Financial_Statement_and_Budget_Report_by_the_Chancellor_of_the_Exchequer_-_ID_41762.jpg,wikimedia,CC BY 3.0,ATTRIB-REQUIRED,©UK Parliament/Maria Unger,photo,1,economics-aqa,Fiscal Policy,,Photo by ©UK Parliament/Maria Unger · CC BY 3.0 · Wikimedia Commons,(needs description) (Photo by ©UK Parliament/Maria Unger · CC BY 3.0 · Wikimedia Commons),N
https://pub-aeb94e100e5a48f4a133be5bf206aecb.r2.dev/economics-aqa/government-policy-and-the-global-economy/lesson-05-hero.jpg,r2,,,,photo,1,economics-aqa,"Free Trade, the EU & Globalisation",,Photo via Unsplash,(needs description) (Photo via Unsplash),N
https://images.unsplash.com/photo-1741520965035-263d8a2fc652,unsplash,,,,photo,1,economics-aqa,Inflation & Price Stability,,Photo via Unsplash,(needs description) (Photo via Unsplash),N
https://pub-aeb94e100e5a48f4a133be5bf206aecb.r2.dev/economics-aqa/government-policy-and-the-global-economy/lesson-04-hero.jpg,r2,,,,photo,1,economics-aqa,International Trade & Exchange Rates,,Photo via Unsplash,(needs description) (Photo via Unsplash),N
https://images.unsplash.com/photo-1643727399372-ab65bd9f0473,unsplash,,,,photo,1,economics-aqa,Making Choices: Opportunity Cost,,Photo via Unsplash,(needs description) (Photo via Unsplash),N
https://images.unsplash.com/photo-1512067053627-3cb65e51a128,unsplash,,,,photo,1,economics-aqa,Market Failure & the Misallocation of Resources,,Photo via Unsplash,(needs description) (Photo via Unsplash),N
https://pub-aeb94e100e5a48f4a133be5bf206aecb.r2.dev/economics-aqa/production-costs-and-market-structures/lesson-03-hero.jpg,r2,,,,photo,1,economics-aqa,Market Structures & Competitive Markets,,Photo via Unsplash,(needs description) (Photo via Unsplash),N
https://images.unsplash.com/photo-1648275913341-7973ae7bc9b3,unsplash,,,,photo,1,economics-aqa,Markets & Economic Sectors,,Photo via Unsplash,(needs description) (Photo via Unsplash),N
https://upload.wikimedia.org/wikipedia/commons/7/71/Bank-of-England.jpg,wikimedia,CC BY 4.0,ATTRIB-REQUIRED,acediscovery,photo,1,economics-aqa,Monetary Policy,,Photo by acediscovery · CC BY 4.0 · Wikimedia Commons,(needs description) (Photo by acediscovery · CC BY 4.0 · Wikimedia Commons),N
https://images.unsplash.com/photo-1623581869294-6b18cebbb067,unsplash,,,,photo,1,economics-aqa,Non-Competitive Markets: Monopoly & Oligopoly,,Photo via Unsplash,(needs description) (Photo via Unsplash),N
https://pub-aeb94e100e5a48f4a133be5bf206aecb.r2.dev/economics-aqa/how-prices-are-determined/lesson-05-hero.jpg,r2,,,,photo,1,economics-aqa,Price Elasticity of Demand & Supply,,Photo via Unsplash,(needs description) (Photo via Unsplash),N
https://pub-aeb94e100e5a48f4a133be5bf206aecb.r2.dev/economics-aqa/production-costs-and-market-structures/lesson-02-hero.jpg,r2,,,,photo,1,economics-aqa,"Production, Productivity & Economies of Scale",,Photo via Unsplash,(needs description) (Photo via Unsplash),N
https://images.unsplash.com/photo-1506617420156-8e4536971650,unsplash,,,,photo,1,economics-aqa,Relationships Between Markets,,Photo via Unsplash,(needs description) (Photo via Unsplash),N
https://images.unsplash.com/photo-1567789884554-0b844b597180,unsplash,,,,photo,1,economics-aqa,"Specialisation, Division of Labour & Exchange",,Photo via Unsplash,(needs description) (Photo via Unsplash),N
https://images.unsplash.com/photo-1624927637280-f033784c1279,unsplash,,,,photo,1,economics-aqa,Supply,,Photo via Unsplash,(needs description) (Photo via Unsplash),N
https://images.unsplash.com/photo-1597058557804-95ac4ee36e66,unsplash,,,,photo,1,economics-aqa,Supply-Side Policies,,Photo via Unsplash,(needs description) (Photo via Unsplash),N
https://pub-aeb94e100e5a48f4a133be5bf206aecb.r2.dev/economics-aqa/economic-foundations-and-resource-allocation/lesson-01-hero.jpg,r2,,,,photo,1,economics-aqa,The Economic Problem & Scarcity,,Photo via Unsplash,(needs description) (Photo via Unsplash),N
https://pub-aeb94e100e5a48f4a133be5bf206aecb.r2.dev/economics-aqa/economic-foundations-and-resource-allocation/lesson-02-hero.jpg,r2,,,,photo,1,economics-aqa,The Factors of Production,,Photo via Unsplash,(needs description) (Photo via Unsplash),N
https://images.unsplash.com/photo-1662819202000-d3d2ac9e5895,unsplash,,,,photo,1,electronics-eduqas,555 Astable Oscillators and Mark-Space Ratio,,Photo via Unsplash,(needs description) (Photo via Unsplash),N
https://upload.wikimedia.org/wikipedia/commons/c/c1/Esselte_oscilloscope.jpg,wikimedia,CC0,FREE,Unnerving duck,photo,1,electronics-eduqas,"Amplifiers: Gain, Bandwidth and Clipping",,Photo by Unnerving duck · public domain · Wikimedia Commons,(needs description) (Photo by Unnerving duck · public domain · Wikimedia Commons),N
https://images.unsplash.com/photo-1569396116180-210c182bedb8,unsplash,,,,photo,1,electronics-eduqas,"Binary, BCD and Decade Counters with 7-Segment Displays",,Photo via Unsplash,(needs description) (Photo via Unsplash),N
https://images.unsplash.com/photo-1650530415027-dc9199f473ec,unsplash,,,,photo,1,electronics-eduqas,"Circuit Symbols, Voltage and Current Rules",,Photo via Unsplash,(needs description) (Photo via Unsplash),N
https://upload.wikimedia.org/wikipedia/commons/1/10/SN74ALS74AN.jpg,wikimedia,CC BY-SA 4.0,SHARE-ALIKE,Mister rf,photo,1,electronics-eduqas,"D-Type Flip-Flops, Latches and Up-Counters",,Photo by Mister rf · CC BY-SA 4.0 · Wikimedia Commons,(needs description) (Photo by Mister rf · CC BY-SA 4.0 · Wikimedia Commons),N
https://upload.wikimedia.org/wikipedia/commons/5/54/CMOS_image_sensor_chip-scale_package_top.jpg,wikimedia,CC BY-SA 4.0,SHARE-ALIKE,Phiarc,photo,1,electronics-eduqas,Designing Logic Systems and NAND-Only Implementations,,Photo by Phiarc · CC BY-SA 4.0 · Wikimedia Commons,(needs description) (Photo by Phiarc · CC BY-SA 4.0 · Wikimedia Commons),N
https://upload.wikimedia.org/wikipedia/commons/d/d5/Diode-closeup.jpg,wikimedia,CC BY-SA 2.5,SHARE-ALIKE,John Maushammer; The original uploader was Morcheeba at English Wikipedia.,photo,1,electronics-eduqas,"Diodes, Half-Wave Rectification and Zener Voltage Regulation",,Photo by John Maushammer; The original uploader was Morcheeba at English Wikipedia. · CC BY-SA 2.5 · Wikimedia Commons,(needs description) (Photo by John Maushammer; The original uploader was Morcheeba at English Wikipedia. · CC BY-SA 2.5 · Wikimedia Commons),N
https://images.unsplash.com/photo-1601192711792-98ed33148eb1,unsplash,,,,photo,1,electronics-eduqas,Electronic Systems and Sub-Systems,,Photo via Unsplash,(needs description) (Photo via Unsplash),N
https://upload.wikimedia.org/wikipedia/commons/0/09/Breadboard.jpg,wikimedia,CC BY-SA 3.0,SHARE-ALIKE,Toluaj,photo,1,electronics-eduqas,Inverting and Non-Inverting Op-Amp Circuits,,Photo by Toluaj · CC BY-SA 3.0 · Wikimedia Commons,(needs description) (Photo by Toluaj · CC BY-SA 3.0 · Wikimedia Commons),N
https://images.unsplash.com/photo-1509228468518-180dd4864904,unsplash,,,,photo,2,electronics-eduqas,"Logic Gates, Truth Tables and Boolean Algebra",,Photo via Unsplash,(needs description) (Photo via Unsplash),N
https://images.unsplash.com/photo-1555543451-eeaff357e0f3,unsplash,,,,photo,1,electronics-eduqas,Microcontroller Applications and System Evaluation,,Photo via Unsplash,(needs description) (Photo via Unsplash),N
https://upload.wikimedia.org/wikipedia/commons/f/f2/Ohm%27s_law_bulb_1000.jpg,wikimedia,CC BY-SA 3.0,SHARE-ALIKE,Cyril Mechkov -- Circuit-fantasist,photo,1,electronics-eduqas,"Ohm's Law, Power and Energy in Circuits",,Photo by Cyril Mechkov -- Circuit-fantasist · CC BY-SA 3.0 · Wikimedia Commons,(needs description) (Photo by Cyril Mechkov -- Circuit-fantasist · CC BY-SA 3.0 · Wikimedia Commons),N
https://upload.wikimedia.org/wikipedia/commons/2/24/U2_Photon_2004_Moving_Flash_Light_-_controller_-_Texas_Instruments_NE555P-92612.jpg,wikimedia,CC BY-SA 4.0,SHARE-ALIKE,Raimond Spekking,photo,1,electronics-eduqas,RC Time Delays and the 555 Monostable,,Photo by Raimond Spekking · CC BY-SA 4.0 · Wikimedia Commons,(needs description) (Photo by Raimond Spekking · CC BY-SA 4.0 · Wikimedia Commons),N
https://upload.wikimedia.org/wikipedia/commons/7/75/Electronic-Axial-Lead-Resistors-Array.jpg,wikimedia,Public domain,FREE,Evan-Amos,photo,1,electronics-eduqas,Resistors in Series and Parallel; the E24 Series,,Photo by Evan-Amos · public domain · Wikimedia Commons,(needs description) (Photo by Evan-Amos · public domain · Wikimedia Commons),N
https://upload.wikimedia.org/wikipedia/commons/5/54/Tektronix_digitizing_plug-in_7D20_for_7000_mainframe_oscilloscope.jpg,wikimedia,CC BY-SA 4.0,SHARE-ALIKE,Pittigrilli,photo,1,electronics-eduqas,Schmitt Inverters and Interfacing Analogue to Digital,,Photo by Pittigrilli · CC BY-SA 4.0 · Wikimedia Commons,(needs description) (Photo by Pittigrilli · CC BY-SA 4.0 · Wikimedia Commons),N
https://images.unsplash.com/photo-1458007683879-47560d7e33c3,unsplash,,,,photo,1,electronics-eduqas,Sensing Circuits and Voltage Dividers,,Photo via Unsplash,(needs description) (Photo via Unsplash),N
https://images.unsplash.com/photo-1772149394588-72fe8665e6c2,unsplash,,,,photo,1,electronics-eduqas,Summing Amplifiers and Audio Mixer Systems,,Photo via Unsplash,(needs description) (Photo via Unsplash),N
https://images.unsplash.com/photo-1662819202118-32eec7a7b38f,unsplash,,,,photo,1,electronics-eduqas,Transistor and MOSFET Switching Circuits,,Photo via Unsplash,(needs description) (Photo via Unsplash),N
https://images.unsplash.com/photo-1754734387891-36fcbb96f830,unsplash,,,,photo,1,electronics-eduqas,Voltage Comparators,,Photo via Unsplash,(needs description) (Photo via Unsplash),N
https://images.unsplash.com/photo-1563520239648-a24e51d4b570,unsplash,,,,photo,1,engineering-aqa,Additive Manufacturing and Rapid Prototyping,,Photo via Unsplash,(needs description) (Photo via Unsplash),N
https://images.unsplash.com/photo-1646617747563-4f080bddf282,unsplash,,,,photo,1,engineering-aqa,"Describing Systems: Block Diagrams, Schematics and Flowcharts",,Photo via Unsplash,(needs description) (Photo via Unsplash),N
https://images.unsplash.com/photo-1635335874521-7987db781153,unsplash,,,,photo,1,engineering-aqa,Electrical Systems and Power Supplies,,Photo via Unsplash,(needs description) (Photo via Unsplash),N
https://images.unsplash.com/photo-1632571401005-458e9d244591,unsplash,,,,photo,1,engineering-aqa,"Engineering Calculations: Area, Volume, Density and Pressure",,Photo via Unsplash,(needs description) (Photo via Unsplash),N
https://images.unsplash.com/photo-1759141274832-129d1e05cacf,unsplash,,,,photo,1,engineering-aqa,"Factors Influencing Design: Energy, Lifespan and Maintenance",,Photo via Unsplash,(needs description) (Photo via Unsplash),N
https://images.unsplash.com/photo-1697281679290-ad7be1b10682,unsplash,,,,photo,1,engineering-aqa,Heat Treatment and Chemical Treatment,,Photo via Unsplash,(needs description) (Photo via Unsplash),N
https://images.unsplash.com/photo-1679797850019-3d0d8659a695,unsplash,,,,photo,1,engineering-aqa,Joining and Assembly,,Photo via Unsplash,(needs description) (Photo via Unsplash),N
https://images.unsplash.com/photo-1684695749267-233af13276d0,unsplash,,,,photo,1,engineering-aqa,"Material Costs, Supply and Stock Forms",,Photo via Unsplash,(needs description) (Photo via Unsplash),N
https://images.unsplash.com/photo-1740209475472-aa7d280f7452,unsplash,,,,photo,1,engineering-aqa,"Material Removal: Cutting, Turning, Milling, Drilling",,Photo via Unsplash,(needs description) (Photo via Unsplash),N
https://images.unsplash.com/photo-1593062037896-764e9f52029e,unsplash,,,,photo,1,engineering-aqa,"Mechanical Calculations: Gears, Pulleys and Mechanical Advantage",,Photo via Unsplash,(needs description) (Photo via Unsplash),N
https://upload.wikimedia.org/wikipedia/commons/a/af/Think..._does_it_include_the_safety_factor%5E_Plant_efficiency_starts_with_your_ability._-_NARA_-_535264.jpg,wikimedia,Public domain,FREE,Unknown author,photo,1,engineering-aqa,"Mechanical Calculations: Stress, Strain, Young's Modulus and Factors of Safety",,Photo by Unknown author · public domain · Wikimedia Commons,(needs description) (Photo by Unknown author · public domain · Wikimedia Commons),N
https://images.unsplash.com/photo-1667660664335-f026a2614577,unsplash,,,,photo,1,engineering-aqa,Mechanical Properties of Engineering Materials,,Photo via Unsplash,(needs description) (Photo via Unsplash),N
https://images.unsplash.com/photo-1606501126768-b78d4569d3f9,unsplash,,,,photo,1,engineering-aqa,"Mechanical Systems: Motion, Linkages and Cams",,Photo via Unsplash,(needs description) (Photo via Unsplash),N
https://upload.wikimedia.org/wikipedia/commons/9/9d/Metals_for_jewellery.jpg,wikimedia,CC BY-SA 3.0,SHARE-ALIKE,Mauro Cateb,photo,1,engineering-aqa,Metals and Alloys,,Photo by Mauro Cateb · CC BY-SA 3.0 · Wikimedia Commons,(needs description) (Photo by Mauro Cateb · CC BY-SA 3.0 · Wikimedia Commons),N
https://upload.wikimedia.org/wikipedia/commons/4/4e/Solid-polymeric-foam.jpg,wikimedia,CC BY 4.0,ATTRIB-REQUIRED,"Giovanna Canu, Eva Santini",photo,1,engineering-aqa,Polymers and Composites,,"Photo by Giovanna Canu, Eva Santini · CC BY 4.0 · Wikimedia Commons","(needs description) (Photo by Giovanna Canu, Eva Santini · CC BY 4.0 · Wikimedia Commons)",N
https://upload.wikimedia.org/wikipedia/commons/e/e3/NS87P50D-6.jpg,wikimedia,CC BY-SA 4.0,SHARE-ALIKE,Mister rf,photo,2,engineering-aqa,Programmable Systems: Microcontrollers and Interfacing,,Photo by Mister rf · CC BY-SA 4.0 · Wikimedia Commons,(needs description) (Photo by Mister rf · CC BY-SA 4.0 · Wikimedia Commons),N
https://upload.wikimedia.org/wikipedia/commons/e/ef/Injection_Moulding.jpg,wikimedia,CC BY-SA 4.0,SHARE-ALIKE,Acmedrinktecsolutions,photo,2,engineering-aqa,"Shaping, Casting and Moulding",,Photo by Acmedrinktecsolutions · CC BY-SA 4.0 · Wikimedia Commons,(needs description) (Photo by Acmedrinktecsolutions · CC BY-SA 4.0 · Wikimedia Commons),N
https://images.unsplash.com/photo-1550979967-5839959d4cbc,unsplash,,,,photo,1,engineering-aqa,"Structural, Pneumatic and Hydraulic Systems",,Photo via Unsplash,(needs description) (Photo via Unsplash),N
https://images.unsplash.com/photo-1647426994723-ab685e4b8c77,unsplash,,,,photo,1,engineering-aqa,Surface Finishing,,Photo via Unsplash,(needs description) (Photo via Unsplash),N
https://images.unsplash.com/photo-1567613747256-9f97205d23d2,unsplash,,,,photo,1,engineering-aqa,"Testing, Quality Control and Tolerances",,Photo via Unsplash,(needs description) (Photo via Unsplash),N
https://pub-aeb94e100e5a48f4a133be5bf206aecb.r2.dev/engineering-eduqas/engineering-achievements-and-environment/lesson-01-hero.jpg,r2,,,,photo,1,engineering-eduqas,"Engineering Developments — Bicycles, Theme-Park Rides & Smart Phones",,Photo via Unsplash,(needs description) (Photo via Unsplash),N
https://pub-aeb94e100e5a48f4a133be5bf206aecb.r2.dev/engineering-eduqas/solving-engineering-problems/lesson-14-hero.jpg,r2,,,,photo,1,engineering-eduqas,"Engineering Drawing — Orthographic, Isometric & Sectional Views",,Photo via Unsplash,(needs description) (Photo via Unsplash),N
https://pub-aeb94e100e5a48f4a133be5bf206aecb.r2.dev/engineering-eduqas/solving-engineering-problems/lesson-11-hero.jpg,r2,,,,photo,1,engineering-eduqas,"Engineering Maths I — Formulae, Ohm's Law & Mechanical Advantage",,Photo via Unsplash,(needs description) (Photo via Unsplash),N
https://pub-aeb94e100e5a48f4a133be5bf206aecb.r2.dev/engineering-eduqas/solving-engineering-problems/lesson-12-hero.jpg,r2,,,,photo,1,engineering-eduqas,"Engineering Maths II — Areas, Volumes, Estimation & Scale",,Photo via Unsplash,(needs description) (Photo via Unsplash),N
https://pub-aeb94e100e5a48f4a133be5bf206aecb.r2.dev/engineering-eduqas/engineering-processes-and-safe-working/lesson-08-hero.jpg,r2,,,,photo,1,engineering-eduqas,"Engineering Processes — Marking, Cutting, Shaping & Drilling",,Photo via Unsplash,(needs description) (Photo via Unsplash),N
https://pub-aeb94e100e5a48f4a133be5bf206aecb.r2.dev/engineering-eduqas/engineering-achievements-and-environment/lesson-03-hero.jpg,r2,,,,photo,2,engineering-eduqas,Environmental Impact of Engineered Products,,Photo via Unsplash,(needs description) (Photo via Unsplash),N
https://pub-aeb94e100e5a48f4a133be5bf206aecb.r2.dev/engineering-eduqas/engineering-materials-and-properties/lesson-04-hero.jpg,r2,,,,photo,1,engineering-eduqas,Ferrous & Non-Ferrous Metals,,Photo via Unsplash,(needs description) (Photo via Unsplash),N
https://pub-aeb94e100e5a48f4a133be5bf206aecb.r2.dev/engineering-eduqas/engineering-achievements-and-environment/lesson-02-hero.jpg,r2,,,,photo,1,engineering-eduqas,"How Materials, Smart Technologies & Microelectronics Changed Everyday Life",,Photo via Unsplash,(needs description) (Photo via Unsplash),N
https://pub-aeb94e100e5a48f4a133be5bf206aecb.r2.dev/engineering-eduqas/engineering-processes-and-safe-working/lesson-09-hero.jpg,r2,,,,photo,1,engineering-eduqas,Joining & Finishing — Permanent and Temporary Fixings,,Photo via Unsplash,(needs description) (Photo via Unsplash),N
https://images.unsplash.com/photo-1764835746713-34a671e73569,unsplash,,,,photo,1,engineering-eduqas,Physical Properties & Selecting Materials for Engineered Products,,Photo via Unsplash,(needs description) (Photo via Unsplash),N
https://pub-aeb94e100e5a48f4a133be5bf206aecb.r2.dev/design-technology/core-technical/modern-and-smart-materials-hero.jpg,r2,,,,photo,3,engineering-eduqas,"Plastics, Smart Materials & Composites",,Photo via Unsplash,(needs description) (Photo via Unsplash),N
https://pub-aeb94e100e5a48f4a133be5bf206aecb.r2.dev/engineering-eduqas/solving-engineering-problems/lesson-13-hero.jpg,r2,,,,photo,1,engineering-eduqas,"Reading Data — Graphs, Histograms & Pie Charts",,Photo via Unsplash,(needs description) (Photo via Unsplash),N
https://images.unsplash.com/photo-1641893823219-38b433f736c0,unsplash,,,,photo,1,engineering-eduqas,Safe Working in the Workshop,,Photo via Unsplash,(needs description) (Photo via Unsplash),N
https://pub-aeb94e100e5a48f4a133be5bf206aecb.r2.dev/engineering-eduqas/engineering-materials-and-properties/lesson-07-hero.jpg,r2,,,,photo,1,engineering-eduqas,Testing Materials — Destructive & Non-Destructive,,Photo via Unsplash,(needs description) (Photo via Unsplash),N
https://images.unsplash.com/photo-1555431189-0fabf2667795,unsplash,,,,photo,4,english-language,Crafting Similes and Figurative Language,,Photo via Unsplash,(needs description) (Photo via Unsplash),N
https://images.unsplash.com/photo-1455390582262-044cdead277a,unsplash,,,,photo,3,english-language,Creative Writing Mastery — Countdown Narratives and Exam Practice,,Photo via Unsplash,(needs description) (Photo via Unsplash),N
https://images.unsplash.com/photo-1484069560501-87d72b0c3669,unsplash,,,,photo,1,english-language,Evaluation — The Synoptic Question,,Photo via Unsplash,(needs description) (Photo via Unsplash),N
https://images.unsplash.com/photo-1709285671944-a27fcbd207eb,unsplash,,,,photo,1,english-language,Explicit and Implicit Information,,Photo via Unsplash,(needs description) (Photo via Unsplash),N
https://images.unsplash.com/photo-1710447503692-8364152e431c,unsplash,,,,photo,1,english-language,Inference Writing — Extending Your Analysis,,Photo via Unsplash,(needs description) (Photo via Unsplash),N
https://images.unsplash.com/photo-1573496130103-a442a3754d0e,unsplash,,,,photo,1,english-language,Inference and Summary Skills,,Photo via Unsplash,(needs description) (Photo via Unsplash),N
https://images.unsplash.com/photo-1501504905252-473c47e087f8,unsplash,,,,photo,1,english-language,"Introduction to Rhetoric — Ethos, Logos, Pathos",,Photo via Unsplash,(needs description) (Photo via Unsplash),N
https://images.unsplash.com/photo-1618365908648-e71bd5716cba,unsplash,,,,photo,1,english-language,Language Analysis in Non-Fiction,,Photo via Unsplash,(needs description) (Photo via Unsplash),N
https://images.unsplash.com/photo-1533130247874-1f1e93257d32,unsplash,,,,photo,1,english-language,"Narrative Structure — Drop, Shift, Zoom, Link",,Photo via Unsplash,(needs description) (Photo via Unsplash),N
https://images.unsplash.com/photo-1598024055266-e772a5f8c128,unsplash,,,,photo,1,english-language,Paper 2 Reading Practice — Full Section A,,Photo via Unsplash,(needs description) (Photo via Unsplash),N
https://images.unsplash.com/photo-1523324761162-d261f3f30ab1,unsplash,,,,photo,1,english-language,Perspective and Comparison Skills,,Photo via Unsplash,(needs description) (Photo via Unsplash),N
https://images.unsplash.com/photo-1554686844-d67d59760029,unsplash,,,,photo,1,english-language,Punctuation for Effect — The Semicolon Split,,Photo via Unsplash,(needs description) (Photo via Unsplash),N
https://images.unsplash.com/photo-1604661808622-639387f6f698,unsplash,,,,photo,1,english-language,Rhetorical Devices in Action,,Photo via Unsplash,(needs description) (Photo via Unsplash),N
https://images.unsplash.com/photo-1634562876572-5abe57afcceb,unsplash,,,,photo,5,english-language,"Sensory Language, Verbs and Show Don't Tell",,Photo via Unsplash,(needs description) (Photo via Unsplash),N
https://images.unsplash.com/photo-1552321046-a54642dc0cb8,unsplash,,,,photo,1,english-language,Setting the Tone Through Vocabulary,,Photo via Unsplash,(needs description) (Photo via Unsplash),N
https://images.unsplash.com/photo-1730382625230-3756013c515c,unsplash,,,,photo,1,english-language,Structural Features and the 'Big 5' for Structure,,Photo via Unsplash,(needs description) (Photo via Unsplash),N
https://images.unsplash.com/photo-1684560208006-274881cc4c4b,unsplash,,,,photo,1,english-language,Structuring an Argument,,Photo via Unsplash,(needs description) (Photo via Unsplash),N
https://images.unsplash.com/photo-1477865300989-86ba6d4adcab,unsplash,,,,photo,1,english-language,"Technical Accuracy — Vocabulary, Sentences and Punctuation",,Photo via Unsplash,(needs description) (Photo via Unsplash),N
https://pub-aeb94e100e5a48f4a133be5bf206aecb.r2.dev/english-language/paper-1-reading/lesson-02-hero.jpg,r2,,,,photo,2,english-language,The 'Big 5' Language Techniques,,Photo via Unsplash,(needs description) (Photo via Unsplash),N
https://pub-aeb94e100e5a48f4a133be5bf206aecb.r2.dev/english-language/paper-1-writing/lesson-01-hero.jpg,r2,,,,photo,2,english-language,The Power of Observation and Descriptive Writing,,Photo via Unsplash,(needs description) (Photo via Unsplash),N
https://images.unsplash.com/photo-1772588627487-d1d3dcb1de29,unsplash,,,,photo,1,english-language,Transactional Writing Practice — Full Response,,Photo via Unsplash,(needs description) (Photo via Unsplash),N
https://images.unsplash.com/photo-1598363432303-fc8e1fb5a72d,unsplash,,,,photo,1,english-language,True or False — Identifying Statements,,Photo via Unsplash,(needs description) (Photo via Unsplash),N
https://images.unsplash.com/photo-1529251333259-d36cccaf22ea,unsplash,,,,photo,1,english-language,Writing Letters and Articles,,Photo via Unsplash,(needs description) (Photo via Unsplash),N
https://images.unsplash.com/photo-1646369505567-3a9cbb052342,unsplash,,,,photo,1,english-language,Writing Speeches and Essays,,Photo via Unsplash,(needs description) (Photo via Unsplash),N
https://images.unsplash.com/photo-1560092057-552a70533807,unsplash,,,,photo,1,english-language,Writing a Comparison Response,,Photo via Unsplash,(needs description) (Photo via Unsplash),N
https://images.unsplash.com/photo-1586943759341-be5595944989,unsplash,,,,photo,1,english-language,Writing a Language Analysis Response,,Photo via Unsplash,(needs description) (Photo via Unsplash),N
https://images.unsplash.com/photo-1658842042844-eeb5ad17b7d3,unsplash,,,,photo,1,english-language,Writing a Non-Fiction Language Analysis,,Photo via Unsplash,(needs description) (Photo via Unsplash),N
https://upload.wikimedia.org/wikipedia/commons/4/46/LIFE_OF_PI_-_Ang_Lee_-_35th_Mill_Valley_Film_Festival_%288121151260%29.jpg,wikimedia,CC BY 2.0,ATTRIB-REQUIRED,diginmag,photo,1,english-language,Writing a Structure Analysis Response,,Photo by diginmag · CC BY 2.0 · Wikimedia Commons,(needs description) (Photo by diginmag · CC BY 2.0 · Wikimedia Commons),N
https://images.unsplash.com/photo-1484480974693-6ca0a78fb36b,unsplash,,,,photo,2,english-language,Writing an Evaluation Response,,Photo via Unsplash,(needs description) (Photo via Unsplash),N
https://pub-aeb94e100e5a48f4a133be5bf206aecb.r2.dev/english-language/paper-2-reading/lesson-07-hero.jpg,r2,,,,photo,1,english-language-aqa,Analysing Structure in Non-Fiction,,Photo via Unsplash,(needs description) (Photo via Unsplash),N
https://pub-aeb94e100e5a48f4a133be5bf206aecb.r2.dev/english-language/paper-1-reading/lesson-07-hero.jpg,r2,,,,photo,1,english-language-aqa,Comparing Writers' Methods,,Photo via Unsplash,(needs description) (Photo via Unsplash),N
https://pub-aeb94e100e5a48f4a133be5bf206aecb.r2.dev/english-language/paper-2-reading/lesson-05-hero.jpg,r2,,,,photo,1,english-language-aqa,Comparing Writers’ Methods,,Photo via Unsplash,(needs description) (Photo via Unsplash),N
https://pub-aeb94e100e5a48f4a133be5bf206aecb.r2.dev/english-language/paper-2-reading/lesson-04-hero.jpg,r2,,,,photo,1,english-language-aqa,Comparing Writers’ Viewpoints,,Photo via Unsplash,(needs description) (Photo via Unsplash),N
https://pub-aeb94e100e5a48f4a133be5bf206aecb.r2.dev/english-language/paper-2-writing/lesson-05-hero.jpg,r2,,,,photo,1,english-language-aqa,Counterarguments and Rebuttals,,Photo via Unsplash,(needs description) (Photo via Unsplash),N
https://pub-aeb94e100e5a48f4a133be5bf206aecb.r2.dev/english-language/paper-1-reading/lesson-06-hero.jpg,r2,,,,photo,1,english-language-aqa,Evaluating Texts Critically,,Photo via Unsplash,(needs description) (Photo via Unsplash),N
https://pub-aeb94e100e5a48f4a133be5bf206aecb.r2.dev/english-language/paper-1-reading/lesson-08-hero.jpg,r2,,,,photo,2,english-language-aqa,Exam Skills: Paper 1 Reading Walkthrough,,Photo via Unsplash,(needs description) (Photo via Unsplash),N
https://pub-aeb94e100e5a48f4a133be5bf206aecb.r2.dev/english-language/paper-1-writing/lesson-07-hero.jpg,r2,,,,photo,1,english-language-aqa,Exam Skills: Paper 1 Writing Walkthrough,,Photo via Unsplash,(needs description) (Photo via Unsplash),N
https://pub-aeb94e100e5a48f4a133be5bf206aecb.r2.dev/english-language/paper-2-reading/lesson-08-hero.jpg,r2,,,,photo,1,english-language-aqa,Exam Skills: Paper 2 Reading Walkthrough,,Photo via Unsplash,(needs description) (Photo via Unsplash),N
https://pub-aeb94e100e5a48f4a133be5bf206aecb.r2.dev/english-language/paper-2-writing/lesson-07-hero.jpg,r2,,,,photo,1,english-language-aqa,Exam Skills: Paper 2 Writing Walkthrough,,Photo via Unsplash,(needs description) (Photo via Unsplash),N
https://pub-aeb94e100e5a48f4a133be5bf206aecb.r2.dev/english-language/paper-1-reading/lesson-01-hero.jpg,r2,,,,photo,1,english-language-aqa,Explicit and Implicit Information,,Photo via Unsplash,(needs description) (Photo via Unsplash),N
https://pub-aeb94e100e5a48f4a133be5bf206aecb.r2.dev/english-language/paper-2-reading/lesson-02-hero.jpg,r2,,,,photo,1,english-language-aqa,Identifying True Statements,,Photo via Unsplash,(needs description) (Photo via Unsplash),N
https://pub-aeb94e100e5a48f4a133be5bf206aecb.r2.dev/english-language/paper-2-reading/lesson-03-hero.jpg,r2,,,,photo,1,english-language-aqa,Language Analysis in Non-Fiction,,Photo via Unsplash,(needs description) (Photo via Unsplash),N
https://pub-aeb94e100e5a48f4a133be5bf206aecb.r2.dev/english-language/paper-1-reading/lesson-03-hero.jpg,r2,,,,photo,1,english-language-aqa,Language Analysis: Sentence Forms,,Photo via Unsplash,(needs description) (Photo via Unsplash),N
https://pub-aeb94e100e5a48f4a133be5bf206aecb.r2.dev/english-language/paper-2-writing/lesson-04-hero.jpg,r2,,,,photo,1,english-language-aqa,Letter and Article Writing,,Photo via Unsplash,(needs description) (Photo via Unsplash),N
https://pub-aeb94e100e5a48f4a133be5bf206aecb.r2.dev/english-language/paper-1-writing/lesson-02-hero.jpg,r2,,,,photo,1,english-language-aqa,Narrative Writing: Structure and Voice,,Photo via Unsplash,(needs description) (Photo via Unsplash),N
https://pub-aeb94e100e5a48f4a133be5bf206aecb.r2.dev/english-language/paper-1-writing/lesson-04-hero.jpg,r2,,,,photo,1,english-language-aqa,Paragraphing and Cohesion,,Photo via Unsplash,(needs description) (Photo via Unsplash),N
https://pub-aeb94e100e5a48f4a133be5bf206aecb.r2.dev/english-language/paper-2-writing/lesson-06-hero.jpg,r2,,,,photo,1,english-language-aqa,Planning and Structuring Viewpoint Writing,,Photo via Unsplash,(needs description) (Photo via Unsplash),N
https://pub-aeb94e100e5a48f4a133be5bf206aecb.r2.dev/english-language/paper-1-writing/lesson-06-hero.jpg,r2,,,,photo,1,english-language-aqa,Planning and Structuring Your Response,,Photo via Unsplash,(needs description) (Photo via Unsplash),N
https://pub-aeb94e100e5a48f4a133be5bf206aecb.r2.dev/english-language/paper-1-writing/lesson-05-hero.jpg,r2,,,,photo,1,english-language-aqa,Punctuation for Effect,,Photo via Unsplash,(needs description) (Photo via Unsplash),N
https://pub-aeb94e100e5a48f4a133be5bf206aecb.r2.dev/english-language/paper-2-reading/lesson-06-hero.jpg,r2,,,,photo,1,english-language-aqa,Rhetorical Devices and Persuasion,,Photo via Unsplash,(needs description) (Photo via Unsplash),N
https://pub-aeb94e100e5a48f4a133be5bf206aecb.r2.dev/english-language/paper-2-writing/lesson-03-hero.jpg,r2,,,,photo,1,english-language-aqa,Speech Writing and Rhetorical Devices,,Photo via Unsplash,(needs description) (Photo via Unsplash),N
https://pub-aeb94e100e5a48f4a133be5bf206aecb.r2.dev/english-language/paper-1-reading/lesson-04-hero.jpg,r2,,,,photo,1,english-language-aqa,Structural Analysis: Beginnings and Endings,,Photo via Unsplash,(needs description) (Photo via Unsplash),N
https://pub-aeb94e100e5a48f4a133be5bf206aecb.r2.dev/english-language/paper-1-reading/lesson-05-hero.jpg,r2,,,,photo,1,english-language-aqa,Structural Analysis: Focus and Perspective Shifts,,Photo via Unsplash,(needs description) (Photo via Unsplash),N
https://pub-aeb94e100e5a48f4a133be5bf206aecb.r2.dev/english-language/paper-2-reading/lesson-01-hero.jpg,r2,,,,photo,1,english-language-aqa,Summarising and Synthesising Information,,Photo via Unsplash,(needs description) (Photo via Unsplash),N
https://pub-aeb94e100e5a48f4a133be5bf206aecb.r2.dev/english-language/paper-1-writing/lesson-03-hero.jpg,r2,,,,photo,1,english-language-aqa,Vocabulary and Sentence Variety,,Photo via Unsplash,(needs description) (Photo via Unsplash),N
https://pub-aeb94e100e5a48f4a133be5bf206aecb.r2.dev/english-language/paper-2-writing/lesson-01-hero.jpg,r2,,,,photo,1,english-language-aqa,Writing to Argue: Building a Case,,Photo via Unsplash,(needs description) (Photo via Unsplash),N
https://pub-aeb94e100e5a48f4a133be5bf206aecb.r2.dev/english-language/paper-2-writing/lesson-02-hero.jpg,r2,,,,photo,1,english-language-aqa,Writing to Persuade: Techniques and Tone,,Photo via Unsplash,(needs description) (Photo via Unsplash),N
https://images.unsplash.com/photo-1536953668835-ee9814c87f70,unsplash,,,,photo,1,english-literature,Ambition & the Prophecies,,Photo via Unsplash,(needs description) (Photo via Unsplash),N
https://upload.wikimedia.org/wikipedia/commons/2/2b/Banquo.jpg,wikimedia,Public domain,FREE,Théodore Chassériau,photo,5,english-literature,Banquo & Deception,,Photo by Théodore Chassériau · public domain · Wikimedia Commons,(needs description) (Photo by Théodore Chassériau · public domain · Wikimedia Commons),N
https://images.unsplash.com/photo-1508931133503-b1944a4ecdd5,unsplash,,,,photo,5,english-literature,Context & the Supernatural,,Photo via Unsplash,(needs description) (Photo via Unsplash),N
https://images.unsplash.com/photo-1529167182942-894f5ff43f34,unsplash,,,,photo,2,english-literature,Guilt & Consequences,,Photo via Unsplash,(needs description) (Photo via Unsplash),N
https://pub-aeb94e100e5a48f4a133be5bf206aecb.r2.dev/english-literature/power-and-conflict/lesson-07-hero.jpg,r2,,,,photo,2,english-literature,Kamikaze & The Emigrée,,Photo via Unsplash,(needs description) (Photo via Unsplash),N
https://upload.wikimedia.org/wikipedia/commons/8/81/Lady_Macbeth_Cattermole.jpg,wikimedia,Public domain,FREE,George Cattermole,photo,5,english-literature,Lady Macbeth & Gender,,Photo by George Cattermole · public domain · Wikimedia Commons,(needs description) (Photo by George Cattermole · public domain · Wikimedia Commons),N
https://pub-aeb94e100e5a48f4a133be5bf206aecb.r2.dev/english-literature/macbeth/lesson-09-hero.jpg,r2,,,,photo,5,english-literature,Lady Macbeth's Madness & Downfall,,Photo via Unsplash,(needs description) (Photo via Unsplash),N
https://pub-aeb94e100e5a48f4a133be5bf206aecb.r2.dev/english-literature/unseen-poetry/lesson-02-hero.jpg,r2,,,,photo,4,english-literature,Language & Imagery in Unseen Poetry,,Photo via Unsplash,(needs description) (Photo via Unsplash),N
https://pub-aeb94e100e5a48f4a133be5bf206aecb.r2.dev/english-literature/macbeth/lesson-08-hero.jpg,r2,,,,photo,2,english-literature,Macduff & Scotland's Suffering,,Photo via Unsplash,(needs description) (Photo via Unsplash),N
https://baipckgywpnwapobwtsy.supabase.co/storage/v1/object/public/pipeline-uploads/hero-uploads/1bbe72bc-26c9-4ec9-aeee-88347de14b6a/lucrezia.jpg,other,,,,photo,2,english-literature,My Last Duchess — Power & Control,,Photo via Unsplash,(needs description) (Photo via Unsplash),N
https://upload.wikimedia.org/wikipedia/commons/9/93/Adelaide_champion_Berkshire_boar_2005.jpg,wikimedia,CC BY-SA 3.0,SHARE-ALIKE,unknown artist,photo,4,english-literature,Napoleon's Rise to Power,,Photo by unknown artist · CC BY-SA 3.0 · Wikimedia Commons,(needs description) (Photo by unknown artist · CC BY-SA 3.0 · Wikimedia Commons),N
https://pub-aeb94e100e5a48f4a133be5bf206aecb.r2.dev/english-literature/animal-farm/lesson-02-hero.jpg,r2,,,,photo,4,english-literature,Old Major's Speech & the Rebellion,,Photo via Unsplash,(needs description) (Photo via Unsplash),N
https://images.unsplash.com/photo-1696508367537-7f082f547c14,unsplash,,,,photo,2,english-literature,Ozymandias — Power & Its Decay,,Photo via Unsplash,(needs description) (Photo via Unsplash),N
https://images.unsplash.com/photo-1720382396867-4675880fcc19,unsplash,,,,photo,5,english-literature,Stave 3: Poverty & Generosity,,Photo via Unsplash,(needs description) (Photo via Unsplash),N
https://upload.wikimedia.org/wikipedia/commons/c/c3/Poems_you_ought_to_know_%281903%29_%2814782331055%29.jpg,wikimedia,No restrictions,FREE,Internet Archive Book Images,photo,6,english-literature,Structure & Form in Unseen Poetry,,Photo by Internet Archive Book Images · public domain · Wikimedia Commons,(needs description) (Photo by Internet Archive Book Images · public domain · Wikimedia Commons),N
https://upload.wikimedia.org/wikipedia/commons/5/5b/Animal_Farm_strip_cartoon.jpg,wikimedia,Public domain,FREE,The National Archives UK,photo,4,english-literature,The Battle of the Cowshed & Snowball's Leadership,,Photo by The National Archives UK · public domain · Wikimedia Commons,(needs description) (Photo by The National Archives UK · public domain · Wikimedia Commons),N
https://upload.wikimedia.org/wikipedia/commons/9/9c/Charge_of_the_Light_Brigade2.jpg,wikimedia,Public domain,FREE,"Simpson, William, 1823-1899, artist., E. Walker, lithographer",photo,2,english-literature,The Charge of the Light Brigade & Bayonet Charge,,"Photo by Simpson, William, 1823-1899, artist., E. Walker, lithographer · public domain · Wikimedia Commons","(needs description) (Photo by Simpson, William, 1823-1899, artist., E. Walker, lithographer · public domain · Wikimedia Commons)",N
https://images.unsplash.com/photo-1731492387731-718afe18fce9,unsplash,,,,photo,1,english-literature,The Early Farm & Squealer's Propaganda,,Photo via Unsplash,(needs description) (Photo via Unsplash),N
https://baipckgywpnwapobwtsy.supabase.co/storage/v1/object/public/pipeline-uploads/hero-uploads/7faf156b-c6f7-4479-83a7-45db9e5e6c3f/macbeth%20final%20scene.jpg,other,,,,photo,7,english-literature,The Ending & Key Themes,,Photo via Unsplash,(needs description) (Photo via Unsplash),N
https://images.unsplash.com/photo-1609087873582-728f8a28f491,unsplash,,,,photo,6,english-literature,The Ending & the Moral,,Photo via Unsplash,(needs description) (Photo via Unsplash),N
https://upload.wikimedia.org/wikipedia/commons/8/88/Ullswater_MMB_04.jpg,wikimedia,CC BY-SA 3.0,SHARE-ALIKE,mattbuck (category),photo,2,english-literature,The Prelude — Power of Nature,,Photo by mattbuck (category) · CC BY-SA 3.0 · Wikimedia Commons,(needs description) (Photo by mattbuck (category) · CC BY-SA 3.0 · Wikimedia Commons),N
https://pub-aeb94e100e5a48f4a133be5bf206aecb.r2.dev/english-literature/macbeth/lesson-07-hero.jpg,r2,,,,photo,3,english-literature,The Witches Return & Tyranny,,Photo via Unsplash,(needs description) (Photo via Unsplash),N
https://pub-aeb94e100e5a48f4a133be5bf206aecb.r2.dev/english-literature/power-and-conflict/lesson-08-hero.jpg,r2,,,,photo,4,english-literature,Tissue & Poppies,,Photo via Unsplash,(needs description) (Photo via Unsplash),N
https://images.unsplash.com/photo-1603416607643-8f1b2d6d5b02,unsplash,,,,photo,1,english-literature-aqa,'A Family Supper' — Kazuo Ishiguro,,Photo via Unsplash,(needs description) (Photo via Unsplash),N
https://upload.wikimedia.org/wikipedia/commons/4/4e/Berlin_-_Gaerten_der_Welt_-Staudengarten_%28Gardens_of_the_World_-_Themes%29_-_geo.hlipp.de_-_36594.jpg,wikimedia,CC BY-SA 2.0,SHARE-ALIKE,Colin Smith on geo.hlipp.de,photo,1,english-literature-aqa,'Chemistry' — Graham Swift,,Photo by Colin Smith on geo.hlipp.de · CC BY-SA 2.0 · Wikimedia Commons,(needs description) (Photo by Colin Smith on geo.hlipp.de · CC BY-SA 2.0 · Wikimedia Commons),N
https://images.unsplash.com/photo-1519406596751-0a3ccc4937fe,unsplash,,,,photo,1,english-literature-aqa,'Invisible Mass of the Back Row' — Claudette Williams,,Photo via Unsplash,(needs description) (Photo via Unsplash),N
https://upload.wikimedia.org/wikipedia/commons/8/89/Upper_Lake_Glendalough.jpg,wikimedia,CC BY-SA 2.0,SHARE-ALIKE,Manuel Osdoba,photo,1,english-literature-aqa,'Korea' — John McGahern,,Photo by Manuel Osdoba · CC BY-SA 2.0 · Wikimedia Commons,(needs description) (Photo by Manuel Osdoba · CC BY-SA 2.0 · Wikimedia Commons),N
https://images.unsplash.com/photo-1706801274630-3f800ed5ec43,unsplash,,,,photo,1,english-literature-aqa,'My Polish Teacher's Tie' — Helen Dunmore,,Photo via Unsplash,(needs description) (Photo via Unsplash),N
https://images.unsplash.com/photo-1763805636328-ff0843190be7,unsplash,,,,photo,1,english-literature-aqa,'Odour of Chrysanthemums' — D.H. Lawrence,,Photo via Unsplash,(needs description) (Photo via Unsplash),N
https://images.unsplash.com/photo-1701474510411-6fc4cca68892,unsplash,,,,photo,1,english-literature-aqa,'The Darkness Out There' — Penelope Lively,,Photo via Unsplash,(needs description) (Photo via Unsplash),N
https://images.unsplash.com/photo-1736070776933-bdc38df733f9,unsplash,,,,photo,3,english-literature-aqa,"Act 1: Enid, Viv & the Obeah Woman",,Photo via Unsplash,(needs description) (Photo via Unsplash),N
https://images.unsplash.com/photo-1769374070786-1e0b206381de,unsplash,,,,photo,4,english-literature-aqa,Act 1: The Engagement and the Inspector Arrives,,Photo via Unsplash,(needs description) (Photo via Unsplash),N
https://upload.wikimedia.org/wikipedia/commons/a/a7/Caribbean_dinner_plate.jpg,wikimedia,CC BY-SA 2.0,SHARE-ALIKE,Mulling it Over,photo,1,english-literature-aqa,Act 1: The Family & the Dream,,Photo by Mulling it Over · CC BY-SA 2.0 · Wikimedia Commons,(needs description) (Photo by Mulling it Over · CC BY-SA 2.0 · Wikimedia Commons),N
https://upload.wikimedia.org/wikipedia/commons/2/2b/Maude_Adams_acting_edition_of_Romeo_and_Juliet%3B_%281899%29_%2814777710344%29.jpg,wikimedia,No restrictions,FREE,Internet Archive Book Images,photo,4,english-literature-aqa,Act 1: The Feud and the Party,,Photo by Internet Archive Book Images · public domain · Wikimedia Commons,(needs description) (Photo by Internet Archive Book Images · public domain · Wikimedia Commons),N
https://images.unsplash.com/photo-1568871807338-14f415d161bd,unsplash,,,,photo,4,english-literature-aqa,Act 1–2: Sheila and Gerald’s Involvement,,Photo via Unsplash,(needs description) (Photo via Unsplash),N
https://images.unsplash.com/photo-1695891835887-0a67e48827f3,unsplash,,,,photo,2,english-literature-aqa,Act 2: Generational Conflict,,Photo via Unsplash,(needs description) (Photo via Unsplash),N
https://upload.wikimedia.org/wikipedia/commons/c/c4/Debutantes_Committee_on_charity_inaugural_ball%2C_2-24-25_LCCN2016839331.jpg,wikimedia,Public domain,FREE,National Photo Company Collection,photo,1,english-literature-aqa,Act 2: Mrs Birling and the Charity Committee,,Photo by National Photo Company Collection · public domain · Wikimedia Commons,(needs description) (Photo by National Photo Company Collection · public domain · Wikimedia Commons),N
https://images.unsplash.com/photo-1718666430851-85d9cd154e86,unsplash,,,,photo,3,english-literature-aqa,Act 2: The Balcony Scene and Secret Marriage,,Photo via Unsplash,(needs description) (Photo via Unsplash),N
https://upload.wikimedia.org/wikipedia/commons/e/ea/Protect_the_right_to_protest_%2851824226663%29.jpg,wikimedia,CC BY 2.0,ATTRIB-REQUIRED,"Alisdare Hickson from Woolwich, United Kingdom",photo,1,english-literature-aqa,Act 2: The Boycott & Resistance,,"Photo by Alisdare Hickson from Woolwich, United Kingdom · CC BY 2.0 · Wikimedia Commons","(needs description) (Photo by Alisdare Hickson from Woolwich, United Kingdom · CC BY 2.0 · Wikimedia Commons)",N
https://images.unsplash.com/photo-1642084921156-2c102eec4d5a,unsplash,,,,photo,1,english-literature-aqa,Act 3: Resolution & Hope,,Photo via Unsplash,(needs description) (Photo via Unsplash),N
https://upload.wikimedia.org/wikipedia/commons/6/6d/Breda_Grote_Kerk_Praalgraf_Engelbrecht_Caesar_detail_2.jpg,wikimedia,CC BY 4.0,ATTRIB-REQUIRED,Renée Kools,photo,1,english-literature-aqa,Act 3: The Assassination & the Speeches,,Photo by Renée Kools · CC BY 4.0 · Wikimedia Commons,(needs description) (Photo by Renée Kools · CC BY 4.0 · Wikimedia Commons),N
https://upload.wikimedia.org/wikipedia/commons/7/7c/New_Phone_is_an_Old_Phone.jpg,wikimedia,CC BY 2.0,ATTRIB-REQUIRED,Billy Brown,photo,1,english-literature-aqa,Act 3: The Ending and the Phone Call,,Photo by Billy Brown · CC BY 2.0 · Wikimedia Commons,(needs description) (Photo by Billy Brown · CC BY 2.0 · Wikimedia Commons),N
https://images.unsplash.com/photo-1764505464549-038e9e30020e,unsplash,,,,photo,1,english-literature-aqa,Acts 1-2: Conspiracy & Persuasion,,Photo via Unsplash,(needs description) (Photo via Unsplash),N
https://upload.wikimedia.org/wikipedia/commons/6/6e/The_Merchant_of_Venice_%2815604830003%29.jpg,wikimedia,CC BY-SA 2.0,SHARE-ALIKE,Otterbein University Theatre &amp; Dance from USA,photo,5,english-literature-aqa,Acts 1-2: The Bond & the Caskets,,Photo by Otterbein University Theatre &amp; Dance from USA · CC BY-SA 2.0 · Wikimedia Commons,(needs description) (Photo by Otterbein University Theatre &amp; Dance from USA · CC BY-SA 2.0 · Wikimedia Commons),N
https://images.unsplash.com/reserve/Af0sF2OS5S5gatqrKzVP_Silhoutte.jpg,unsplash,,,,photo,4,english-literature-aqa,Acts 2-3: Gulling & Don John's Plot,,Photo via Unsplash,(needs description) (Photo via Unsplash),N
https://images.unsplash.com/photo-1675620640297-eb36c0eaa513,unsplash,,,,photo,1,english-literature-aqa,Acts 4-5: Civil War & the Ending,,Photo via Unsplash,(needs description) (Photo via Unsplash),N
https://pub-aeb94e100e5a48f4a133be5bf206aecb.r2.dev/english-literature/the-tempest/lesson-04-hero.jpg,r2,,,,photo,3,english-literature-aqa,Acts 4-5: Resolution & Forgiveness,,Photo via Unsplash,(needs description) (Photo via Unsplash),N
https://images.unsplash.com/photo-1623184276093-32170bedc0a9,unsplash,,,,photo,3,english-literature-aqa,Adolescence & Growing Apart,,Photo via Unsplash,(needs description) (Photo via Unsplash),N
https://images.unsplash.com/photo-1627764574958-fb54cd7d7448,unsplash,,,,photo,4,english-literature-aqa,Ambition & the Prophecies,,Photo via Unsplash,(needs description) (Photo via Unsplash),N
https://images.unsplash.com/photo-1580920790557-43158492adb5,unsplash,,,,photo,1,english-literature-aqa,Chapters 1-4: The Mystery Begins,,Photo via Unsplash,(needs description) (Photo via Unsplash),N
https://upload.wikimedia.org/wikipedia/commons/7/78/Dr_Jekyll_and_Mr_Hyde_poster_edit2.jpg,wikimedia,Public domain,FREE,Unknown author,photo,4,english-literature-aqa,"Chapters 1–3: The Door, the Will and Dr Jekyll",,Photo by Unknown author · public domain · Wikimedia Commons,(needs description) (Photo by Unknown author · public domain · Wikimedia Commons),N
https://upload.wikimedia.org/wikipedia/commons/6/6e/London_Thames_Sunset_panorama_-_Feb_2008.jpg,wikimedia,CC BY 3.0,ATTRIB-REQUIRED,Diliff,photo,1,english-literature-aqa,Chapters 5-8: The Chase,,Photo by Diliff · CC BY 3.0 · Wikimedia Commons,(needs description) (Photo by Diliff · CC BY 3.0 · Wikimedia Commons),N
https://images.unsplash.com/photo-1723832275067-bb01bf63a38c,unsplash,,,,photo,1,english-literature-aqa,Chapters 9-12: The Resolution,,Photo via Unsplash,(needs description) (Photo via Unsplash),N
https://images.unsplash.com/photo-1558377052-e833e2aaeeff,unsplash,,,,photo,2,english-literature-aqa,Character Analysis,,Photo via Unsplash,(needs description) (Photo via Unsplash),N
https://upload.wikimedia.org/wikipedia/commons/c/c4/Much_Ado_About_Nothing_Lithograph.jpg,wikimedia,Public domain,FREE,Unknown author,photo,4,english-literature-aqa,Character Analysis,,Photo by Unknown author · public domain · Wikimedia Commons,(needs description) (Photo by Unknown author · public domain · Wikimedia Commons),N
https://images.unsplash.com/photo-1611516818236-8faa056fb659,unsplash,,,,photo,2,english-literature-aqa,Character Analysis,,Photo via Unsplash,(needs description) (Photo via Unsplash),N
https://images.unsplash.com/photo-1759521011784-5f4d3e079664,unsplash,,,,photo,2,english-literature-aqa,Character Analysis,,Photo via Unsplash,(needs description) (Photo via Unsplash),N
https://images.unsplash.com/photo-1599692988230-78465713b977,unsplash,,,,photo,4,english-literature-aqa,Character Analysis,,Photo via Unsplash,(needs description) (Photo via Unsplash),N
https://upload.wikimedia.org/wikipedia/commons/9/9f/The_Merchant_of_Venice_%2816038569549%29.jpg,wikimedia,CC BY-SA 2.0,SHARE-ALIKE,Otterbein University Theatre &amp; Dance from USA,photo,4,english-literature-aqa,Character Analysis,,Photo by Otterbein University Theatre &amp; Dance from USA · CC BY-SA 2.0 · Wikimedia Commons,(needs description) (Photo by Otterbein University Theatre &amp; Dance from USA · CC BY-SA 2.0 · Wikimedia Commons),N
https://images.unsplash.com/photo-1773849576047-801f78b83651,unsplash,,,,photo,1,english-literature-aqa,Character Analysis,,Photo via Unsplash,(needs description) (Photo via Unsplash),N
https://upload.wikimedia.org/wikipedia/commons/8/87/Model_window_silhouette.jpg,wikimedia,CC BY 2.0,ATTRIB-REQUIRED,Macarena Alejandra Guajardo Mavroski,photo,2,english-literature-aqa,Character Analysis,,Photo by Macarena Alejandra Guajardo Mavroski · CC BY 2.0 · Wikimedia Commons,(needs description) (Photo by Macarena Alejandra Guajardo Mavroski · CC BY 2.0 · Wikimedia Commons),N
https://images.unsplash.com/photo-1598899246150-8689faebc62c,unsplash,,,,photo,1,english-literature-aqa,Character Analysis,,Photo via Unsplash,(needs description) (Photo via Unsplash),N
https://upload.wikimedia.org/wikipedia/commons/5/57/Rock_doves_in_flight.jpg,wikimedia,CC BY-SA 4.0,SHARE-ALIKE,Laitche,photo,1,english-literature-aqa,Character Analysis,,Photo by Laitche · CC BY-SA 4.0 · Wikimedia Commons,(needs description) (Photo by Laitche · CC BY-SA 4.0 · Wikimedia Commons),N
https://images.unsplash.com/photo-1497460932449-b9099695e195,unsplash,,,,photo,1,english-literature-aqa,Character Analysis,,Photo via Unsplash,(needs description) (Photo via Unsplash),N
https://images.unsplash.com/photo-1770022508228-e365394292fb,unsplash,,,,photo,1,english-literature-aqa,Character Analysis,,Photo via Unsplash,(needs description) (Photo via Unsplash),N
https://upload.wikimedia.org/wikipedia/commons/a/ad/DrJekyllandMrHyde1931.jpg,wikimedia,Public domain,FREE,Paramount,photo,4,english-literature-aqa,Characters: Jekyll and Hyde,,Photo by Paramount · public domain · Wikimedia Commons,(needs description) (Photo by Paramount · public domain · Wikimedia Commons),N
https://upload.wikimedia.org/wikipedia/commons/0/0f/Romeo_and_Juliet_-_Apr_1923_Shadowland.jpg,wikimedia,Public domain,FREE,White Studio,photo,1,english-literature-aqa,"Characters: Mercutio, Tybalt and the Nurse",,Photo by White Studio · public domain · Wikimedia Commons,(needs description) (Photo by White Studio · public domain · Wikimedia Commons),N
https://upload.wikimedia.org/wikipedia/commons/9/96/An_Inspector_Calls_-_geograph.org.uk_-_5280315.jpg,wikimedia,CC BY-SA 2.0,SHARE-ALIKE,Colin Smith,photo,4,english-literature-aqa,Characters: The Inspector and Mr Birling,,Photo by Colin Smith · CC BY-SA 2.0 · Wikimedia Commons,(needs description) (Photo by Colin Smith · CC BY-SA 2.0 · Wikimedia Commons),N
https://images.unsplash.com/photo-1657558570424-5e5a73d5edb5,unsplash,,,,photo,5,english-literature-aqa,"Characters: Utterson, Lanyon and Enfield",,Photo via Unsplash,(needs description) (Photo via Unsplash),N
https://pub-aeb94e100e5a48f4a133be5bf206aecb.r2.dev/english-literature/the-tempest/lesson-06-hero.jpg,r2,,,,photo,1,english-literature-aqa,"Colonialism, Magic & Structure",,Photo via Unsplash,(needs description) (Photo via Unsplash),N
https://images.unsplash.com/photo-1593600269510-0816682e80da,unsplash,,,,photo,1,english-literature-aqa,Comparing the Anthology: Themes & Exam Technique,,Photo via Unsplash,(needs description) (Photo via Unsplash),N
https://upload.wikimedia.org/wikipedia/commons/b/bf/Strawberry_Pippin_apples%2C_along_with_oranges_and_apples.jpg,wikimedia,CC0,FREE,Bim24,photo,1,english-literature-aqa,Comparison Skills,,Photo by Bim24 · public domain · Wikimedia Commons,(needs description) (Photo by Bim24 · public domain · Wikimedia Commons),N
https://upload.wikimedia.org/wikipedia/commons/b/b8/George_Orwell_white_plaque.jpg,wikimedia,CC BY-SA 4.0,SHARE-ALIKE,Megalit,photo,4,english-literature-aqa,"Context, Allegory & Orwell's Purpose",,Photo by Megalit · CC BY-SA 4.0 · Wikimedia Commons,(needs description) (Photo by Megalit · CC BY-SA 4.0 · Wikimedia Commons),N
https://images.unsplash.com/photo-1723080705199-f00a7292fa2e,unsplash,,,,photo,2,english-literature-aqa,Context: 1950s Salford & Kitchen Sink Drama,,Photo via Unsplash,(needs description) (Photo via Unsplash),N
https://upload.wikimedia.org/wikipedia/commons/a/a8/Rochdale_Corporation_bus_220_AEC_Regent_III_Weymann_GDK_720_in_Rochdale%2C_Lancashire_7_March_1964.jpg,wikimedia,CC BY-SA 2.0,SHARE-ALIKE,Dr Neil Clifton,photo,1,english-literature-aqa,Context: 1960s Bristol & the Bus Boycott,,Photo by Dr Neil Clifton · CC BY-SA 2.0 · Wikimedia Commons,(needs description) (Photo by Dr Neil Clifton · CC BY-SA 2.0 · Wikimedia Commons),N
https://upload.wikimedia.org/wikipedia/commons/b/b2/Enoch_Powell_30_Allan_Warren.jpg,wikimedia,CC BY-SA 3.0,SHARE-ALIKE,Allan warren,photo,5,english-literature-aqa,Context: 1960s/70s Britain & Immigration,,Photo by Allan warren · CC BY-SA 3.0 · Wikimedia Commons,(needs description) (Photo by Allan warren · CC BY-SA 3.0 · Wikimedia Commons),N
https://images.unsplash.com/photo-1615799752042-698d580570db,unsplash,,,,photo,1,english-literature-aqa,"Context: 1981 Britain, Race & the Care System",,Photo via Unsplash,(needs description) (Photo via Unsplash),N
https://images.unsplash.com/photo-1557263562-1246bca64de1,unsplash,,,,photo,3,english-literature-aqa,Context: Caribbean Immigration & British Identity,,Photo via Unsplash,(needs description) (Photo via Unsplash),N
https://images.unsplash.com/photo-1641035854072-1940449b0298,unsplash,,,,photo,2,english-literature-aqa,Context: Colonialism & Jacobean Power,,Photo via Unsplash,(needs description) (Photo via Unsplash),N
https://upload.wikimedia.org/wikipedia/commons/6/64/Elizabethan_Theatre_2014.jpg,wikimedia,CC0,FREE,Amy Richard,photo,4,english-literature-aqa,Context: Elizabethan Honour & Gender,,Photo by Amy Richard · public domain · Wikimedia Commons,(needs description) (Photo by Amy Richard · public domain · Wikimedia Commons),N
https://images.unsplash.com/photo-1580715911476-8f1fefcebc4b,unsplash,,,,photo,4,english-literature-aqa,Context: Regency Society & Austen's World,,Photo via Unsplash,(needs description) (Photo via Unsplash),N
https://images.unsplash.com/photo-1669371574096-3c6f94053b4c,unsplash,,,,photo,1,english-literature-aqa,Context: Republican Rome & Elizabethan England,,Photo via Unsplash,(needs description) (Photo via Unsplash),N
https://images.unsplash.com/photo-1701432794929-00a4f4942a85,unsplash,,,,photo,2,english-literature-aqa,"Context: Romanticism, Science & the Gothic",,Photo via Unsplash,(needs description) (Photo via Unsplash),N
https://upload.wikimedia.org/wikipedia/commons/8/8f/Two_Master_Minds_Meet_at_the_Precipice_of_Death_-_Sherlock_Holmes_%281922_film%29.jpg,wikimedia,Public domain,FREE,Goldwyn Pictures,photo,1,english-literature-aqa,Context: Victorian Empire & Crime,,Photo by Goldwyn Pictures · public domain · Wikimedia Commons,(needs description) (Photo by Goldwyn Pictures · public domain · Wikimedia Commons),N
https://images.unsplash.com/photo-1771352844716-4f7cd6b65ccb,unsplash,,,,photo,6,english-literature-aqa,Creation & Abandonment,,Photo via Unsplash,(needs description) (Photo via Unsplash),N
https://upload.wikimedia.org/wikipedia/commons/3/32/Love_padlocks_on_the_Butchers%27_Bridge_%28Ljubljana%29.jpg,wikimedia,CC BY-SA 4.0,SHARE-ALIKE,Petar Milošević,photo,1,english-literature-aqa,Desire & Relationships,,Photo by Petar Milošević · CC BY-SA 4.0 · Wikimedia Commons,(needs description) (Photo by Petar Milošević · CC BY-SA 4.0 · Wikimedia Commons),N
https://images.unsplash.com/photo-1519304520401-239e2a56a1aa,unsplash,,,,photo,1,english-literature-aqa,Exam Technique & Key Quotations,,Photo via Unsplash,(needs description) (Photo via Unsplash),N
https://upload.wikimedia.org/wikipedia/commons/8/8e/Honest_is_the_Best_Poetry._--_Gregory_Alan_Elliott.jpg,wikimedia,CC BY-SA 2.0,SHARE-ALIKE,"Alan Levine from Strawberry, United States",photo,1,english-literature-aqa,Exam Technique & Key Quotations,,"Photo by Alan Levine from Strawberry, United States · CC BY-SA 2.0 · Wikimedia Commons","(needs description) (Photo by Alan Levine from Strawberry, United States · CC BY-SA 2.0 · Wikimedia Commons)",N
https://upload.wikimedia.org/wikipedia/commons/3/32/Snow_at_the_front_%284687960129%29.jpg,wikimedia,No restrictions,FREE,National Library of Scotland,photo,2,english-literature-aqa,Exposure & Storm on the Island,,Photo by National Library of Scotland · public domain · Wikimedia Commons,(needs description) (Photo by National Library of Scotland · public domain · Wikimedia Commons),N
https://upload.wikimedia.org/wikipedia/commons/5/5b/Celebration_of_Family.jpg,wikimedia,CC BY-SA 4.0,SHARE-ALIKE,Wikibini,photo,1,english-literature-aqa,Family Love,,Photo by Wikibini · CC BY-SA 4.0 · Wikimedia Commons,(needs description) (Photo by Wikibini · CC BY-SA 4.0 · Wikimedia Commons),N
https://images.unsplash.com/photo-1673515334669-1e445e4f4c3f,unsplash,,,,photo,2,english-literature-aqa,"Form, Structure & Language",,Photo via Unsplash,(needs description) (Photo via Unsplash),N
https://images.unsplash.com/photo-1684772741108-b3513e9cf987,unsplash,,,,photo,1,english-literature-aqa,Harri's World: The Estate,,Photo via Unsplash,(needs description) (Photo via Unsplash),N
https://images.unsplash.com/photo-1771374527794-ea99738e15fa,unsplash,,,,photo,1,english-literature-aqa,Identity & Heritage,,Photo via Unsplash,(needs description) (Photo via Unsplash),N
https://images.unsplash.com/photo-1517673132405-a56a62b18caf,unsplash,,,,photo,1,english-literature-aqa,Key Themes,,Photo via Unsplash,(needs description) (Photo via Unsplash),N
https://images.unsplash.com/photo-1604030257241-81a7a60c2c43,unsplash,,,,photo,1,english-literature-aqa,Key Themes,,Photo via Unsplash,(needs description) (Photo via Unsplash),N
https://images.unsplash.com/photo-1585372237501-8bd95efa1bcd,unsplash,,,,photo,1,english-literature-aqa,Key Themes & Exam Technique,,Photo via Unsplash,(needs description) (Photo via Unsplash),N
https://pub-aeb94e100e5a48f4a133be5bf206aecb.r2.dev/english-literature-ocr/leave-taking/lesson-08-hero.jpg,r2,,,,photo,2,english-literature-aqa,Key Themes & Exam Technique,,Photo via Unsplash,(needs description) (Photo via Unsplash),N
https://images.unsplash.com/photo-1758730010177-1711515b7552,unsplash,,,,photo,2,english-literature-aqa,Key Themes & Exam Technique,,Photo via Unsplash,(needs description) (Photo via Unsplash),N
https://images.unsplash.com/photo-1755005616177-90761b770659,unsplash,,,,photo,2,english-literature-aqa,Key Themes & Exam Technique,,Photo via Unsplash,(needs description) (Photo via Unsplash),N
https://images.unsplash.com/photo-1665979738276-e41e815df1e1,unsplash,,,,photo,4,english-literature-aqa,Key Themes & Exam Technique,,Photo via Unsplash,(needs description) (Photo via Unsplash),N
https://images.unsplash.com/photo-1506362802973-bd1717de901c,unsplash,,,,photo,2,english-literature-aqa,Key Themes & Exam Technique,,Photo via Unsplash,(needs description) (Photo via Unsplash),N
https://images.unsplash.com/photo-1695238665698-06fd32f56272,unsplash,,,,photo,4,english-literature-aqa,Key Themes & Exam Technique,,Photo via Unsplash,(needs description) (Photo via Unsplash),N
https://images.unsplash.com/photo-1698423847324-e85fae1f312f,unsplash,,,,photo,3,english-literature-aqa,"Language, Dialect & Identity",,Photo via Unsplash,(needs description) (Photo via Unsplash),N
https://images.unsplash.com/photo-1590394340863-9baa275c4b55,unsplash,,,,photo,1,english-literature-aqa,"Language, Structure & Dramatic Techniques",,Photo via Unsplash,(needs description) (Photo via Unsplash),N
https://upload.wikimedia.org/wikipedia/commons/6/67/JB_Priestley_%288769425735%29.jpg,wikimedia,CC BY 2.0,ATTRIB-REQUIRED,Tim Green from Bradford,photo,4,english-literature-aqa,"Language, Structure and Dramatic Devices",,Photo by Tim Green from Bradford · CC BY 2.0 · Wikimedia Commons,(needs description) (Photo by Tim Green from Bradford · CC BY 2.0 · Wikimedia Commons),N
https://upload.wikimedia.org/wikipedia/commons/3/36/Shakespeare_Droeshout_1623.jpg,wikimedia,Public domain,FREE,Martin Droeshout,photo,3,english-literature-aqa,"Language, Structure and Form",,Photo by Martin Droeshout · public domain · Wikimedia Commons,(needs description) (Photo by Martin Droeshout · public domain · Wikimedia Commons),N
https://images.unsplash.com/photo-1502979932800-33d311b7ce56,unsplash,,,,photo,1,english-literature-aqa,"Language, Structure and Narrative Perspective",,Photo via Unsplash,(needs description) (Photo via Unsplash),N
https://upload.wikimedia.org/wikipedia/commons/a/a6/1794_William_Blake_Songs_of_Innocence.jpg,wikimedia,Public domain,FREE,William Blake (1757-1827).,photo,2,english-literature-aqa,London & Checking Out Me History,,Photo by William Blake (1757-1827). · public domain · Wikimedia Commons,(needs description) (Photo by William Blake (1757-1827). · public domain · Wikimedia Commons),N
https://images.unsplash.com/photo-1773257618933-998bf303ccbf,unsplash,,,,photo,1,english-literature-aqa,Loss & Distance,,Photo via Unsplash,(needs description) (Photo via Unsplash),N
https://images.unsplash.com/photo-1497942304796-b8bc2cc898f3,unsplash,,,,photo,4,english-literature-aqa,Memory & Time,,Photo via Unsplash,(needs description) (Photo via Unsplash),N
https://images.unsplash.com/photo-1639394306199-d308472f47ff,unsplash,,,,photo,2,english-literature-aqa,Memory & Time,,Photo via Unsplash,(needs description) (Photo via Unsplash),N
https://images.unsplash.com/photo-1759747412934-dbe1f0f9b065,unsplash,,,,photo,2,english-literature-aqa,Migration & Displacement,,Photo via Unsplash,(needs description) (Photo via Unsplash),N
https://images.unsplash.com/photo-1766959481989-2503379c9185,unsplash,,,,photo,4,english-literature-aqa,Moor House & St John Rivers,,Photo via Unsplash,(needs description) (Photo via Unsplash),N
https://images.unsplash.com/photo-1591813793166-4359e7d5fcee,unsplash,,,,photo,2,english-literature-aqa,"Murder, Revenge & the Bride",,Photo via Unsplash,(needs description) (Photo via Unsplash),N
https://upload.wikimedia.org/wikipedia/commons/9/90/Bosluiskop_%28ZA%29%2C_Robberg_Nature_Reserve%2C_Ausblick_--_2024_--_2242.jpg,wikimedia,CC BY-SA 4.0,SHARE-ALIKE,Dietmar Rabich,photo,1,english-literature-aqa,"Nature, Place & Belonging",,Photo by Dietmar Rabich · CC BY-SA 4.0 · Wikimedia Commons,(needs description) (Photo by Dietmar Rabich · CC BY-SA 4.0 · Wikimedia Commons),N
https://images.unsplash.com/photo-1541070157006-ad0a726867ea,unsplash,,,,photo,1,english-literature-aqa,"Part 1: Leon, Jake & Carol",,Photo via Unsplash,(needs description) (Photo via Unsplash),N
https://images.unsplash.com/photo-1507747586703-16d5436bd01d,unsplash,,,,photo,4,english-literature-aqa,Part 1: Meena's World,,Photo via Unsplash,(needs description) (Photo via Unsplash),N
https://images.unsplash.com/photo-1619272627799-52edd3802dba,unsplash,,,,photo,4,english-literature-aqa,Part 2: Anita Rutter,,Photo via Unsplash,(needs description) (Photo via Unsplash),N
https://images.unsplash.com/photo-1632852576480-c10a8e19496a,unsplash,,,,photo,1,english-literature-aqa,Part 2: Foster Care & Maureen,,Photo via Unsplash,(needs description) (Photo via Unsplash),N
https://images.unsplash.com/photo-1592966554798-bdc154f077d5,unsplash,,,,photo,4,english-literature-aqa,Part 3: Growing Apart,,Photo via Unsplash,(needs description) (Photo via Unsplash),N
https://images.unsplash.com/photo-1598432405152-c0a42a5a3a8a,unsplash,,,,photo,1,english-literature-aqa,Part 3: The Riots & the Ending,,Photo via Unsplash,(needs description) (Photo via Unsplash),N
https://pub-aeb94e100e5a48f4a133be5bf206aecb.r2.dev/english-literature/unseen-poetry/lesson-01-hero.jpg,r2,,,,photo,4,english-literature-aqa,Reading & Analysing an Unseen Poem,,Photo via Unsplash,(needs description) (Photo via Unsplash),N
https://upload.wikimedia.org/wikipedia/commons/b/b9/War_Photographer_%282001%29_%28488002985%29.jpg,wikimedia,CC BY-SA 2.0,SHARE-ALIKE,Christian Frei Switzerland,photo,2,english-literature-aqa,Remains & War Photographer,,Photo by Christian Frei Switzerland · CC BY-SA 2.0 · Wikimedia Commons,(needs description) (Photo by Christian Frei Switzerland · CC BY-SA 2.0 · Wikimedia Commons),N
https://images.unsplash.com/photo-1680001371583-b9fed024816b,unsplash,,,,photo,1,english-literature-aqa,"Setting, Structure & Detection",,Photo via Unsplash,(needs description) (Photo via Unsplash),N
https://images.unsplash.com/photo-1471877325906-aee7c2240b5f,unsplash,,,,photo,3,english-literature-aqa,"Staging, Structure & Social Realism",,Photo via Unsplash,(needs description) (Photo via Unsplash),N
https://images.unsplash.com/photo-1709645609582-6b0085ef6dcf,unsplash,,,,photo,3,english-literature-aqa,Stave 4: Fear & Mortality,,Photo via Unsplash,(needs description) (Photo via Unsplash),N
https://images.unsplash.com/photo-1525543907410-b2562b6796d6,unsplash,,,,photo,3,english-literature-aqa,Structure & Stagecraft,,Photo via Unsplash,(needs description) (Photo via Unsplash),N
https://images.unsplash.com/photo-1774582388622-674315229274,unsplash,,,,photo,2,english-literature-aqa,Structure & Stagecraft,,Photo via Unsplash,(needs description) (Photo via Unsplash),N
https://images.unsplash.com/photo-1647899240825-8036bc1fdac0,unsplash,,,,photo,1,english-literature-aqa,"Structure, Narration & Voice",,Photo via Unsplash,(needs description) (Photo via Unsplash),N
https://pub-aeb94e100e5a48f4a133be5bf206aecb.r2.dev/english-literature/animal-farm/lesson-09-hero.jpg,r2,,,,photo,2,english-literature-aqa,The Death of Boxer & Betrayal,,Photo via Unsplash,(needs description) (Photo via Unsplash),N
https://images.unsplash.com/photo-1712732249476-83f7568a0b70,unsplash,,,,photo,1,english-literature-aqa,The Early Farm & Squealer's Propaganda,,Photo via Unsplash,(needs description) (Photo via Unsplash),N
https://upload.wikimedia.org/wikipedia/commons/e/eb/Feral_Pigeon_Columba_livia%2C_Bangalore%2C_Karnataka%2C_India.jpg,wikimedia,GFDL 1.2,COPYLEFT,"Muhammad Mahdi Karim Facebook The making of this document was supported by Wikimedia CH. (Submit your project!) For all the files concerned, please see the category Supported by Wikimedia CH. العربية ∙ বাংলা ∙ čeština ∙ Deutsch ∙ English ∙ Esperanto ∙ español ∙ français ∙ galego ∙ हिन्दी ∙ magyar ∙ italiano ∙ 日本語 ∙ македонски ∙ Nederlands ∙ português do Brasil ∙ rumantsch ∙ русский ∙ sicilianu ∙ slovenščina ∙ தமிழ் ∙ українська ∙ 中文 ∙ +/−",photo,1,english-literature-aqa,The Ending,,"Photo by Muhammad Mahdi Karim Facebook The making of this document was supported by Wikimedia CH. (Submit your project!) For all the files concerned, please see the category Supported by Wikimedia CH. العربية ∙ বাংলা ∙ čeština ∙ Deutsch ∙ English ∙ Esperanto ∙ español ∙ français ∙ galego ∙ हिन्दी ∙ magyar ∙ italiano ∙ 日本語 ∙ македонски ∙ Nederlands ∙ português do Brasil ∙ rumantsch ∙ русский ∙ sicilianu ∙ slovenščina ∙ தமிழ் ∙ українська ∙ 中文 ∙ +/− · GFDL 1.2 · Wikimedia Commons","(needs description) (Photo by Muhammad Mahdi Karim Facebook The making of this document was supported by Wikimedia CH. (Submit your project!) For all the files concerned, please see the category Supported by Wikimedia CH. العربية ∙ বাংলা ∙ čeština ∙ Deutsch ∙ English ∙ Esperanto ∙ español ∙ français ∙ galego ∙ हिन्दी ∙ magyar ∙ italiano ∙ 日本語 ∙ македонски ∙ Nederlands ∙ português do Brasil ∙ rumantsch ∙ русский ∙ sicilianu ∙ slovenščina ∙ தமிழ் ∙ українська ∙ 中文 ∙ +/− · GFDL 1.2 · Wikimedia Commons)",N
https://images.unsplash.com/photo-1671040551450-2c33a0ad2ed8,unsplash,,,,photo,3,english-literature-aqa,The Ending & Pip's Redemption,,Photo via Unsplash,(needs description) (Photo via Unsplash),N
https://upload.wikimedia.org/wikipedia/commons/b/bd/Magnifying_glass_on_the_page_of_a_book.jpg,wikimedia,CC BY-SA 4.0,SHARE-ALIKE,Karbyn,photo,1,english-literature-aqa,The Murder Investigation,,Photo by Karbyn · CC BY-SA 4.0 · Wikimedia Commons,(needs description) (Photo by Karbyn · CC BY-SA 4.0 · Wikimedia Commons),N
https://upload.wikimedia.org/wikipedia/commons/6/65/Johann_Heinrich_F%C3%BCssli_-_Lady_Macbeth_with_the_Daggers_-_WGA8338.jpg,wikimedia,Public domain,FREE,Henry Fuseli,photo,4,english-literature-aqa,The Murder of Duncan,,Photo by Henry Fuseli · public domain · Wikimedia Commons,(needs description) (Photo by Henry Fuseli · public domain · Wikimedia Commons),N
https://images.unsplash.com/photo-1767294273267-0d4ef6712668,unsplash,,,,photo,4,english-literature-aqa,The Tragic Ending,,Photo via Unsplash,(needs description) (Photo via Unsplash),N
https://pub-aeb94e100e5a48f4a133be5bf206aecb.r2.dev/english-literature/animal-farm/lesson-06-hero.jpg,r2,,,,photo,2,english-literature-aqa,The Windmill & Boxer's Exploitation,,Photo via Unsplash,(needs description) (Photo via Unsplash),N
https://pub-aeb94e100e5a48f4a133be5bf206aecb.r2.dev/english-literature/a-christmas-carol/lesson-08-hero.jpg,r2,,,,photo,5,english-literature-aqa,Themes & Dickens' Message,,Photo via Unsplash,(needs description) (Photo via Unsplash),N
https://images.unsplash.com/photo-1640549700347-280bce42924f,unsplash,,,,photo,4,english-literature-aqa,"Themes: Duality, Repression and Science",,Photo via Unsplash,(needs description) (Photo via Unsplash),N
https://upload.wikimedia.org/wikipedia/commons/f/f6/Cast_of_the_Oswestry_Arts_Club_in_%27An_Inspector_Calls%27%2C_with_producer_Edgar_Evans_%281478368%29.jpg,wikimedia,CC BY-SA 4.0,SHARE-ALIKE,Geoff Charles,photo,4,english-literature-aqa,"Themes: Responsibility, Class and Gender",,Photo by Geoff Charles · CC BY-SA 4.0 · Wikimedia Commons,(needs description) (Photo by Geoff Charles · CC BY-SA 4.0 · Wikimedia Commons),N
https://images.unsplash.com/photo-1567618890770-5fba551e55fb,unsplash,,,,photo,2,english-literature-aqa,Walton's Frame & Victor's Ambition,,Photo via Unsplash,(needs description) (Photo via Unsplash),N
https://images.unsplash.com/photo-1674918252145-fad6dfc8f62c,unsplash,,,,photo,1,english-literature-edexcel,Act 1: Alem's Abandonment,,Photo via Unsplash,(needs description) (Photo via Unsplash),N
https://upload.wikimedia.org/wikipedia/commons/5/55/Palacio_de_Buckingham%2C_Londres%2C_Inglaterra%2C_2022-11-23%2C_DD_07-09_HDR.jpg,wikimedia,CC BY-SA 4.0,SHARE-ALIKE,Diego Delso,photo,1,english-literature-edexcel,Act 1: Arrival & Hope,,Photo by Diego Delso · CC BY-SA 4.0 · Wikimedia Commons,(needs description) (Photo by Diego Delso · CC BY-SA 4.0 · Wikimedia Commons),N
https://images.unsplash.com/photo-1717509793361-51eba95845c0,unsplash,,,,photo,1,english-literature-edexcel,Act 1: Arrival in the Trenches,,Photo via Unsplash,(needs description) (Photo via Unsplash),N
https://upload.wikimedia.org/wikipedia/commons/7/78/Heimatmuseum_Schuhmacherei_IMG_3757.JPG,wikimedia,CC0,FREE,Nassauer27,photo,1,english-literature-edexcel,Act 1: Hobson's World & Maggie's Plan,,Photo by Nassauer27 · public domain · Wikimedia Commons,(needs description) (Photo by Nassauer27 · public domain · Wikimedia Commons),N
https://images.unsplash.com/photo-1649949480386-88d41275e871,unsplash,,,,photo,1,english-literature-edexcel,Act 2: Tensions & the Raid,,Photo via Unsplash,(needs description) (Photo via Unsplash),N
https://images.unsplash.com/photo-1604887681094-f39ed99dde0b,unsplash,,,,photo,1,english-literature-edexcel,Act 2: The Foster Family & School,,Photo via Unsplash,(needs description) (Photo via Unsplash),N
https://images.unsplash.com/photo-1593510987185-1ec2256148a3,unsplash,,,,photo,5,english-literature-edexcel,"Act 3: Eric, the Inspector's Speech & the Twist",,Photo via Unsplash,(needs description) (Photo via Unsplash),N
https://pub-aeb94e100e5a48f4a133be5bf206aecb.r2.dev/english-literature-edexcel/refugee-boy/lesson-04-hero.jpg,r2,,,,photo,1,english-literature-edexcel,Act 3: The Asylum Hearing & Resolution,,Photo via Unsplash,(needs description) (Photo via Unsplash),N
https://upload.wikimedia.org/wikipedia/commons/d/d4/German_dead_in_a_captured_trench_%284688012299%29.jpg,wikimedia,No restrictions,FREE,National Library of Scotland,photo,1,english-literature-edexcel,"Act 3: The Raid, Death & the Ending",,Photo by National Library of Scotland · public domain · Wikimedia Commons,(needs description) (Photo by National Library of Scotland · public domain · Wikimedia Commons),N
https://upload.wikimedia.org/wikipedia/commons/7/7a/Capri_-_7224.jpg,wikimedia,CC BY-SA 3.0,SHARE-ALIKE,Jorge Royan,photo,1,english-literature-edexcel,Acts 3-4: The Power Shift,,Photo by Jorge Royan · CC BY-SA 3.0 · Wikimedia Commons,(needs description) (Photo by Jorge Royan · CC BY-SA 3.0 · Wikimedia Commons),N
https://images.unsplash.com/photo-1625239926678-071ac25ff37f,unsplash,,,,photo,1,english-literature-edexcel,Adam's Story: Coming Out,,Photo via Unsplash,(needs description) (Photo via Unsplash),N
https://images.unsplash.com/photo-1629735053270-f674b9359fe1,unsplash,,,,photo,1,english-literature-edexcel,Celebrating Place,,Photo via Unsplash,(needs description) (Photo via Unsplash),N
https://images.unsplash.com/photo-1768573489790-57fd92b6d97a,unsplash,,,,photo,5,english-literature-edexcel,Chapters 1-4: Arthur's Journey,,Photo via Unsplash,(needs description) (Photo via Unsplash),N
https://images.unsplash.com/photo-1692364221415-654b20e6d1d2,unsplash,,,,photo,3,english-literature-edexcel,Chapters 10-12: The Final Descent,,Photo via Unsplash,(needs description) (Photo via Unsplash),N
https://upload.wikimedia.org/wikipedia/commons/9/93/Jekyll_and_Hyde_sketch_from_Penny_Illustrated.jpg,wikimedia,Public domain,FREE,Unknown author,photo,4,english-literature-edexcel,Chapters 5-8: The Unravelling,,Photo by Unknown author · public domain · Wikimedia Commons,(needs description) (Photo by Unknown author · public domain · Wikimedia Commons),N
https://pub-aeb94e100e5a48f4a133be5bf206aecb.r2.dev/english-literature/a-christmas-carol/lesson-07-hero.jpg,r2,,,,photo,5,english-literature-edexcel,Character Analysis,,Photo via Unsplash,(needs description) (Photo via Unsplash),N
https://images.unsplash.com/photo-1549830727-c1c26b45db08,unsplash,,,,photo,4,english-literature-edexcel,Character Analysis,,Photo via Unsplash,(needs description) (Photo via Unsplash),N
https://images.unsplash.com/photo-1663303582164-b9585719b82c,unsplash,,,,photo,1,english-literature-edexcel,Character Analysis,,Photo via Unsplash,(needs description) (Photo via Unsplash),N
https://images.unsplash.com/photo-1529514441197-4d73298de5c5,unsplash,,,,photo,2,english-literature-edexcel,Character Analysis,,Photo via Unsplash,(needs description) (Photo via Unsplash),N
https://upload.wikimedia.org/wikipedia/commons/0/0a/Two_men_and_a_woman_with_bottles_of_alcohol_%28AM_87950-1%29.jpg,wikimedia,CC BY 4.0,ATTRIB-REQUIRED,"Collins, Tudor Washington, 1898-1970, photographer",photo,1,english-literature-edexcel,Character Analysis,,"Photo by Collins, Tudor Washington, 1898-1970, photographer · CC BY 4.0 · Wikimedia Commons","(needs description) (Photo by Collins, Tudor Washington, 1898-1970, photographer · CC BY 4.0 · Wikimedia Commons)",N
https://upload.wikimedia.org/wikipedia/commons/8/85/Indian_servant_serving_tea_to_a_European_colonial_woman.jpg,wikimedia,Public domain,FREE,Underwood &amp; Underwood,photo,1,english-literature-edexcel,Character Analysis,,Photo by Underwood &amp; Underwood · public domain · Wikimedia Commons,(needs description) (Photo by Underwood &amp; Underwood · public domain · Wikimedia Commons),N
https://images.unsplash.com/photo-1579168730068-397dfdf72513,unsplash,,,,photo,1,english-literature-edexcel,Character Analysis,,Photo via Unsplash,(needs description) (Photo via Unsplash),N
https://images.unsplash.com/photo-1646342029622-12f25838181e,unsplash,,,,photo,1,english-literature-edexcel,Character Analysis,,Photo via Unsplash,(needs description) (Photo via Unsplash),N
https://pub-aeb94e100e5a48f4a133be5bf206aecb.r2.dev/english-literature-edexcel/the-woman-in-black/lesson-05-hero.jpg,r2,,,,photo,2,english-literature-edexcel,Character Analysis,,Photo via Unsplash,(needs description) (Photo via Unsplash),N
https://upload.wikimedia.org/wikipedia/commons/e/e6/Homage_to_Benjamin_Zephaniah%2C_Witton_Road%2C_Birchfield_-_geograph.org.uk_-_7820982.jpg,wikimedia,CC BY-SA 2.0,SHARE-ALIKE,A J Paxton,photo,1,english-literature-edexcel,Character Analysis,,Photo by A J Paxton · CC BY-SA 2.0 · Wikimedia Commons,(needs description) (Photo by A J Paxton · CC BY-SA 2.0 · Wikimedia Commons),N
https://images.unsplash.com/photo-1605462465721-0f876c6ef509,unsplash,,,,photo,1,english-literature-edexcel,Character Analysis,,Photo via Unsplash,(needs description) (Photo via Unsplash),N
https://images.unsplash.com/photo-1663427840231-42c9f4ebb155,unsplash,,,,photo,1,english-literature-edexcel,Childhood & Memory,,Photo via Unsplash,(needs description) (Photo via Unsplash),N
https://upload.wikimedia.org/wikipedia/commons/f/ff/Victorian_facades_on_16th_Street_in_San_Francisco.jpg,wikimedia,CC BY-SA 4.0,SHARE-ALIKE,Frank Schulenburg,photo,1,english-literature-edexcel,"Comedy, Structure & Stagecraft",,Photo by Frank Schulenburg · CC BY-SA 4.0 · Wikimedia Commons,(needs description) (Photo by Frank Schulenburg · CC BY-SA 4.0 · Wikimedia Commons),N
https://images.unsplash.com/photo-1644059069819-af18ecd82d2d,unsplash,,,,photo,1,english-literature-edexcel,Comparing Romantic & Contemporary Voices,,Photo via Unsplash,(needs description) (Photo via Unsplash),N
https://images.unsplash.com/photo-1649682303298-24017e5dedb4,unsplash,,,,photo,15,english-literature-edexcel,Comparison Skills,,Photo via Unsplash,(needs description) (Photo via Unsplash),N
https://upload.wikimedia.org/wikipedia/commons/b/bf/Relationships_are_complicated_%282527256358%29.jpg,wikimedia,CC BY-SA 2.0,SHARE-ALIKE,hojusaram,photo,1,english-literature-edexcel,Complicated Love,,Photo by hojusaram · CC BY-SA 2.0 · Wikimedia Commons,(needs description) (Photo by hojusaram · CC BY-SA 2.0 · Wikimedia Commons),N
https://upload.wikimedia.org/wikipedia/commons/d/d1/Olivia%27s_House_-_Olivia%2C_Maria_and_Malvolio_%28Shakespeare%2C_Twelfth_Night%2C_Act_3%2C_Scene_4%29_MET_DP109510.jpg,wikimedia,CC0,FREE,Thomas Ryder / After Johann Heinrich Ramberg / John &amp; Josiah Boydell,photo,1,english-literature-edexcel,Context & Elizabethan Comedy,,Photo by Thomas Ryder / After Johann Heinrich Ramberg / John &amp; Josiah Boydell · public domain · Wikimedia Commons,(needs description) (Photo by Thomas Ryder / After Johann Heinrich Ramberg / John &amp; Josiah Boydell · public domain · Wikimedia Commons),N
https://images.unsplash.com/photo-1646171774294-2a4e0fb112e0,unsplash,,,,photo,1,english-literature-edexcel,Context: 18th-Century England & the Foundling Hospital,,Photo via Unsplash,(needs description) (Photo via Unsplash),N
https://upload.wikimedia.org/wikipedia/commons/3/36/British_Indian_Empire_1909_Imperial_Gazetteer_of_India.jpg,wikimedia,Public domain,FREE,Edinburgh Geographical Institute; J. G. Bartholomew and Sons.,photo,1,english-literature-edexcel,Context: British Empire & Indian Immigration,,Photo by Edinburgh Geographical Institute; J. G. Bartholomew and Sons. · public domain · Wikimedia Commons,(needs description) (Photo by Edinburgh Geographical Institute; J. G. Bartholomew and Sons. · public domain · Wikimedia Commons),N
https://images.unsplash.com/photo-1663590145979-3e7566d05e98,unsplash,,,,photo,4,english-literature-edexcel,Context: Class Divide in 1980s Liverpool,,Photo via Unsplash,(needs description) (Photo via Unsplash),N
https://images.unsplash.com/photo-1731020047298-1c20cfdc09d2,unsplash,,,,photo,1,english-literature-edexcel,"Context: Modern Britain, Masculinity & Identity",,Photo via Unsplash,(needs description) (Photo via Unsplash),N
https://upload.wikimedia.org/wikipedia/commons/f/f9/J_B_Priestley_at_work_in_his_study%2C_1940._%287893553148%29.jpg,wikimedia,No restrictions,FREE,National Media Museum from UK,photo,4,english-literature-edexcel,Context: Priestley's Socialist Message,,Photo by National Media Museum from UK · public domain · Wikimedia Commons,(needs description) (Photo by National Media Museum from UK · public domain · Wikimedia Commons),N
https://images.unsplash.com/photo-1568865416495-eadf11159a2a,unsplash,,,,photo,3,english-literature-edexcel,Context: The Gothic Tradition,,Photo via Unsplash,(needs description) (Photo via Unsplash),N
https://upload.wikimedia.org/wikipedia/commons/9/90/A_recreated_Victorian_street_at_Blists_Hill_Victorian_Town_-_geograph.org.uk_-_2087228.jpg,wikimedia,CC BY-SA 2.0,SHARE-ALIKE,Robin Drayton,photo,1,english-literature-edexcel,Context: Victorian Salford & Social Change,,Photo by Robin Drayton · CC BY-SA 2.0 · Wikimedia Commons,(needs description) (Photo by Robin Drayton · CC BY-SA 2.0 · Wikimedia Commons),N
https://images.unsplash.com/photo-1676387207846-f34d4bb75631,unsplash,,,,photo,2,english-literature-edexcel,Context: WWI & the Western Front,,Photo via Unsplash,(needs description) (Photo via Unsplash),N
https://upload.wikimedia.org/wikipedia/commons/b/b9/Yawning_Infant%2C_August_2018.jpg,wikimedia,CC BY-SA 4.0,SHARE-ALIKE,Martin Falbisoner,photo,1,english-literature-edexcel,Dante's Story: The Baby,,Photo by Martin Falbisoner · CC BY-SA 4.0 · Wikimedia Commons,(needs description) (Photo by Martin Falbisoner · CC BY-SA 4.0 · Wikimedia Commons),N
https://images.unsplash.com/photo-1602521879129-b98ae25b03d8,unsplash,,,,photo,4,english-literature-edexcel,Dark Places,,Photo via Unsplash,(needs description) (Photo via Unsplash),N
https://images.unsplash.com/photo-1669573050951-003c438484c9,unsplash,,,,photo,1,english-literature-edexcel,Displacement & Identity,,Photo via Unsplash,(needs description) (Photo via Unsplash),N
https://images.unsplash.com/photo-1775744244505-741852413679,unsplash,,,,photo,3,english-literature-edexcel,Eppie's Childhood & Godfrey's Secret,,Photo via Unsplash,(needs description) (Photo via Unsplash),N
https://images.unsplash.com/photo-1772340163724-86568d76e296,unsplash,,,,photo,6,english-literature-edexcel,Exam Technique & Key Quotations,,Photo via Unsplash,(needs description) (Photo via Unsplash),N
https://images.unsplash.com/photo-1758270705799-12efda48d4f4,unsplash,,,,photo,2,english-literature-edexcel,Exam Technique & Key Quotations,,Photo via Unsplash,(needs description) (Photo via Unsplash),N
https://upload.wikimedia.org/wikipedia/commons/c/c0/Examination_at_the_Faculty_of_Mathematics_and_Information_Technologies.jpg,wikimedia,CC BY-SA 3.0,SHARE-ALIKE,Vladimir Grigoryev,photo,1,english-literature-edexcel,Exam Technique & Key Quotations,,Photo by Vladimir Grigoryev · CC BY-SA 3.0 · Wikimedia Commons,(needs description) (Photo by Vladimir Grigoryev · CC BY-SA 3.0 · Wikimedia Commons),N
https://images.unsplash.com/photo-1543165796-5426273eaab3,unsplash,,,,photo,1,english-literature-edexcel,Exam Technique & Key Quotations,,Photo via Unsplash,(needs description) (Photo via Unsplash),N
https://upload.wikimedia.org/wikipedia/commons/e/eb/2024-02-10_Wenn_der_Papa_mit_der_Tochter_im_Aufhof_von_Hannover.jpg,wikimedia,CC BY-SA 4.0,SHARE-ALIKE,Bernd Schwabe in Hannover,photo,1,english-literature-edexcel,Fatherhood & Sacrifice,,Photo by Bernd Schwabe in Hannover · CC BY-SA 4.0 · Wikimedia Commons,(needs description) (Photo by Bernd Schwabe in Hannover · CC BY-SA 4.0 · Wikimedia Commons),N
https://images.unsplash.com/photo-1773064525085-304ec4787e5a,unsplash,,,,photo,14,english-literature-edexcel,"Form, Structure & Language",,Photo via Unsplash,(needs description) (Photo via Unsplash),N
https://images.unsplash.com/photo-1571414128443-95139a7921a6,unsplash,,,,photo,1,english-literature-edexcel,Home & Place,,Photo via Unsplash,(needs description) (Photo via Unsplash),N
https://images.unsplash.com/photo-1471107340929-a87cd0f5b5f3,unsplash,,,,photo,3,english-literature-edexcel,"Irony, Satire & Narrative Voice",,Photo via Unsplash,(needs description) (Photo via Unsplash),N
https://pub-aeb94e100e5a48f4a133be5bf206aecb.r2.dev/english-literature-edexcel/the-empress/lesson-07-hero.jpg,r2,,,,photo,1,english-literature-edexcel,Key Themes & Exam Technique,,Photo via Unsplash,(needs description) (Photo via Unsplash),N
https://images.unsplash.com/photo-1762007779935-22746244aa49,unsplash,,,,photo,3,english-literature-edexcel,Key Themes & Exam Technique,,Photo via Unsplash,(needs description) (Photo via Unsplash),N
https://images.unsplash.com/photo-1630671439648-ff02ac71c252,unsplash,,,,photo,1,english-literature-edexcel,Key Themes & Exam Technique,,Photo via Unsplash,(needs description) (Photo via Unsplash),N
https://upload.wikimedia.org/wikipedia/commons/3/30/Proposal_in_the_rain_%28Unsplash%29.jpg,wikimedia,CC0,FREE,Aileni Tee _aisntee,photo,1,english-literature-edexcel,Key Themes & Exam Technique,,Photo by Aileni Tee _aisntee · public domain · Wikimedia Commons,(needs description) (Photo by Aileni Tee _aisntee · public domain · Wikimedia Commons),N
https://upload.wikimedia.org/wikipedia/commons/a/a4/Welcome_asylum_seekers_and_refugees_-_Refugee_Action_protest_27_July_2013_Melbourne_%289377515138%29.jpg,wikimedia,CC BY-SA 2.0,SHARE-ALIKE,Takver from Australia,photo,1,english-literature-edexcel,Key Themes & Exam Technique,,Photo by Takver from Australia · CC BY-SA 2.0 · Wikimedia Commons,(needs description) (Photo by Takver from Australia · CC BY-SA 2.0 · Wikimedia Commons),N
https://images.unsplash.com/photo-1602684555677-cfcdf0aa18b1,unsplash,,,,photo,1,english-literature-edexcel,Key Themes & Exam Technique,,Photo via Unsplash,(needs description) (Photo via Unsplash),N
https://images.unsplash.com/photo-1552396775-4cab4935eb06,unsplash,,,,photo,1,english-literature-edexcel,Key Themes & Exam Technique,,Photo via Unsplash,(needs description) (Photo via Unsplash),N
https://images.unsplash.com/photo-1559395269-80d6157f8d62,unsplash,,,,photo,1,english-literature-edexcel,"Love, Identity & the Triangle",,Photo via Unsplash,(needs description) (Photo via Unsplash),N
https://images.unsplash.com/photo-1634712795204-b807e699c824,unsplash,,,,photo,1,english-literature-edexcel,"Madness, Cruelty & the Dark Side",,Photo via Unsplash,(needs description) (Photo via Unsplash),N
https://images.unsplash.com/photo-1749913808368-dd8d0b378397,unsplash,,,,photo,1,english-literature-edexcel,Malvolio's Humiliation,,Photo via Unsplash,(needs description) (Photo via Unsplash),N
https://images.unsplash.com/photo-1578705139329-5fbfc10c9c36,unsplash,,,,photo,1,english-literature-edexcel,Modern Love & Humour,,Photo via Unsplash,(needs description) (Photo via Unsplash),N
https://images.unsplash.com/photo-1695119076715-71b08a27b726,unsplash,,,,photo,3,english-literature-edexcel,Mrs Johnstone & the Pact,,Photo via Unsplash,(needs description) (Photo via Unsplash),N
https://images.unsplash.com/photo-1727905845101-f134008afb5a,unsplash,,,,photo,1,english-literature-edexcel,Nature & Spiritual Belonging,,Photo via Unsplash,(needs description) (Photo via Unsplash),N
https://upload.wikimedia.org/wikipedia/commons/7/78/Imperial_Theatre_NYC_2007_%28cropped%29.jpg,wikimedia,CC BY 3.0,ATTRIB-REQUIRED,Photo: Andreas Praefcke,photo,1,english-literature-edexcel,"Part 1: Meshak, Otis & the Coram Men",,Photo by Photo: Andreas Praefcke · CC BY 3.0 · Wikimedia Commons,(needs description) (Photo by Photo: Andreas Praefcke · CC BY 3.0 · Wikimedia Commons),N
https://images.unsplash.com/photo-1571057605667-cf9bf7644e9f,unsplash,,,,photo,4,english-literature-edexcel,Pemberley & Changed Perceptions,,Photo via Unsplash,(needs description) (Photo via Unsplash),N
https://images.unsplash.com/photo-1531174941052-1233fe13cc0b,unsplash,,,,photo,1,english-literature-edexcel,Power & Control,,Photo via Unsplash,(needs description) (Photo via Unsplash),N
https://upload.wikimedia.org/wikipedia/commons/f/fa/Cheshire_Regiment_trench_Somme_1916.jpg,wikimedia,Public domain,FREE,John Warwick Brooke,photo,3,english-literature-edexcel,"Setting, Staging & Dramatic Techniques",,Photo by John Warwick Brooke · public domain · Wikimedia Commons,(needs description) (Photo by John Warwick Brooke · public domain · Wikimedia Commons),N
https://images.unsplash.com/photo-1678013614791-639029940cb0,unsplash,,,,photo,7,english-literature-edexcel,Settings & Symbolism,,Photo via Unsplash,(needs description) (Photo via Unsplash),N
https://images.unsplash.com/photo-1487691361390-2e6201f5e38b,unsplash,,,,photo,1,english-literature-edexcel,"Shipwreck, Disguise & Deception",,Photo via Unsplash,(needs description) (Photo via Unsplash),N
https://upload.wikimedia.org/wikipedia/commons/2/2d/Warwick_Old_Court_Room_1.jpg,wikimedia,CC BY-SA 4.0,SHARE-ALIKE,John D. Evans,photo,1,english-literature-edexcel,Staging & Dramatic Techniques,,Photo by John D. Evans · CC BY-SA 4.0 · Wikimedia Commons,(needs description) (Photo by John D. Evans · CC BY-SA 4.0 · Wikimedia Commons),N
https://upload.wikimedia.org/wikipedia/commons/e/e5/Queen_Victoria_and_an_Indian_servant.jpg,wikimedia,Public domain,FREE,Hills &amp; Saunders,photo,1,english-literature-edexcel,"Staging, Structure & Historical Drama",,Photo by Hills &amp; Saunders · public domain · Wikimedia Commons,(needs description) (Photo by Hills &amp; Saunders · public domain · Wikimedia Commons),N
https://upload.wikimedia.org/wikipedia/commons/9/99/Charles_Dickens-A_Christmas_Carol-Title_page-First_edition_1843.jpg,wikimedia,Public domain,FREE,John Leech,photo,5,english-literature-edexcel,Stave 2: The Ghost of Christmas Past,,Photo by John Leech · public domain · Wikimedia Commons,(needs description) (Photo by John Leech · public domain · Wikimedia Commons),N
https://upload.wikimedia.org/wikipedia/commons/6/61/Winson_Manor%2C_Winson_-_geograph.org.uk_-_3377939.jpg,wikimedia,CC BY-SA 2.0,SHARE-ALIKE,Stephen Richards,photo,1,english-literature-edexcel,"Structure, Setting & Narrative Technique",,Photo by Stephen Richards · CC BY-SA 2.0 · Wikimedia Commons,(needs description) (Photo by Stephen Richards · CC BY-SA 2.0 · Wikimedia Commons),N
https://images.unsplash.com/photo-1555237746-671626e6c2bb,unsplash,,,,photo,1,english-literature-edexcel,The Climax & Resolution,,Photo via Unsplash,(needs description) (Photo via Unsplash),N
https://upload.wikimedia.org/wikipedia/commons/2/28/Jane-Eyre-1943-1.jpg,wikimedia,Public domain,FREE,20th Century Fox,photo,4,english-literature-edexcel,The Proposal & the Secret,,Photo by 20th Century Fox · public domain · Wikimedia Commons,(needs description) (Photo by 20th Century Fox · public domain · Wikimedia Commons),N
https://images.unsplash.com/photo-1771149076648-d0fdcd270f86,unsplash,,,,photo,2,english-literature-edexcel,The Pursuit & the Ending,,Photo via Unsplash,(needs description) (Photo via Unsplash),N
https://upload.wikimedia.org/wikipedia/commons/3/35/Rex_Whistler_-_Trial_Scene_from_%27The_Merchant_of_Venice%27_1925.jpg,wikimedia,Public domain,FREE,Rex Whistler,photo,4,english-literature-edexcel,The Trial Scene,,Photo by Rex Whistler · public domain · Wikimedia Commons,(needs description) (Photo by Rex Whistler · public domain · Wikimedia Commons),N
https://images.unsplash.com/photo-1648763982890-c67256ff81f9,unsplash,,,,photo,2,english-literature-eduqas,Act 1 Scene 2: Jo & the Boy,,Photo via Unsplash,(needs description) (Photo via Unsplash),N
https://images.unsplash.com/photo-1564144006388-615f4f4abb6e,unsplash,,,,photo,1,english-literature-eduqas,Act 1: Two Teachers,,Photo via Unsplash,(needs description) (Photo via Unsplash),N
https://images.unsplash.com/photo-1726508271760-52f1744f2233,unsplash,,,,photo,1,english-literature-eduqas,"Act 1: Venice, Elopement & Iago's Plot",,Photo via Unsplash,(needs description) (Photo via Unsplash),N
https://images.unsplash.com/photo-1670888664952-efff442ec0d2,unsplash,,,,photo,2,english-literature-eduqas,"Act 2: Geof, Helen's Return & the Ending",,Photo via Unsplash,(needs description) (Photo via Unsplash),N
https://images.unsplash.com/photo-1766946127643-3bc297210cb7,unsplash,,,,photo,1,english-literature-eduqas,"Act 2: Truth, Performance & the Ending",,Photo via Unsplash,(needs description) (Photo via Unsplash),N
https://images.unsplash.com/photo-1764011643109-87e696b19b7b,unsplash,,,,photo,1,english-literature-eduqas,Act 3: Harfleur & the Common Soldiers,,Photo via Unsplash,(needs description) (Photo via Unsplash),N
https://upload.wikimedia.org/wikipedia/commons/0/01/Shylock%26Jessica.JPG,wikimedia,Public domain,FREE,"Thomas Gray, 1868",photo,4,english-literature-eduqas,Act 3: Hath Not a Jew Eyes?,,"Photo by Thomas Gray, 1868 · public domain · Wikimedia Commons","(needs description) (Photo by Thomas Gray, 1868 · public domain · Wikimedia Commons)",N
https://pub-aeb94e100e5a48f4a133be5bf206aecb.r2.dev/english-literature-eduqas/henry-v/lesson-04-hero.jpg,r2,,,,photo,1,english-literature-eduqas,Act 4: St Crispin's Day & Agincourt,,Photo via Unsplash,(needs description) (Photo via Unsplash),N
https://images.unsplash.com/photo-1699388411837-a90df15740d5,unsplash,,,,photo,4,english-literature-eduqas,Act 5 & Resolution,,Photo via Unsplash,(needs description) (Photo via Unsplash),N
https://images.unsplash.com/photo-1770493707137-7032de99db04,unsplash,,,,photo,3,english-literature-eduqas,"Act 5: Murder, Truth & the Ending",,Photo via Unsplash,(needs description) (Photo via Unsplash),N
https://images.unsplash.com/photo-1553915632-175f60dd8e36,unsplash,,,,photo,1,english-literature-eduqas,Act 5: Peace & Marriage,,Photo via Unsplash,(needs description) (Photo via Unsplash),N
https://images.unsplash.com/photo-1520854221256-17451cc331bf,unsplash,,,,photo,4,english-literature-eduqas,Act 5: Truth & Resolution,,Photo via Unsplash,(needs description) (Photo via Unsplash),N
https://images.unsplash.com/photo-1575550596392-20d184e3d9fe,unsplash,,,,photo,2,english-literature-eduqas,Acts 1-2: The Decision for War,,Photo via Unsplash,(needs description) (Photo via Unsplash),N
https://upload.wikimedia.org/wikipedia/commons/8/83/Ponte_dei_Dai_%28Venice%29.jpg,wikimedia,CC BY-SA 4.0,SHARE-ALIKE,Didier Descouens,photo,1,english-literature-eduqas,"Acts 2-3: Cyprus, the Handkerchief & Manipulation",,Photo by Didier Descouens · CC BY-SA 4.0 · Wikimedia Commons,(needs description) (Photo by Didier Descouens · CC BY-SA 4.0 · Wikimedia Commons),N
https://images.unsplash.com/photo-1627156863760-f49b81d8ab77,unsplash,,,,photo,1,english-literature-eduqas,Acts 3-4: Othello's Transformation,,Photo via Unsplash,(needs description) (Photo via Unsplash),N
https://images.unsplash.com/photo-1656942320074-354fcb6c5876,unsplash,,,,photo,8,english-literature-eduqas,"Acts 4-5: The Potion, Tomb & Ending",,Photo via Unsplash,(needs description) (Photo via Unsplash),N
https://images.unsplash.com/photo-1656608138197-2aea23cc3564,unsplash,,,,photo,2,english-literature-eduqas,Book 1 Opening: The Arrival,,Photo via Unsplash,(needs description) (Photo via Unsplash),N
https://images.unsplash.com/photo-1696580436068-f19c26850e8b,unsplash,,,,photo,5,english-literature-eduqas,Chapters 1-3: Arrival & Order,,Photo via Unsplash,(needs description) (Photo via Unsplash),N
https://images.unsplash.com/photo-1626148749358-5b3b3f45b41a,unsplash,,,,photo,1,english-literature-eduqas,Chapters 163-233: Truth & Resolution,,Photo via Unsplash,(needs description) (Photo via Unsplash),N
https://images.unsplash.com/photo-1533930602315-a783e6a5447c,unsplash,,,,photo,1,english-literature-eduqas,Chapters 2-89: Wellington's Murder,,Photo via Unsplash,(needs description) (Photo via Unsplash),N
https://images.unsplash.com/photo-1699575947488-30f08e71896b,unsplash,,,,photo,6,english-literature-eduqas,Chapters 4-6: The Beast & the Breakdown,,Photo via Unsplash,(needs description) (Photo via Unsplash),N
https://images.unsplash.com/photo-1505826673224-619d1494b8df,unsplash,,,,photo,3,english-literature-eduqas,Chapters 7-9: Savagery & Simon's Death,,Photo via Unsplash,(needs description) (Photo via Unsplash),N
https://images.unsplash.com/photo-1597085144747-d4185f48eaad,unsplash,,,,photo,4,english-literature-eduqas,Chapters 9-10: The Revelations,,Photo via Unsplash,(needs description) (Photo via Unsplash),N
https://upload.wikimedia.org/wikipedia/commons/4/48/London_Blackfriars_sunny_start_to_our_journey_to_Tokyo.jpg,wikimedia,CC BY 2.0,ATTRIB-REQUIRED,sergejf,photo,1,english-literature-eduqas,Chapters 97-157: The Journey to London,,Photo by sergejf · CC BY 2.0 · Wikimedia Commons,(needs description) (Photo by sergejf · CC BY 2.0 · Wikimedia Commons),N
https://upload.wikimedia.org/wikipedia/commons/6/6b/An_Inspector_Calls%2C_OVO%2C_St_Albans%2C_Sept_2012.jpg,wikimedia,CC BY-SA 3.0,SHARE-ALIKE,MichaelMaggs,photo,4,english-literature-eduqas,Character Analysis,,Photo by MichaelMaggs · CC BY-SA 3.0 · Wikimedia Commons,(needs description) (Photo by MichaelMaggs · CC BY-SA 3.0 · Wikimedia Commons),N
https://upload.wikimedia.org/wikipedia/commons/d/d5/King_Henry_V_of_England_at_the_Battle_of_Agincourt%2C_1415.jpg,wikimedia,Public domain,FREE,Unknown author,photo,1,english-literature-eduqas,Character Analysis,,Photo by Unknown author · public domain · Wikimedia Commons,(needs description) (Photo by Unknown author · public domain · Wikimedia Commons),N
https://images.unsplash.com/photo-1771622218494-739a8b3dc0b6,unsplash,,,,photo,3,english-literature-eduqas,Character Analysis,,Photo via Unsplash,(needs description) (Photo via Unsplash),N
https://images.unsplash.com/photo-1746557416629-3a5165ba8e63,unsplash,,,,photo,4,english-literature-eduqas,Character Analysis,,Photo via Unsplash,(needs description) (Photo via Unsplash),N
https://images.unsplash.com/photo-1687360441027-27e70655b27e,unsplash,,,,photo,1,english-literature-eduqas,Character Analysis,,Photo via Unsplash,(needs description) (Photo via Unsplash),N
https://images.unsplash.com/photo-1698282933569-71a2e51844be,unsplash,,,,photo,1,english-literature-eduqas,Character Analysis,,Photo via Unsplash,(needs description) (Photo via Unsplash),N
https://images.unsplash.com/photo-1560632835-73eac2c81f6c,unsplash,,,,photo,3,english-literature-eduqas,Childhood: Mickey & Eddie Meet,,Photo via Unsplash,(needs description) (Photo via Unsplash),N
https://upload.wikimedia.org/wikipedia/commons/a/a8/Apple_and_Orange_-_they_do_not_compare.jpg,wikimedia,CC BY 2.0,ATTRIB-REQUIRED,Michael Johnson,photo,1,english-literature-eduqas,Comparison Skills,,Photo by Michael Johnson · CC BY 2.0 · Wikimedia Commons,(needs description) (Photo by Michael Johnson · CC BY 2.0 · Wikimedia Commons),N
https://images.unsplash.com/photo-1681992161733-1b0f092711b2,unsplash,,,,photo,1,english-literature-eduqas,"Context: 1980s Britain, Religion & Sexuality",,Photo via Unsplash,(needs description) (Photo via Unsplash),N
https://images.unsplash.com/photo-1519112232436-9923c6ba3d26,unsplash,,,,photo,5,english-literature-eduqas,Context: Anti-Semitism & Elizabethan Venice,,Photo via Unsplash,(needs description) (Photo via Unsplash),N
https://pub-aeb94e100e5a48f4a133be5bf206aecb.r2.dev/english-literature-eduqas/the-history-boys/lesson-01-hero.jpg,r2,,,,photo,1,english-literature-eduqas,Context: Education & 1980s Britain,,Photo via Unsplash,(needs description) (Photo via Unsplash),N
https://images.unsplash.com/photo-1672952419591-3c0bc803175d,unsplash,,,,photo,1,english-literature-eduqas,Context: Neurodiversity & Narration,,Photo via Unsplash,(needs description) (Photo via Unsplash),N
https://images.unsplash.com/photo-1597512388472-0709f8e74cf7,unsplash,,,,photo,3,english-literature-eduqas,Context: Post-War Anxieties,,Photo via Unsplash,(needs description) (Photo via Unsplash),N
https://images.unsplash.com/photo-1703079554880-1c7780f20c18,unsplash,,,,photo,1,english-literature-eduqas,"Context: Race, Jealousy & Jacobean England",,Photo via Unsplash,(needs description) (Photo via Unsplash),N
https://images.unsplash.com/photo-1659559108995-a41c413392d6,unsplash,,,,photo,2,english-literature-eduqas,Context: Rural England & Community,,Photo via Unsplash,(needs description) (Photo via Unsplash),N
https://upload.wikimedia.org/wikipedia/commons/4/48/%C3%89douard_Zier_-_Cardinal_Orsini%27s_visit_to_Henry_V%2C_1418.jpg,wikimedia,Public domain,FREE,Edouard Zier,photo,1,english-literature-eduqas,Context: Tudor Propaganda & the History Play,,Photo by Edouard Zier · public domain · Wikimedia Commons,(needs description) (Photo by Edouard Zier · public domain · Wikimedia Commons),N
https://images.unsplash.com/photo-1564819569854-32bf1d83f71a,unsplash,,,,photo,4,english-literature-eduqas,Context: Victorian Duality,,Photo via Unsplash,(needs description) (Photo via Unsplash),N
https://upload.wikimedia.org/wikipedia/commons/4/44/Victorian_Women%27s_Parliament%2C_1904.jpg,wikimedia,Public domain,FREE,Unknown author,photo,4,english-literature-eduqas,Context: Victorian Women & the Gothic,,Photo by Unknown author · public domain · Wikimedia Commons,(needs description) (Photo by Unknown author · public domain · Wikimedia Commons),N
https://upload.wikimedia.org/wikipedia/commons/7/7d/United_Reformed_Church%2C_Accrington_-_geograph.org.uk_-_2942008.jpg,wikimedia,CC BY-SA 2.0,SHARE-ALIKE,David Dixon,photo,1,english-literature-eduqas,Early Chapters: Jeanette's Childhood,,Photo by David Dixon · CC BY-SA 2.0 · Wikimedia Commons,(needs description) (Photo by David Dixon · CC BY-SA 2.0 · Wikimedia Commons),N
https://images.unsplash.com/photo-1761751087636-c12e5c6b05fb,unsplash,,,,photo,2,english-literature-eduqas,Exam Technique & Key Quotations,,Photo via Unsplash,(needs description) (Photo via Unsplash),N
https://upload.wikimedia.org/wikipedia/commons/8/82/Ancien_H%C3%B4tel_Ville_Gateshead_1.jpg,wikimedia,CC BY-SA 4.0,SHARE-ALIKE,Chabe01,photo,4,english-literature-eduqas,Gateshead & Lowood,,Photo by Chabe01 · CC BY-SA 4.0 · Wikimedia Commons,(needs description) (Photo by Chabe01 · CC BY-SA 4.0 · Wikimedia Commons),N
https://images.unsplash.com/photo-1434030216411-0b793f4b4173,unsplash,,,,photo,4,english-literature-eduqas,Key Themes & Exam Technique,,Photo via Unsplash,(needs description) (Photo via Unsplash),N
https://images.unsplash.com/photo-1692829379670-e5838702f336,unsplash,,,,photo,3,english-literature-eduqas,Key Themes & Exam Technique,,Photo via Unsplash,(needs description) (Photo via Unsplash),N
https://images.unsplash.com/photo-1579752284549-71eb9dd09f4b,unsplash,,,,photo,1,english-literature-eduqas,Key Themes & Exam Technique,,Photo via Unsplash,(needs description) (Photo via Unsplash),N
https://images.unsplash.com/photo-1646956318378-f0ef01b8f732,unsplash,,,,photo,1,english-literature-eduqas,Key Themes & Exam Technique,,Photo via Unsplash,(needs description) (Photo via Unsplash),N
https://images.unsplash.com/photo-1741699428519-d43b778f4d3c,unsplash,,,,photo,1,english-literature-eduqas,Key Themes & Exam Technique,,Photo via Unsplash,(needs description) (Photo via Unsplash),N
https://images.unsplash.com/photo-1475721027785-f74eccf877e2,unsplash,,,,photo,2,english-literature-eduqas,Language & Dialogue,,Photo via Unsplash,(needs description) (Photo via Unsplash),N
https://images.unsplash.com/photo-1772723246375-23561ec8e26a,unsplash,,,,photo,1,english-literature-eduqas,"Language, Wit & Dialogue",,Photo via Unsplash,(needs description) (Photo via Unsplash),N
https://images.unsplash.com/photo-1581119707061-1f8e73cd1978,unsplash,,,,photo,1,english-literature-eduqas,"Later: Katy, Leaving & Independence",,Photo via Unsplash,(needs description) (Photo via Unsplash),N
https://images.unsplash.com/photo-1622360963539-1c8621bea6a7,unsplash,,,,photo,1,english-literature-eduqas,Love & Relationships,,Photo via Unsplash,(needs description) (Photo via Unsplash),N
https://pub-aeb94e100e5a48f4a133be5bf206aecb.r2.dev/english-literature-eduqas/oranges-are-not-the-only-fruit/lesson-03-hero.jpg,r2,,,,photo,1,english-literature-eduqas,"Middle: Melanie, Discovery & Exorcism",,Photo via Unsplash,(needs description) (Photo via Unsplash),N
https://upload.wikimedia.org/wikipedia/commons/7/7a/Gutenberg_Bible%2C_New_York_Public_Library%2C_USA._Pic_01.jpg,wikimedia,CC BY 2.0,ATTRIB-REQUIRED,Joshua Keller,photo,1,english-literature-eduqas,Narrative Structure & Biblical Parallels,,Photo by Joshua Keller · CC BY 2.0 · Wikimedia Commons,(needs description) (Photo by Joshua Keller · CC BY 2.0 · Wikimedia Commons),N
https://images.unsplash.com/photo-1630239261165-677fb078407c,unsplash,,,,photo,3,english-literature-eduqas,Narrative Voice & Structure,,Photo via Unsplash,(needs description) (Photo via Unsplash),N
https://images.unsplash.com/photo-1732023995620-2583f434712d,unsplash,,,,photo,1,english-literature-eduqas,Nature & Place,,Photo via Unsplash,(needs description) (Photo via Unsplash),N
https://images.unsplash.com/photo-1766065447157-6e7c6dd83e52,unsplash,,,,photo,2,english-literature-eduqas,Part 1: Silas's Exile & the Gold,,Photo via Unsplash,(needs description) (Photo via Unsplash),N
https://images.unsplash.com/photo-1767710924314-def0e691dbba,unsplash,,,,photo,2,english-literature-eduqas,Part 2: The Revelation & Resolution,,Photo via Unsplash,(needs description) (Photo via Unsplash),N
https://images.unsplash.com/photo-1604263368964-458cd7644b37,unsplash,,,,photo,1,english-literature-eduqas,Power & Identity,,Photo via Unsplash,(needs description) (Photo via Unsplash),N
https://images.unsplash.com/photo-1685704845049-a7b0d53a924e,unsplash,,,,photo,4,english-literature-eduqas,Resolution & Marriage,,Photo via Unsplash,(needs description) (Photo via Unsplash),N
https://images.unsplash.com/photo-1738358191004-b30e3fd5cb88,unsplash,,,,photo,5,english-literature-eduqas,Stave 1: Scrooge & Marley's Ghost,,Photo via Unsplash,(needs description) (Photo via Unsplash),N
https://baipckgywpnwapobwtsy.supabase.co/storage/v1/object/public/pipeline-uploads/hero-uploads/11b63ddc-9e9d-4c50-a362-3d23f04e3b06/scrooge%20redemption.jpg,other,,,,photo,5,english-literature-eduqas,Staves 4-5: Redemption,,Photo via Unsplash,(needs description) (Photo via Unsplash),N
https://images.unsplash.com/photo-1555670120-8189b33022e4,unsplash,,,,photo,1,english-literature-eduqas,Structure & Intertextuality,,Photo via Unsplash,(needs description) (Photo via Unsplash),N
https://images.unsplash.com/photo-1638528782250-df424daad521,unsplash,,,,photo,1,english-literature-eduqas,"Structure, Language & Symbolism",,Photo via Unsplash,(needs description) (Photo via Unsplash),N
https://images.unsplash.com/photo-1611597585711-62f80429a8fb,unsplash,,,,photo,1,english-literature-eduqas,"Structure, Music & the Narrator",,Photo via Unsplash,(needs description) (Photo via Unsplash),N
https://images.unsplash.com/photo-1765410850935-d875a630d3e4,unsplash,,,,photo,1,english-literature-eduqas,"Structure, Voice & Mathematical Form",,Photo via Unsplash,(needs description) (Photo via Unsplash),N
https://images.unsplash.com/photo-1733394540551-b12132172753,unsplash,,,,photo,5,english-literature-eduqas,Symbolism & Setting,,Photo via Unsplash,(needs description) (Photo via Unsplash),N
https://images.unsplash.com/photo-1773770468040-5a6e859b5261,unsplash,,,,photo,2,english-literature-eduqas,Symbolism & Setting,,Photo via Unsplash,(needs description) (Photo via Unsplash),N
https://upload.wikimedia.org/wikipedia/commons/7/75/Foggy_Morning_Grave_Yard.jpg,wikimedia,CC BY-SA 4.0,SHARE-ALIKE,Kirk Pomerleau,photo,2,english-literature-eduqas,Symbolism & Setting,,Photo by Kirk Pomerleau · CC BY-SA 4.0 · Wikimedia Commons,(needs description) (Photo by Kirk Pomerleau · CC BY-SA 4.0 · Wikimedia Commons),N
https://upload.wikimedia.org/wikipedia/commons/7/73/Earl%27s_Court_tube_station_MMB_06_D-Stock.jpg,wikimedia,CC BY-SA 3.0,SHARE-ALIKE,mattbuck (category),photo,1,english-literature-eduqas,Symbolism & Setting,,Photo by mattbuck (category) · CC BY-SA 3.0 · Wikimedia Commons,(needs description) (Photo by mattbuck (category) · CC BY-SA 3.0 · Wikimedia Commons),N
https://images.unsplash.com/photo-1714643153035-697a93b996cf,unsplash,,,,photo,1,english-literature-eduqas,The Chorus & Epic Structure,,Photo via Unsplash,(needs description) (Photo via Unsplash),N
https://pub-aeb94e100e5a48f4a133be5bf206aecb.r2.dev/english-literature-eduqas/the-history-boys/lesson-04-hero.jpg,r2,,,,photo,1,english-literature-eduqas,The Holocaust Scene & Historical Truth,,Photo via Unsplash,(needs description) (Photo via Unsplash),N
https://images.unsplash.com/photo-1516567832553-66232148f74c,unsplash,,,,photo,7,english-literature-eduqas,The Reunion & Resolution,,Photo via Unsplash,(needs description) (Photo via Unsplash),N
https://images.unsplash.com/photo-1646248654026-a87a59f86530,unsplash,,,,photo,4,english-literature-eduqas,Thornfield & Rochester,,Photo via Unsplash,(needs description) (Photo via Unsplash),N
https://images.unsplash.com/photo-1772299399188-0139d5740004,unsplash,,,,photo,1,english-literature-eduqas,War & Conflict,,Photo via Unsplash,(needs description) (Photo via Unsplash),N
https://images.unsplash.com/photo-1727462759754-1dfed461c348,unsplash,,,,photo,5,english-literature-ocr,Acts 1-2: The Crime & the Cover-Up,,Photo via Unsplash,(needs description) (Photo via Unsplash),N
https://images.unsplash.com/photo-1523365154888-8a758819b722,unsplash,,,,photo,4,english-literature-ocr,Acts 1-2: The Merry War & Deceptions,,Photo via Unsplash,(needs description) (Photo via Unsplash),N
https://upload.wikimedia.org/wikipedia/commons/e/e5/Death_of_Mercutio%2C_Frank_Bernard_Dicksee.jpg,wikimedia,Public domain,FREE,Frank Bernard Dicksee,photo,4,english-literature-ocr,Acts 2-3: Mercutio's Death & Banishment,,Photo by Frank Bernard Dicksee · public domain · Wikimedia Commons,(needs description) (Photo by Frank Bernard Dicksee · public domain · Wikimedia Commons),N
https://upload.wikimedia.org/wikipedia/commons/6/64/Romeo_en_Julia_worden_dood_gevonden%2C_RP-P-1904-2420.jpg,wikimedia,CC0,FREE,Rijksmuseum,photo,2,english-literature-ocr,Acts 3-4: Isolation & the Potion,,Photo by Rijksmuseum · public domain · Wikimedia Commons,(needs description) (Photo by Rijksmuseum · public domain · Wikimedia Commons),N
https://images.unsplash.com/photo-1580937291817-4b27351430dc,unsplash,,,,photo,2,english-literature-ocr,Book 1: The Fall of Civilisation,,Photo via Unsplash,(needs description) (Photo via Unsplash),N
https://pub-aeb94e100e5a48f4a133be5bf206aecb.r2.dev/english-literature-ocr/war-of-the-worlds/lesson-04-hero.jpg,r2,,,,photo,2,english-literature-ocr,Book 2: Survival & Resolution,,Photo via Unsplash,(needs description) (Photo via Unsplash),N
https://pub-aeb94e100e5a48f4a133be5bf206aecb.r2.dev/english-literature-ocr/war-of-the-worlds/lesson-05-hero.jpg,r2,,,,photo,2,english-literature-ocr,Character & Narration,,Photo via Unsplash,(needs description) (Photo via Unsplash),N
https://images.unsplash.com/photo-1567122087721-47b09b61e1d1,unsplash,,,,photo,4,english-literature-ocr,Character Analysis,,Photo via Unsplash,(needs description) (Photo via Unsplash),N
https://images.unsplash.com/photo-1637139881145-8888ec8a2ea0,unsplash,,,,photo,2,english-literature-ocr,Character Analysis,,Photo via Unsplash,(needs description) (Photo via Unsplash),N
https://images.unsplash.com/photo-1581271447626-81193ec403a0,unsplash,,,,photo,4,english-literature-ocr,Character Analysis,,Photo via Unsplash,(needs description) (Photo via Unsplash),N
https://images.unsplash.com/photo-1759416782439-38871fb1083b,unsplash,,,,photo,1,english-literature-ocr,Childhood & Innocence,,Photo via Unsplash,(needs description) (Photo via Unsplash),N
https://images.unsplash.com/photo-1524678714210-9917a6c619c2,unsplash,,,,photo,1,english-literature-ocr,Comparing Across Time,,Photo via Unsplash,(needs description) (Photo via Unsplash),N
https://pub-aeb94e100e5a48f4a133be5bf206aecb.r2.dev/english-literature/power-and-conflict/lesson-10-hero.jpg,r2,,,,photo,3,english-literature-ocr,Comparing Across Time,,Photo via Unsplash,(needs description) (Photo via Unsplash),N
https://upload.wikimedia.org/wikipedia/commons/3/30/Stack_of_oranges_and_apples.jpg,wikimedia,CC BY-SA 4.0,SHARE-ALIKE,R vasudevan,photo,1,english-literature-ocr,Comparison Skills,,Photo by R vasudevan · CC BY-SA 4.0 · Wikimedia Commons,(needs description) (Photo by R vasudevan · CC BY-SA 4.0 · Wikimedia Commons),N
https://images.unsplash.com/photo-1664124332524-04d8ee0abf8b,unsplash,,,,photo,1,english-literature-ocr,Complicated Love,,Photo via Unsplash,(needs description) (Photo via Unsplash),N
https://images.unsplash.com/photo-1635151925170-de5e89c3f03f,unsplash,,,,photo,4,english-literature-ocr,"Context: Science, Ethics & Dystopia",,Photo via Unsplash,(needs description) (Photo via Unsplash),N
https://images.unsplash.com/photo-1709384374241-a8cd8e4d27c2,unsplash,,,,photo,3,english-literature-ocr,Context: Victorian Class & Social Mobility,,Photo via Unsplash,(needs description) (Photo via Unsplash),N
https://images.unsplash.com/photo-1765124121647-1b4cdd5424d3,unsplash,,,,photo,3,english-literature-ocr,Context: Youth Violence & Group Psychology,,Photo via Unsplash,(needs description) (Photo via Unsplash),N
https://images.unsplash.com/photo-1764345676856-eaf84d541dc9,unsplash,,,,photo,2,english-literature-ocr,Donations & the Ending,,Photo via Unsplash,(needs description) (Photo via Unsplash),N
https://upload.wikimedia.org/wikipedia/commons/8/81/Quote_from_Belinda_Harding.jpg,wikimedia,CC BY 4.0,ATTRIB-REQUIRED,JRennocks,photo,1,english-literature-ocr,Exam Technique & Quotation Bank,,Photo by JRennocks · CC BY 4.0 · Wikimedia Commons,(needs description) (Photo by JRennocks · CC BY 4.0 · Wikimedia Commons),N
https://upload.wikimedia.org/wikipedia/commons/f/f6/End_Poem_tattoo_%28cropped%29.jpg,wikimedia,CC BY-SA 4.0,SHARE-ALIKE,syceried,photo,1,english-literature-ocr,Exam Technique & Quotation Bank,,Photo by syceried · CC BY-SA 4.0 · Wikimedia Commons,(needs description) (Photo by syceried · CC BY-SA 4.0 · Wikimedia Commons),N
https://images.unsplash.com/photo-1761233976686-f43410a4f5d8,unsplash,,,,photo,3,english-literature-ocr,Family & Loss,,Photo via Unsplash,(needs description) (Photo via Unsplash),N
https://images.unsplash.com/photo-1768603939900-9a8d727d706e,unsplash,,,,photo,1,english-literature-ocr,Growing Up & Change,,Photo via Unsplash,(needs description) (Photo via Unsplash),N
https://images.unsplash.com/photo-1770888844713-e3941cdb18c2,unsplash,,,,photo,3,english-literature-ocr,Hailsham: Childhood & Clues,,Photo via Unsplash,(needs description) (Photo via Unsplash),N
https://images.unsplash.com/photo-1585432959449-b1c9c8cc49ac,unsplash,,,,photo,4,english-literature-ocr,Key Themes & Exam Technique,,Photo via Unsplash,(needs description) (Photo via Unsplash),N
https://images.unsplash.com/photo-1534644107580-3a4dbd494a95,unsplash,,,,photo,4,english-literature-ocr,Key Themes & Exam Technique,,Photo via Unsplash,(needs description) (Photo via Unsplash),N
https://images.unsplash.com/photo-1671851347620-3169d18ad683,unsplash,,,,photo,2,english-literature-ocr,Key Themes & Exam Technique,,Photo via Unsplash,(needs description) (Photo via Unsplash),N
https://pub-aeb94e100e5a48f4a133be5bf206aecb.r2.dev/english-literature-ocr/war-of-the-worlds/lesson-08-hero.jpg,r2,,,,photo,2,english-literature-ocr,Key Themes & Exam Technique,,Photo via Unsplash,(needs description) (Photo via Unsplash),N
https://images.unsplash.com/photo-1627353802047-02c3f5b5fc3e,unsplash,,,,photo,1,english-literature-ocr,Memory & Nostalgia,,Photo via Unsplash,(needs description) (Photo via Unsplash),N
https://images.unsplash.com/photo-1675060174840-9fe33eedd721,unsplash,,,,photo,1,english-literature-ocr,Modern & Unconventional Love,,Photo via Unsplash,(needs description) (Photo via Unsplash),N
https://images.unsplash.com/photo-1767386074572-0d753f15be69,unsplash,,,,photo,5,english-literature-ocr,Pip's Childhood: Magwitch & Miss Havisham,,Photo via Unsplash,(needs description) (Photo via Unsplash),N
https://images.unsplash.com/photo-1557226217-ae63e5a13568,unsplash,,,,photo,4,english-literature-ocr,Pip's Great Expectations,,Photo via Unsplash,(needs description) (Photo via Unsplash),N
https://images.unsplash.com/photo-1650658765299-c1470b7d9945,unsplash,,,,photo,3,english-literature-ocr,Romantic Love Poems,,Photo via Unsplash,(needs description) (Photo via Unsplash),N
https://pub-aeb94e100e5a48f4a133be5bf206aecb.r2.dev/english-literature-ocr/war-of-the-worlds/lesson-06-hero.jpg,r2,,,,photo,2,english-literature-ocr,Science Fiction Genre & Structure,,Photo via Unsplash,(needs description) (Photo via Unsplash),N
https://images.unsplash.com/photo-1560763419-4ed11ac0910b,unsplash,,,,photo,4,english-literature-ocr,Symbolism & Setting,,Photo via Unsplash,(needs description) (Photo via Unsplash),N
https://images.unsplash.com/photo-1573125716783-d05b57a86488,unsplash,,,,photo,4,english-literature-ocr,The Assembly & First Impressions,,Photo via Unsplash,(needs description) (Photo via Unsplash),N
https://images.unsplash.com/photo-1575626547710-398c21c81d85,unsplash,,,,photo,2,english-literature-ocr,The Cottages & the Outside World,,Photo via Unsplash,(needs description) (Photo via Unsplash),N
https://images.unsplash.com/photo-1745222110657-cdbd8acba27f,unsplash,,,,photo,4,english-literature-ocr,The Ending & Growing Up,,Photo via Unsplash,(needs description) (Photo via Unsplash),N
https://images.unsplash.com/photo-1618910747947-cf43450eed64,unsplash,,,,photo,2,english-literature-ocr,War & the Soldier's Experience,,Photo via Unsplash,(needs description) (Photo via Unsplash),N
https://upload.wikimedia.org/wikipedia/commons/e/e5/Cast_%22Slumdog_Millionaire%22.JPG,wikimedia,CC BY-SA 2.0,SHARE-ALIKE,Greg in Hollywood (Greg Hernandez),photo,1,film-studies-eduqas,Analysing Narrative: Slumdog Millionaire and Frame Devices,,Photo by Greg in Hollywood (Greg Hernandez) · CC BY-SA 2.0 · Wikimedia Commons,(needs description) (Photo by Greg in Hollywood (Greg Hernandez) · CC BY-SA 2.0 · Wikimedia Commons),N
https://images.unsplash.com/photo-1764060826589-f89fac7acc81,unsplash,,,,photo,1,film-studies-eduqas,"Analysing Representation: Wadjda, Girlhood and Power",,Photo via Unsplash,(needs description) (Photo via Unsplash),N
https://images.unsplash.com/photo-1762792020168-ed7a3a42f38c,unsplash,,,,photo,1,film-studies-eduqas,Attack the Block: Aesthetic and Genre Mixing,,Photo via Unsplash,(needs description) (Photo via Unsplash),N
https://upload.wikimedia.org/wikipedia/commons/9/9f/Luton_Central_Library_-_geograph.org.uk_-_2705953.jpg,wikimedia,CC BY-SA 2.0,SHARE-ALIKE,Thomas Nugent,photo,1,film-studies-eduqas,Blinded by the Light: Aesthetic and Musical Realism,,Photo by Thomas Nugent · CC BY-SA 2.0 · Wikimedia Commons,(needs description) (Photo by Thomas Nugent · CC BY-SA 2.0 · Wikimedia Commons),N
https://images.unsplash.com/photo-1686061594212-8904e38bc1f2,unsplash,,,,photo,1,film-studies-eduqas,"Cinematography: Shot, Angle, Movement and Lighting",,Photo via Unsplash,(needs description) (Photo via Unsplash),N
https://images.unsplash.com/photo-1542204165-65bf26472b9b,unsplash,,,,photo,1,film-studies-eduqas,"Comparing Films: Genre, Narrative, Context Side by Side",,Photo via Unsplash,(needs description) (Photo via Unsplash),N
https://images.unsplash.com/photo-1536651716364-f9351220671b,unsplash,,,,photo,1,film-studies-eduqas,Contemporary UK Film: Aesthetic Style in Focus,,Photo via Unsplash,(needs description) (Photo via Unsplash),N
https://images.unsplash.com/photo-1760404700385-1158ca990f77,unsplash,,,,photo,1,film-studies-eduqas,"Digital, Streaming and Citizen Cinema: 1995-2018",,Photo via Unsplash,(needs description) (Photo via Unsplash),N
https://images.unsplash.com/photo-1654575998971-4f467c8a89c1,unsplash,,,,photo,1,film-studies-eduqas,District 9: Narrative and Segregation Allegory,,Photo via Unsplash,(needs description) (Photo via Unsplash),N
https://images.unsplash.com/photo-1680003935289-0c8d65e1ae30,unsplash,,,,photo,1,film-studies-eduqas,Dracula and The Lost Boys: Vampires Across Eras,,Photo via Unsplash,(needs description) (Photo via Unsplash),N
https://images.unsplash.com/photo-1607112812619-182cb1c7bb61,unsplash,,,,photo,1,film-studies-eduqas,"Editing: Cuts, Continuity, Pace and Visual Effects",,Photo via Unsplash,(needs description) (Photo via Unsplash),N
https://images.unsplash.com/photo-1773761541805-24e73c6a7bd4,unsplash,,,,photo,1,film-studies-eduqas,"Genre, Representation and Spectatorship",,Photo via Unsplash,(needs description) (Photo via Unsplash),N
https://images.unsplash.com/photo-1596960198491-fc2ed81c55ab,unsplash,,,,photo,1,film-studies-eduqas,Girlhood: Representation and the Paris Banlieue,,Photo via Unsplash,(needs description) (Photo via Unsplash),N
https://images.unsplash.com/photo-1497289672060-cc616871412d,unsplash,,,,photo,1,film-studies-eduqas,Global English-Language Film: Narrative in Focus,,Photo via Unsplash,(needs description) (Photo via Unsplash),N
https://images.unsplash.com/photo-1648538874920-5deefcb65673,unsplash,,,,photo,1,film-studies-eduqas,Global Non-English-Language Film: Representation in Focus,,Photo via Unsplash,(needs description) (Photo via Unsplash),N
https://images.unsplash.com/photo-1761509810408-f8a3994ca2f3,unsplash,,,,photo,1,film-studies-eduqas,Hollywood Then and Now: Studio System to Modern Blockbuster,,Photo via Unsplash,(needs description) (Photo via Unsplash),N
https://upload.wikimedia.org/wikipedia/commons/a/af/Invasion_of_the_Body_Snatchers_%281956%29_trailer_5.jpg,wikimedia,Public domain,FREE,film trailer screenshot (Allied Artists),photo,1,film-studies-eduqas,Invasion of the Body Snatchers and E.T.: Aliens and Anxiety,,Photo by film trailer screenshot (Allied Artists) · public domain · Wikimedia Commons,(needs description) (Photo by film trailer screenshot (Allied Artists) · public domain · Wikimedia Commons),N
https://upload.wikimedia.org/wikipedia/commons/5/5f/Jojo_Rabbit_01_%2848810532492%29.jpg,wikimedia,CC BY-SA 2.0,SHARE-ALIKE,GabboT,photo,1,film-studies-eduqas,Jojo Rabbit: Narrative and Comic Distance,,Photo by GabboT · CC BY-SA 2.0 · Wikimedia Commons,(needs description) (Photo by GabboT · CC BY-SA 2.0 · Wikimedia Commons),N
https://images.unsplash.com/photo-1541525104203-650998d309cb,unsplash,,,,photo,1,film-studies-eduqas,Juno: Tonal Comedy and the Indie Voice,,Photo via Unsplash,(needs description) (Photo via Unsplash),N
https://images.unsplash.com/photo-1606188337872-482601551adf,unsplash,,,,photo,1,film-studies-eduqas,Lady Bird: Coming-of-Age and Greta Gerwig's Direction,,Photo via Unsplash,(needs description) (Photo via Unsplash),N
https://images.unsplash.com/photo-1758613655581-0e3491b0f556,unsplash,,,,photo,1,film-studies-eduqas,"Mise-en-Scene: Setting, Costume, Props, Make-up",,Photo via Unsplash,(needs description) (Photo via Unsplash),N
https://images.unsplash.com/photo-1569766670290-f5581d3bb53f,unsplash,,,,photo,1,film-studies-eduqas,"Narrative Structure: Plot, Story and Three-Act Form",,Photo via Unsplash,(needs description) (Photo via Unsplash),N
https://upload.wikimedia.org/wikipedia/commons/5/55/DayHudson3PillowTalk.jpg,wikimedia,Public domain,FREE,Universal International,photo,1,film-studies-eduqas,Pillow Talk and When Harry Met Sally: The Romantic Comedy,,Photo by Universal International · public domain · Wikimedia Commons,(needs description) (Photo by Universal International · public domain · Wikimedia Commons),N
https://upload.wikimedia.org/wikipedia/commons/8/84/James_Dean_-_Rebel_Without_a_Cause_Monument.jpg,wikimedia,CC BY-SA 4.0,SHARE-ALIKE,Christian Düringer,photo,1,film-studies-eduqas,Rebel Without a Cause and Ferris Bueller's Day Off: Teen Rebellion,,Photo by Christian Düringer · CC BY-SA 4.0 · Wikimedia Commons,(needs description) (Photo by Christian Düringer · CC BY-SA 4.0 · Wikimedia Commons),N
https://images.unsplash.com/photo-1610201556123-6795896f6e83,unsplash,,,,photo,1,film-studies-eduqas,Rocks: Aesthetic and Multicultural London,,Photo via Unsplash,(needs description) (Photo via Unsplash),N
https://images.unsplash.com/photo-1627597986056-56a756829dbf,unsplash,,,,photo,1,film-studies-eduqas,Silent Cinema to Sound: 1895-1935,,Photo via Unsplash,(needs description) (Photo via Unsplash),N
https://upload.wikimedia.org/wikipedia/commons/3/3a/Singin%27_In_The_Rain_Lobby_Card_1.jpg,wikimedia,Public domain,FREE,Metro Goldwyn Mayer,photo,1,film-studies-eduqas,Singin' in the Rain and Grease: The Hollywood Musical,,Photo by Metro Goldwyn Mayer · public domain · Wikimedia Commons,(needs description) (Photo by Metro Goldwyn Mayer · public domain · Wikimedia Commons),N
https://images.unsplash.com/photo-1653640110591-325419722d5f,unsplash,,,,photo,1,film-studies-eduqas,Skyfall: Aesthetic and Bond Cinematography,,Photo via Unsplash,(needs description) (Photo via Unsplash),N
https://upload.wikimedia.org/wikipedia/commons/d/de/Slumdog_Millionaire_screening_at_Ryerson_%28cropped%29.jpg,wikimedia,CC BY-SA 2.0,SHARE-ALIKE,Slumdog_Millionaire_screening_at_Ryerson.jpg: Jeff Karpala derivative work: Bill william compton,photo,1,film-studies-eduqas,Slumdog Millionaire: Narrative and Mumbai,,Photo by Slumdog_Millionaire_screening_at_Ryerson.jpg: Jeff Karpala derivative work: Bill william compton · CC BY-SA 2.0 · Wikimedia Commons,(needs description) (Photo by Slumdog_Millionaire_screening_at_Ryerson.jpg: Jeff Karpala derivative work: Bill william compton · CC BY-SA 2.0 · Wikimedia Commons),N
https://images.unsplash.com/photo-1613142659418-718b2ae6940d,unsplash,,,,photo,1,film-studies-eduqas,"Sound: Diegetic, Non-Diegetic, Score and Sound Bridges",,Photo via Unsplash,(needs description) (Photo via Unsplash),N
https://upload.wikimedia.org/wikipedia/commons/1/19/Mark_Kermode_2.jpg,wikimedia,CC BY-SA 4.0,SHARE-ALIKE,Amy Martin Photography,photo,1,film-studies-eduqas,"Specialist Writing on Film: Reviews, Theory, Cinematography",,Photo by Amy Martin Photography · CC BY-SA 4.0 · Wikimedia Commons,(needs description) (Photo by Amy Martin Photography · CC BY-SA 4.0 · Wikimedia Commons),N
https://images.unsplash.com/photo-1567370778496-992ab85b965e,unsplash,,,,photo,1,film-studies-eduqas,Submarine: Aesthetic and Adolescent Imagination,,Photo via Unsplash,(needs description) (Photo via Unsplash),N
https://upload.wikimedia.org/wikipedia/commons/7/7e/The_Babadook.jpg,wikimedia,Public domain,FREE,Babadook Films PTY LTD Causeways Films PTY LTD,photo,1,film-studies-eduqas,The Babadook: Narrative and Grief as Monster,,Photo by Babadook Films PTY LTD Causeways Films PTY LTD · public domain · Wikimedia Commons,(needs description) (Photo by Babadook Films PTY LTD Causeways Films PTY LTD · public domain · Wikimedia Commons),N
https://images.unsplash.com/photo-1640230088954-d6aa912acf88,unsplash,,,,photo,1,film-studies-eduqas,The Breadwinner: Narrative and Animation Under Occupation,,Photo via Unsplash,(needs description) (Photo via Unsplash),N
https://images.unsplash.com/photo-1774173822625-2415a7e9525d,unsplash,,,,photo,1,film-studies-eduqas,The Farewell: Representation and Diaspora Grief,,Photo via Unsplash,(needs description) (Photo via Unsplash),N
https://upload.wikimedia.org/wikipedia/commons/8/89/Lamar_Johnson_-_Close-up_Waving_-_TIFF_%2843917080104%29.jpg,wikimedia,CC BY 2.0,ATTRIB-REQUIRED,Peter Kudlacz,photo,1,film-studies-eduqas,The Hate U Give: Issue-Led Indie,,Photo by Peter Kudlacz · CC BY 2.0 · Wikimedia Commons,(needs description) (Photo by Peter Kudlacz · CC BY 2.0 · Wikimedia Commons),N
https://upload.wikimedia.org/wikipedia/commons/5/5c/Bomb_Disposal_Soldier_Suits_Up%2C_Trains_for_Real_Thing_DVIDS188246.jpg,wikimedia,Public domain,FREE,Spc. Karin Leach,photo,1,film-studies-eduqas,The Hurt Locker: Bigelow's Iraq Thriller,,Photo by Spc. Karin Leach · public domain · Wikimedia Commons,(needs description) (Photo by Spc. Karin Leach · public domain · Wikimedia Commons),N
https://upload.wikimedia.org/wikipedia/commons/3/3b/Bundesarchiv_Bild_183-D0421-0009-004%2C_Sachsendorf%2C_Blick_in_die_Oberschule.jpg,wikimedia,CC BY-SA 3.0 de,SHARE-ALIKE,Krueger,photo,1,film-studies-eduqas,The Wave: Representation and Conformity,,Photo by Krueger · CC BY-SA 3.0 de · Wikimedia Commons,(needs description) (Photo by Krueger · CC BY-SA 3.0 de · Wikimedia Commons),N
https://upload.wikimedia.org/wikipedia/commons/4/40/Soweto_township.jpg,wikimedia,CC BY 2.0,ATTRIB-REQUIRED,Matt-80,photo,1,film-studies-eduqas,Tsotsi: Representation and Johannesburg,,Photo by Matt-80 · CC BY 2.0 · Wikimedia Commons,(needs description) (Photo by Matt-80 · CC BY 2.0 · Wikimedia Commons),N
https://upload.wikimedia.org/wikipedia/commons/a/a3/Green_bicycle_leaning_on_the_wall.jpg,wikimedia,CC0,FREE,www.Pixel.la Free Stock Photos,photo,1,film-studies-eduqas,Wadjda: Representation and Saudi Girlhood,,Photo by www.Pixel.la Free Stock Photos · public domain · Wikimedia Commons,(needs description) (Photo by www.Pixel.la Free Stock Photos · public domain · Wikimedia Commons),N
https://images.unsplash.com/photo-1658195952756-892740657893,unsplash,,,,photo,1,film-studies-eduqas,What Is American Independent Cinema?,,Photo via Unsplash,(needs description) (Photo via Unsplash),N
https://images.unsplash.com/photo-1723450486856-fe8102d0f1c9,unsplash,,,,photo,1,film-studies-eduqas,"Whiplash: Cutting, Sound and Pursuit of Greatness",,Photo via Unsplash,(needs description) (Photo via Unsplash),N
https://images.unsplash.com/photo-1592912762846-6fa13c486f74,unsplash,,,,photo,1,film-studies-eduqas,"Widescreen, Steadicam and the Push for Spectacle: 1948-1990s",,Photo via Unsplash,(needs description) (Photo via Unsplash),N
https://upload.wikimedia.org/wikipedia/commons/e/e9/Egyptian_food_Koshary.jpg,wikimedia,CC BY-SA 4.0,SHARE-ALIKE,Dina Said,photo,1,food-preparation-and-nutrition,Energy Needs and Nutritional Analysis,,Photo by Dina Said · CC BY-SA 4.0 · Wikimedia Commons,(needs description) (Photo by Dina Said · CC BY-SA 4.0 · Wikimedia Commons),N
https://baipckgywpnwapobwtsy.supabase.co/storage/v1/object/public/pipeline-uploads/hero-uploads/7f05fafa-43d9-45c8-944f-f86e6b85d5c4/jon-tyson-YbscRIDdimg-unsplash.jpg,other,,,,photo,3,food-preparation-and-nutrition,Food Choice and Food Labelling,,Photo via Unsplash,(needs description) (Photo via Unsplash),N
https://pub-aeb94e100e5a48f4a133be5bf206aecb.r2.dev/food-technology/nutrition-and-health/lesson-12-hero.jpg,r2,,,,photo,2,food-preparation-and-nutrition,"Food Provenance — Sustainability, Processing and Production",,Photo via Unsplash,(needs description) (Photo via Unsplash),N
https://pub-aeb94e100e5a48f4a133be5bf206aecb.r2.dev/food-technology/nutrition-and-health/lesson-11-hero.jpg,r2,,,,photo,1,food-preparation-and-nutrition,Food Science — Heat Transfer and Functional Properties,,Photo via Unsplash,(needs description) (Photo via Unsplash),N
https://upload.wikimedia.org/wikipedia/commons/a/a0/Rotten_Oranges.JPG,wikimedia,CC0,FREE,Wormsandstuff,photo,3,food-preparation-and-nutrition,"Food Spoilage, Contamination and Poisoning",,Photo by Wormsandstuff · public domain · Wikimedia Commons,(needs description) (Photo by Wormsandstuff · public domain · Wikimedia Commons),N
https://upload.wikimedia.org/wikipedia/commons/1/11/Food_prep_150410-Z-KE462-208.jpg,wikimedia,Public domain,FREE,Tech. Sgt. Sarah Mattison,photo,1,food-preparation-and-nutrition,Good Food Hygiene Practices,,Photo by Tech. Sgt. Sarah Mattison · public domain · Wikimedia Commons,(needs description) (Photo by Tech. Sgt. Sarah Mattison · public domain · Wikimedia Commons),N
https://upload.wikimedia.org/wikipedia/commons/c/c8/Avoiding_Trans_Fat_%2818520422550%29.jpg,wikimedia,Public domain,FREE,The U.S. Food and Drug Administration,photo,2,food-preparation-and-nutrition,Macronutrients: Fats and Carbohydrates,,Photo by The U.S. Food and Drug Administration · public domain · Wikimedia Commons,(needs description) (Photo by The U.S. Food and Drug Administration · public domain · Wikimedia Commons),N
https://upload.wikimedia.org/wikipedia/commons/e/e8/Protein-rich_Foods.jpg,wikimedia,CC BY-SA 4.0,SHARE-ALIKE,Smastronardo,photo,2,food-preparation-and-nutrition,Macronutrients: Protein,,Photo by Smastronardo · CC BY-SA 4.0 · Wikimedia Commons,(needs description) (Photo by Smastronardo · CC BY-SA 4.0 · Wikimedia Commons),N
https://upload.wikimedia.org/wikipedia/commons/c/ce/Salad_greens_and_vegetables_-_Cambridge%2C_MA.jpg,wikimedia,CC0,FREE,Daderot,photo,2,food-preparation-and-nutrition,Micronutrients: Vitamins,,Photo by Daderot · public domain · Wikimedia Commons,(needs description) (Photo by Daderot · public domain · Wikimedia Commons),N
https://images.unsplash.com/photo-1596051827487-7b3d6f6df842,unsplash,,,,photo,1,food-preparation-and-nutrition-aqa,Bacterial Contamination and Food Poisoning,,Photo via Unsplash,(needs description) (Photo via Unsplash),N
https://images.unsplash.com/photo-1582391123232-6130296f1fcd,unsplash,,,,photo,1,food-preparation-and-nutrition-aqa,British & International Cuisine and Sensory Evaluation,,Photo via Unsplash,(needs description) (Photo via Unsplash),N
https://pub-aeb94e100e5a48f4a133be5bf206aecb.r2.dev/food-preparation-and-nutrition-aqa/food-nutrition-and-health/lesson-05-hero.jpg,r2,,,,photo,1,food-preparation-and-nutrition-aqa,"Diet, Nutrition and Health — Diet-Related Disease",,Photo via Unsplash,(needs description) (Photo via Unsplash),N
https://images.unsplash.com/photo-1585166444143-547b97c8b5d4,unsplash,,,,photo,1,food-preparation-and-nutrition-aqa,Energy Needs and Nutritional Analysis,,Photo via Unsplash,(needs description) (Photo via Unsplash),N
https://pub-aeb94e100e5a48f4a133be5bf206aecb.r2.dev/food-preparation-and-nutrition-aqa/food-choice/lesson-01-hero.jpg,r2,,,,photo,1,food-preparation-and-nutrition-aqa,Factors Affecting Food Choice,,Photo via Unsplash,(needs description) (Photo via Unsplash),N
https://images.unsplash.com/flagged/photo-1561668038-2742fcef75d7,unsplash,,,,photo,1,food-preparation-and-nutrition-aqa,"Fats, Fruit & Vegetables and Raising Agents",,Photo via Unsplash,(needs description) (Photo via Unsplash),N
https://images.unsplash.com/photo-1584031745084-223095abdb0c,unsplash,,,,photo,1,food-preparation-and-nutrition-aqa,"Food Choices — Religion, Culture, Ethics and Medical Needs",,Photo via Unsplash,(needs description) (Photo via Unsplash),N
https://pub-aeb94e100e5a48f4a133be5bf206aecb.r2.dev/food-preparation-and-nutrition-aqa/food-provenance/lesson-01-hero.jpg,r2,,,,photo,1,food-preparation-and-nutrition-aqa,Food Sources and Farming,,Photo via Unsplash,(needs description) (Photo via Unsplash),N
https://upload.wikimedia.org/wikipedia/commons/2/24/Africa_Food_Security_11_%2810665081134%29.jpg,wikimedia,CC BY 2.0,ATTRIB-REQUIRED,Stephen Morrison/Africa Practice,photo,1,food-preparation-and-nutrition-aqa,"Food, the Environment and Food Security",,Photo by Stephen Morrison/Africa Practice · CC BY 2.0 · Wikimedia Commons,(needs description) (Photo by Stephen Morrison/Africa Practice · CC BY 2.0 · Wikimedia Commons),N
https://images.unsplash.com/photo-1644780764846-9a3558765644,unsplash,,,,photo,1,food-preparation-and-nutrition-aqa,Functional Properties — Proteins and Carbohydrates,,Photo via Unsplash,(needs description) (Photo via Unsplash),N
https://images.unsplash.com/photo-1498837167922-ddd27525d352,unsplash,,,,photo,1,food-preparation-and-nutrition-aqa,"Macronutrients — Protein, Fats and Carbohydrates",,Photo via Unsplash,(needs description) (Photo via Unsplash),N
https://upload.wikimedia.org/wikipedia/commons/2/23/Regularly_take_balanced_diet.jpg,wikimedia,CC0,FREE,Cepalorana,photo,4,food-preparation-and-nutrition-aqa,"Nutritional Needs, Life Stages and Diet Planning",,Photo by Cepalorana · public domain · Wikimedia Commons,(needs description) (Photo by Cepalorana · public domain · Wikimedia Commons),N
https://images.unsplash.com/photo-1589109807644-924edf14ee09,unsplash,,,,photo,1,food-preparation-and-nutrition-aqa,"Principles of Food Safety — Buying, Storing and Preparing",,Photo via Unsplash,(needs description) (Photo via Unsplash),N
https://images.unsplash.com/photo-1608100014049-ad0f788bb44f,unsplash,,,,photo,1,food-preparation-and-nutrition-aqa,Why Food is Cooked and Heat Transfer,,Photo via Unsplash,(needs description) (Photo via Unsplash),N
https://pub-aeb94e100e5a48f4a133be5bf206aecb.r2.dev/food-technology/nutrition-and-health/lesson-13-hero.jpg,r2,,,,photo,2,food-preparation-and-nutrition-eduqas,Culinary Traditions & International Cuisine,,Photo via Unsplash,(needs description) (Photo via Unsplash),N
https://images.unsplash.com/photo-1540914124281-342587941389,unsplash,,,,photo,1,food-preparation-and-nutrition-eduqas,Developing Recipes & Meals for Specific Needs,,Photo via Unsplash,(needs description) (Photo via Unsplash),N
https://baipckgywpnwapobwtsy.supabase.co/storage/v1/object/public/pipeline-uploads/hero-uploads/7096cb00-71b5-4ffe-8665-853f6818c11b/shourav-sheikh-6UbzrslmH1Y-unsplash.jpg,other,,,,photo,2,food-preparation-and-nutrition-eduqas,"Diet, Health Conditions & Lifestyle Choices",,Photo via Unsplash,(needs description) (Photo via Unsplash),N
https://images.unsplash.com/photo-1659352155281-4e802916e41f,unsplash,,,,photo,1,food-preparation-and-nutrition-eduqas,Energy Requirements & Life-Stage Diets,,Photo via Unsplash,(needs description) (Photo via Unsplash),N
https://images.unsplash.com/photo-1564759079737-98304981246f,unsplash,,,,photo,2,food-preparation-and-nutrition-eduqas,Factors Affecting Food Choice & Sensory Evaluation,,Photo via Unsplash,(needs description) (Photo via Unsplash),N
https://images.unsplash.com/photo-1652211955967-99c892925469,unsplash,,,,photo,2,food-preparation-and-nutrition-eduqas,"Food Manufacturing, Processing & Modified Foods",,Photo via Unsplash,(needs description) (Photo via Unsplash),N
https://upload.wikimedia.org/wikipedia/commons/1/13/Salmonella_Bacteria_%285613656967%29.jpg,wikimedia,CC BY 2.0,ATTRIB-REQUIRED,NIAID,photo,1,food-preparation-and-nutrition-eduqas,"Food Poisoning, Bacteria & Cross-Contamination",,Photo by NIAID · CC BY 2.0 · Wikimedia Commons,(needs description) (Photo by NIAID · CC BY 2.0 · Wikimedia Commons),N
https://images.unsplash.com/photo-1606914501449-5a96b6ce24ca,unsplash,,,,photo,1,food-preparation-and-nutrition-eduqas,Functional & Chemical Properties of Ingredients,,Photo via Unsplash,(needs description) (Photo via Unsplash),N
https://images.unsplash.com/photo-1561560562-51e2bd657a03,unsplash,,,,photo,1,food-preparation-and-nutrition-eduqas,Heat Transfer & Why We Cook Food,,Photo via Unsplash,(needs description) (Photo via Unsplash),N
https://images.unsplash.com/photo-1537786090555-3ae8e11b1d4d,unsplash,,,,photo,1,food-preparation-and-nutrition-eduqas,Working Characteristics of Commodities,,Photo via Unsplash,(needs description) (Photo via Unsplash),N
https://images.unsplash.com/photo-1516126491303-6f54240c8491,unsplash,,,,photo,2,french,"Body Parts, Illness and Wellbeing",,Photo via Unsplash,(needs description) (Photo via Unsplash),N
https://pub-aeb94e100e5a48f4a133be5bf206aecb.r2.dev/french/popular-culture/lesson-06-hero.jpg,r2,,,,photo,2,french,Celebrity Culture and Role Models,,Photo via Unsplash,(needs description) (Photo via Unsplash),N
https://pub-aeb94e100e5a48f4a133be5bf206aecb.r2.dev/french/communication-and-world/lesson-04-hero.jpg,r2,,,,photo,2,french,"Countries, Weather and Transport",,Photo via Unsplash,(needs description) (Photo via Unsplash),N
https://pub-aeb94e100e5a48f4a133be5bf206aecb.r2.dev/french/people-and-lifestyle/lesson-01-hero.jpg,r2,,,,photo,2,french,Family Members and Descriptions,,Photo via Unsplash,(needs description) (Photo via Unsplash),N
https://pub-aeb94e100e5a48f4a133be5bf206aecb.r2.dev/french/people-and-lifestyle/lesson-05-hero.jpg,r2,,,,photo,2,french,"Food, Drink and Mealtimes",,Photo via Unsplash,(needs description) (Photo via Unsplash),N
https://pub-aeb94e100e5a48f4a133be5bf206aecb.r2.dev/french/popular-culture/lesson-04-hero.jpg,r2,,,,photo,2,french,French Festivals and Celebrations,,Photo via Unsplash,(needs description) (Photo via Unsplash),N
https://pub-aeb94e100e5a48f4a133be5bf206aecb.r2.dev/french/people-and-lifestyle/lesson-02-hero.jpg,r2,,,,photo,2,french,Friendships and Qualities,,Photo via Unsplash,(needs description) (Photo via Unsplash),N
https://pub-aeb94e100e5a48f4a133be5bf206aecb.r2.dev/french/people-and-lifestyle/lesson-04-hero.jpg,r2,,,,photo,2,french,Healthy Living and Lifestyle,,Photo via Unsplash,(needs description) (Photo via Unsplash),N
https://pub-aeb94e100e5a48f4a133be5bf206aecb.r2.dev/french/communication-and-world/lesson-01-hero.jpg,r2,,,,photo,2,french,Holidays and Travel Plans,,Photo via Unsplash,(needs description) (Photo via Unsplash),N
https://pub-aeb94e100e5a48f4a133be5bf206aecb.r2.dev/french/communication-and-world/lesson-06-hero.jpg,r2,,,,photo,2,french,My House and Home,,Photo via Unsplash,(needs description) (Photo via Unsplash),N
https://pub-aeb94e100e5a48f4a133be5bf206aecb.r2.dev/french/communication-and-world/lesson-07-hero.jpg,r2,,,,photo,2,french,My Town and Local Area,,Photo via Unsplash,(needs description) (Photo via Unsplash),N
https://pub-aeb94e100e5a48f4a133be5bf206aecb.r2.dev/french/people-and-lifestyle/lesson-03-hero.jpg,r2,,,,photo,2,french,"Relationships, Marriage and Future Plans",,Photo via Unsplash,(needs description) (Photo via Unsplash),N
https://pub-aeb94e100e5a48f4a133be5bf206aecb.r2.dev/french/people-and-lifestyle/lesson-08-hero.jpg,r2,,,,photo,2,french,School Subjects and Opinions,,Photo via Unsplash,(needs description) (Photo via Unsplash),N
https://pub-aeb94e100e5a48f4a133be5bf206aecb.r2.dev/french/popular-culture/lesson-07-hero.jpg,r2,,,,photo,2,french,Social Media and Online Life,,Photo via Unsplash,(needs description) (Photo via Unsplash),N
https://pub-aeb94e100e5a48f4a133be5bf206aecb.r2.dev/french/communication-and-world/lesson-03-hero.jpg,r2,,,,photo,2,french-aqa,Accommodation and Hotels,,Photo via Unsplash,(needs description) (Photo via Unsplash),N
https://pub-aeb94e100e5a48f4a133be5bf206aecb.r2.dev/french/popular-culture/lesson-05-hero.jpg,r2,,,,photo,2,french-aqa,Customs and How We Celebrate,,Photo via Unsplash,(needs description) (Photo via Unsplash),N
https://pub-aeb94e100e5a48f4a133be5bf206aecb.r2.dev/french/popular-culture/lesson-08-hero.jpg,r2,,,,photo,2,french-aqa,Eating Out and Restaurant Conversations,,Photo via Unsplash,(needs description) (Photo via Unsplash),N
https://pub-aeb94e100e5a48f4a133be5bf206aecb.r2.dev/french/popular-culture/lesson-01-hero.jpg,r2,,,,photo,2,french-aqa,Free-Time Activities and Hobbies,,Photo via Unsplash,(needs description) (Photo via Unsplash),N
https://pub-aeb94e100e5a48f4a133be5bf206aecb.r2.dev/french/people-and-lifestyle/lesson-10-hero.jpg,r2,,,,photo,2,french-aqa,"Jobs, Work Experience and Future Plans",,Photo via Unsplash,(needs description) (Photo via Unsplash),N
https://pub-aeb94e100e5a48f4a133be5bf206aecb.r2.dev/french/popular-culture/lesson-02-hero.jpg,r2,,,,photo,2,french-aqa,"Music, Film and Television",,Photo via Unsplash,(needs description) (Photo via Unsplash),N
https://pub-aeb94e100e5a48f4a133be5bf206aecb.r2.dev/french/communication-and-world/lesson-02-hero.jpg,r2,,,,photo,2,french-aqa,Past Holidays and Experiences,,Photo via Unsplash,(needs description) (Photo via Unsplash),N
https://pub-aeb94e100e5a48f4a133be5bf206aecb.r2.dev/french/people-and-lifestyle/lesson-09-hero.jpg,r2,,,,photo,2,french-aqa,"School Life, Rules and Uniform",,Photo via Unsplash,(needs description) (Photo via Unsplash),N
https://pub-aeb94e100e5a48f4a133be5bf206aecb.r2.dev/french/popular-culture/lesson-03-hero.jpg,r2,,,,photo,2,french-aqa,Sport and Sporting Events,,Photo via Unsplash,(needs description) (Photo via Unsplash),N
https://images.unsplash.com/photo-1574863279401-1df6691d97ad,unsplash,,,,photo,2,french-aqa,Sport and Staying Active,,Photo via Unsplash,(needs description) (Photo via Unsplash),N
https://pub-aeb94e100e5a48f4a133be5bf206aecb.r2.dev/french/communication-and-world/lesson-05-hero.jpg,r2,,,,photo,2,french-aqa,Technology and Social Media,,Photo via Unsplash,(needs description) (Photo via Unsplash),N
https://pub-aeb94e100e5a48f4a133be5bf206aecb.r2.dev/french/communication-and-world/lesson-08-hero.jpg,r2,,,,photo,2,french-aqa,The Environment and Global Issues,,Photo via Unsplash,(needs description) (Photo via Unsplash),N
https://upload.wikimedia.org/wikipedia/commons/0/05/Landscape%2C_Vioolsdrift%2C_Richtersveld%2C_Northern_Cape%2C_South_Africa_%2820351341168%29.jpg,wikimedia,CC BY 2.0,ATTRIB-REQUIRED,South African Tourism from South Africa,photo,1,gcse-music,"Africa: Chorus 3, Outro and Exam Practice",,Photo by South African Tourism from South Africa · CC BY 2.0 · Wikimedia Commons,(needs description) (Photo by South African Tourism from South Africa · CC BY 2.0 · Wikimedia Commons),N
https://upload.wikimedia.org/wikipedia/commons/3/3d/Distant_Rains_..._%2850896467932%29.jpg,wikimedia,CC BY-SA 2.0,SHARE-ALIKE,Bernard DUPONT from FRANCE,photo,1,gcse-music,"Africa: Chorus, Links, Verse 2 and Instrumental",,Photo by Bernard DUPONT from FRANCE · CC BY-SA 2.0 · Wikimedia Commons,(needs description) (Photo by Bernard DUPONT from FRANCE · CC BY-SA 2.0 · Wikimedia Commons),N
https://upload.wikimedia.org/wikipedia/commons/6/66/Hornbill_Zazu_Chitwa_South_Africa_Luca_Galuzzi_2004.JPG,wikimedia,CC BY-SA 2.5,SHARE-ALIKE,Luca Galuzzi (Lucag),photo,1,gcse-music,"Africa: Overview, Introduction and Verse 1",,Photo by Luca Galuzzi (Lucag) · CC BY-SA 2.5 · Wikimedia Commons,(needs description) (Photo by Luca Galuzzi (Lucag) · CC BY-SA 2.5 · Wikimedia Commons),N
https://images.unsplash.com/photo-1605389173375-536da8b69691,unsplash,,,,photo,1,gcse-music,Bach: Badinerie — Set Work Study,,Photo via Unsplash,(needs description) (Photo via Unsplash),N
https://upload.wikimedia.org/wikipedia/commons/f/f5/Nocturne_et_Scherzo_de_Debussy.jpg,wikimedia,Public domain,FREE,Claude Debussy (1862-1918),photo,1,gcse-music,Binary and Ternary Form,,Photo by Claude Debussy (1862-1918) · public domain · Wikimedia Commons,(needs description) (Photo by Claude Debussy (1862-1918) · public domain · Wikimedia Commons),N
https://images.unsplash.com/photo-1523689119443-df96632084a1,unsplash,,,,photo,1,gcse-music,"Dynamics, Tempo and Rhythm",,Photo via Unsplash,(needs description) (Photo via Unsplash),N
https://images.unsplash.com/photo-1759426633513-004a68035581,unsplash,,,,photo,2,gcse-music,Ensemble Types and Textures,,Photo via Unsplash,(needs description) (Photo via Unsplash),N
https://images.unsplash.com/photo-1544504729-982012fc43d0,unsplash,,,,photo,1,gcse-music,Exam Practice: Popular Music Listening,,Photo via Unsplash,(needs description) (Photo via Unsplash),N
https://images.unsplash.com/photo-1633411988188-6e63354a9019,unsplash,,,,photo,1,gcse-music,Fusion and Bhangra,,Photo via Unsplash,(needs description) (Photo via Unsplash),N
https://images.unsplash.com/photo-1755516357196-5dbde90bfab1,unsplash,,,,photo,1,gcse-music,Fusion in Film Music,,Photo via Unsplash,(needs description) (Photo via Unsplash),N
https://images.unsplash.com/photo-1648461513491-c8dc79739211,unsplash,,,,photo,1,gcse-music,Harmony and Tonality,,Photo via Unsplash,(needs description) (Photo via Unsplash),N
https://images.unsplash.com/photo-1767403154757-09edbae058a0,unsplash,,,,photo,1,gcse-music,Instrument Roles and Expression in Ensembles,,Photo via Unsplash,(needs description) (Photo via Unsplash),N
https://images.unsplash.com/photo-1759502418465-62fb7c781e73,unsplash,,,,photo,1,gcse-music,Instrumentation and Articulation in Film Scores,,Photo via Unsplash,(needs description) (Photo via Unsplash),N
https://pub-aeb94e100e5a48f4a133be5bf206aecb.r2.dev/music/musical-elements/lesson-05-hero.jpg,r2,,,,photo,1,gcse-music,Instruments and Timbre,,Photo via Unsplash,(needs description) (Photo via Unsplash),N
https://pub-aeb94e100e5a48f4a133be5bf206aecb.r2.dev/music/film-music/lesson-01-hero.jpg,r2,,,,photo,3,gcse-music,Introduction to Film Music,,Photo via Unsplash,(needs description) (Photo via Unsplash),N
https://images.unsplash.com/photo-1511192336575-5a79af67a629,unsplash,,,,photo,1,gcse-music,Jazz and Blues,,Photo via Unsplash,(needs description) (Photo via Unsplash),N
https://images.unsplash.com/photo-1649562211721-60f2a884bba7,unsplash,,,,photo,1,gcse-music,Melody and Articulation,,Photo via Unsplash,(needs description) (Photo via Unsplash),N
https://images.unsplash.com/photo-1591685625141-ed011961f789,unsplash,,,,photo,1,gcse-music,Minimalism in Film Music,,Photo via Unsplash,(needs description) (Photo via Unsplash),N
https://pub-aeb94e100e5a48f4a133be5bf206aecb.r2.dev/music/film-music/lesson-02-hero.jpg,r2,,,,photo,1,gcse-music,Motifs and Leitmotifs in Film,,Photo via Unsplash,(needs description) (Photo via Unsplash),N
https://images.unsplash.com/32/6Icr9fARMmTjTHqTzK8z_DSC_0123.jpg,unsplash,,,,photo,3,gcse-music,Music Technology in Popular Music,,Photo via Unsplash,(needs description) (Photo via Unsplash),N
https://images.unsplash.com/photo-1692552950929-395ee3797684,unsplash,,,,photo,2,gcse-music,Musical Devices,,Photo via Unsplash,(needs description) (Photo via Unsplash),N
https://images.unsplash.com/photo-1760735781281-5ca3d2c18d50,unsplash,,,,photo,1,gcse-music,Musical Theatre,,Photo via Unsplash,(needs description) (Photo via Unsplash),N
https://images.unsplash.com/photo-1516450360452-9312f5e86fc7,unsplash,,,,photo,1,gcse-music,Pop Music,,Photo via Unsplash,(needs description) (Photo via Unsplash),N
https://pub-aeb94e100e5a48f4a133be5bf206aecb.r2.dev/music/popular-music/lesson-02-hero.jpg,r2,,,,photo,1,gcse-music,Rock Music,,Photo via Unsplash,(needs description) (Photo via Unsplash),N
https://images.unsplash.com/photo-1633779366066-18cd2cf595b3,unsplash,,,,photo,1,gcse-music,Rondo and Theme and Variations,,Photo via Unsplash,(needs description) (Photo via Unsplash),N
https://images.unsplash.com/photo-1626539896924-b328af4ef01d,unsplash,,,,photo,1,gcse-music,Texture and Structure,,Photo via Unsplash,(needs description) (Photo via Unsplash),N
https://pub-aeb94e100e5a48f4a133be5bf206aecb.r2.dev/geography/paper-1/lesson-11-hero.jpg,r2,,,,photo,3,geography,Amazon Deforestation & Sustainable Management,,Photo via Unsplash,(needs description) (Photo via Unsplash),N
https://pub-aeb94e100e5a48f4a133be5bf206aecb.r2.dev/geography/paper-2/lesson-10-hero.jpg,r2,,,,photo,2,geography,Causes of Uneven Development,,Photo via Unsplash,(needs description) (Photo via Unsplash),N
https://pub-aeb94e100e5a48f4a133be5bf206aecb.r2.dev/geography/paper-1/lesson-08-hero.jpg,r2,,,,photo,1,geography,"Climate Change: Causes, Effects & Responses",,Photo via Unsplash,(needs description) (Photo via Unsplash),N
https://pub-aeb94e100e5a48f4a133be5bf206aecb.r2.dev/geography/paper-1/lesson-15-hero.jpg,r2,,,,photo,2,geography,Coastal Landforms: Erosion & Deposition,,Photo via Unsplash,(needs description) (Photo via Unsplash),N
https://pub-aeb94e100e5a48f4a133be5bf206aecb.r2.dev/geography/paper-1/lesson-16-hero.jpg,r2,,,,photo,2,geography,Coastal Management & Lyme Regis Case Study,,Photo via Unsplash,(needs description) (Photo via Unsplash),N
https://pub-aeb94e100e5a48f4a133be5bf206aecb.r2.dev/geography/paper-1/lesson-14-hero.jpg,r2,,,,photo,2,geography,"Coastal Processes: Weathering, Waves & Transport",,Photo via Unsplash,(needs description) (Photo via Unsplash),N
https://pub-aeb94e100e5a48f4a133be5bf206aecb.r2.dev/geography/paper-1/lesson-03-hero.jpg,r2,,,,photo,2,geography,Earthquake Case Studies: Haiti & Christchurch,,Photo via Unsplash,(needs description) (Photo via Unsplash),N
https://pub-aeb94e100e5a48f4a133be5bf206aecb.r2.dev/geography/paper-1/lesson-09-hero.jpg,r2,,,,photo,1,geography,Ecosystems & UK Small-Scale Ecosystems,,Photo via Unsplash,(needs description) (Photo via Unsplash),N
https://pub-aeb94e100e5a48f4a133be5bf206aecb.r2.dev/geography/paper-2/lesson-19-hero.jpg,r2,,,,photo,1,geography,Energy Impacts & Extraction: Fracking,,Photo via Unsplash,(needs description) (Photo via Unsplash),N
https://pub-aeb94e100e5a48f4a133be5bf206aecb.r2.dev/geography/paper-1/lesson-20-hero.jpg,r2,,,,photo,4,geography,Flood Management & the River Tees,,Photo via Unsplash,(needs description) (Photo via Unsplash),N
https://pub-aeb94e100e5a48f4a133be5bf206aecb.r2.dev/geography/paper-1/lesson-19-hero.jpg,r2,,,,photo,1,geography,Flooding: Causes & Hydrographs,,Photo via Unsplash,(needs description) (Photo via Unsplash),N
https://pub-aeb94e100e5a48f4a133be5bf206aecb.r2.dev/geography/paper-1/lesson-05-hero.jpg,r2,,,,photo,4,geography,Global Atmospheric Circulation & Tropical Storms,,Photo via Unsplash,(needs description) (Photo via Unsplash),N
https://pub-aeb94e100e5a48f4a133be5bf206aecb.r2.dev/geography/paper-2/lesson-01-hero.jpg,r2,,,,photo,1,geography,Global Urbanisation & Megacities,,Photo via Unsplash,(needs description) (Photo via Unsplash),N
https://pub-aeb94e100e5a48f4a133be5bf206aecb.r2.dev/geography/paper-2/lesson-15-hero.jpg,r2,,,,photo,2,geography,Globalisation & the Changing UK Economy,,Photo via Unsplash,(needs description) (Photo via Unsplash),N
https://pub-aeb94e100e5a48f4a133be5bf206aecb.r2.dev/geography/paper-1/lesson-12-hero.jpg,r2,,,,photo,2,geography,Hot Deserts: Characteristics & Adaptations,,Photo via Unsplash,(needs description) (Photo via Unsplash),N
https://pub-aeb94e100e5a48f4a133be5bf206aecb.r2.dev/geography/paper-2/lesson-14-hero.jpg,r2,,,,photo,1,geography,"India: Aid, Environment & Economic Growth",,Photo via Unsplash,(needs description) (Photo via Unsplash),N
https://pub-aeb94e100e5a48f4a133be5bf206aecb.r2.dev/geography/paper-2/lesson-13-hero.jpg,r2,,,,photo,1,geography,"India: Employment, TNCs & Trade",,Photo via Unsplash,(needs description) (Photo via Unsplash),N
https://pub-aeb94e100e5a48f4a133be5bf206aecb.r2.dev/geography/paper-2/lesson-12-hero.jpg,r2,,,,photo,1,geography,"India: Location, Importance & Population",,Photo via Unsplash,(needs description) (Photo via Unsplash),N
https://pub-aeb94e100e5a48f4a133be5bf206aecb.r2.dev/geography/paper-2/lesson-06-hero.jpg,r2,,,,photo,1,geography,"Liverpool: Migration, Decline & Deprivation",,Photo via Unsplash,(needs description) (Photo via Unsplash),N
https://pub-aeb94e100e5a48f4a133be5bf206aecb.r2.dev/geography/paper-2/lesson-07-hero.jpg,r2,,,,photo,1,geography,Liverpool: Opportunities & Urban Greening,,Photo via Unsplash,(needs description) (Photo via Unsplash),N
https://pub-aeb94e100e5a48f4a133be5bf206aecb.r2.dev/geography/paper-2/lesson-08-hero.jpg,r2,,,,photo,1,geography,"Liverpool: Regeneration, Transport & Sustainability",,Photo via Unsplash,(needs description) (Photo via Unsplash),N
https://pub-aeb94e100e5a48f4a133be5bf206aecb.r2.dev/geography/paper-1/lesson-04-hero.jpg,r2,,,,photo,3,geography,Managing Tectonic Hazards: The Three Ps,,Photo via Unsplash,(needs description) (Photo via Unsplash),N
https://pub-aeb94e100e5a48f4a133be5bf206aecb.r2.dev/geography/paper-2/lesson-09-hero.jpg,r2,,,,photo,1,geography,Measuring Development: Indicators & the DTM,,Photo via Unsplash,(needs description) (Photo via Unsplash),N
https://pub-aeb94e100e5a48f4a133be5bf206aecb.r2.dev/geography/paper-1/lesson-01-hero.jpg,r2,,,,photo,2,geography,"Natural Hazards, Plate Tectonics & Distribution",,Photo via Unsplash,(needs description) (Photo via Unsplash),N
https://pub-aeb94e100e5a48f4a133be5bf206aecb.r2.dev/geography/paper-1/lesson-02-hero.jpg,r2,,,,photo,2,geography,Plate Boundaries & Living Near Hazards,,Photo via Unsplash,(needs description) (Photo via Unsplash),N
https://pub-aeb94e100e5a48f4a133be5bf206aecb.r2.dev/geography/paper-2/lesson-16-hero.jpg,r2,,,,photo,1,geography,"Post-Industrial UK: Business Parks, Environment & Rural Change",,Photo via Unsplash,(needs description) (Photo via Unsplash),N
https://pub-aeb94e100e5a48f4a133be5bf206aecb.r2.dev/geography/paper-2/lesson-11-hero.jpg,r2,,,,photo,1,geography,Reducing the Development Gap & Tourism in Kenya,,Photo via Unsplash,(needs description) (Photo via Unsplash),N
https://pub-aeb94e100e5a48f4a133be5bf206aecb.r2.dev/geography/paper-2/lesson-18-hero.jpg,r2,,,,photo,2,geography,Resource Management & Energy Supply,,Photo via Unsplash,(needs description) (Photo via Unsplash),N
https://pub-aeb94e100e5a48f4a133be5bf206aecb.r2.dev/geography/paper-2/lesson-02-hero.jpg,r2,,,,photo,1,geography,Rio de Janeiro: Importance & Opportunities,,Photo via Unsplash,(needs description) (Photo via Unsplash),N
https://pub-aeb94e100e5a48f4a133be5bf206aecb.r2.dev/geography/paper-2/lesson-04-hero.jpg,r2,,,,photo,2,geography,Rio: Improvements & Sustainable Urban Living,,Photo via Unsplash,(needs description) (Photo via Unsplash),N
https://pub-aeb94e100e5a48f4a133be5bf206aecb.r2.dev/geography/paper-2/lesson-03-hero.jpg,r2,,,,photo,1,geography,"Rio: Social, Economic & Environmental Challenges",,Photo via Unsplash,(needs description) (Photo via Unsplash),N
https://pub-aeb94e100e5a48f4a133be5bf206aecb.r2.dev/geography/paper-1/lesson-18-hero.jpg,r2,,,,photo,1,geography,River Landforms: Waterfalls to Estuaries,,Photo via Unsplash,(needs description) (Photo via Unsplash),N
https://pub-aeb94e100e5a48f4a133be5bf206aecb.r2.dev/geography/paper-1/lesson-17-hero.jpg,r2,,,,photo,2,geography,River Processes & Profiles,,Photo via Unsplash,(needs description) (Photo via Unsplash),N
https://pub-aeb94e100e5a48f4a133be5bf206aecb.r2.dev/geography/paper-2/lesson-20-hero.jpg,r2,,,,photo,2,geography,Sustainable Energy & the Nepal Micro-Hydro Case Study,,Photo via Unsplash,(needs description) (Photo via Unsplash),N
https://pub-aeb94e100e5a48f4a133be5bf206aecb.r2.dev/geography/paper-2/lesson-17-hero.jpg,r2,,,,photo,2,geography,"The North-South Divide, Transport & the UK in the Wider World",,Photo via Unsplash,(needs description) (Photo via Unsplash),N
https://pub-aeb94e100e5a48f4a133be5bf206aecb.r2.dev/geography/paper-1/lesson-13-hero.jpg,r2,,,,photo,2,geography,"The Sahara, Desertification & Management",,Photo via Unsplash,(needs description) (Photo via Unsplash),N
https://pub-aeb94e100e5a48f4a133be5bf206aecb.r2.dev/geography/paper-1/lesson-10-hero.jpg,r2,,,,photo,2,geography,Tropical Rainforests: Characteristics & Adaptations,,Photo via Unsplash,(needs description) (Photo via Unsplash),N
https://pub-aeb94e100e5a48f4a133be5bf206aecb.r2.dev/geography/paper-1/lesson-06-hero.jpg,r2,,,,photo,1,geography,Typhoon Haiyan & Managing Tropical Storms,,Photo via Unsplash,(needs description) (Photo via Unsplash),N
https://pub-aeb94e100e5a48f4a133be5bf206aecb.r2.dev/geography/paper-2/lesson-05-hero.jpg,r2,,,,photo,1,geography,UK Urbanisation & Liverpool’s Importance,,Photo via Unsplash,(needs description) (Photo via Unsplash),N
https://pub-aeb94e100e5a48f4a133be5bf206aecb.r2.dev/geography/paper-1/lesson-07-hero.jpg,r2,,,,photo,2,geography,UK Weather Hazards: Cumbria Floods,,Photo via Unsplash,(needs description) (Photo via Unsplash),N
https://images.unsplash.com/photo-1721011372247-2da3408bb076,unsplash,,,,photo,1,geography-aqa,"Closing the Gap: Aid, Trade & Tourism in The Gambia",,Photo via Unsplash,(needs description) (Photo via Unsplash),N
https://pub-aeb94e100e5a48f4a133be5bf206aecb.r2.dev/geography-edexcel-a/paper-1-physical-environment/lesson-02-hero.jpg,r2,,,,photo,4,geography-aqa,Coastal Landforms: Erosion & Deposition,,Photo via Unsplash,(needs description) (Photo via Unsplash),N
https://upload.wikimedia.org/wikipedia/commons/1/17/Greenland_scoresby-sydkapp2_hg.jpg,wikimedia,CC BY-SA 2.5,SHARE-ALIKE,"Hannes Grobe, AWI",photo,1,geography-aqa,"Cold Environments: Characteristics, Adaptations & Biodiversity",,"Photo by Hannes Grobe, AWI · CC BY-SA 2.5 · Wikimedia Commons","(needs description) (Photo by Hannes Grobe, AWI · CC BY-SA 2.5 · Wikimedia Commons)",N
https://images.unsplash.com/photo-1705534314505-f3cfd4d387f2,unsplash,,,,photo,1,geography-aqa,Developing & Protecting Cold Environments: Svalbard,,Photo via Unsplash,(needs description) (Photo via Unsplash),N
https://images.unsplash.com/photo-1630060790346-3861366371d1,unsplash,,,,photo,3,geography-aqa,"Ecosystems: Producers, Consumers & UK Examples",,Photo via Unsplash,(needs description) (Photo via Unsplash),N
https://images.unsplash.com/photo-1547683905-f686c993aae5,unsplash,,,,photo,2,geography-aqa,"Flooding: Hydrographs, Causes & Risk Factors",,Photo via Unsplash,(needs description) (Photo via Unsplash),N
https://upload.wikimedia.org/wikipedia/commons/6/64/Drumlins_beside_Swindale_Beck_-_geograph.org.uk_-_4329260.jpg,wikimedia,CC BY-SA 2.0,SHARE-ALIKE,David Purchase,photo,1,geography-aqa,Glacial Deposition & a Glaciated Upland: The Lake District,,Photo by David Purchase · CC BY-SA 2.0 · Wikimedia Commons,(needs description) (Photo by David Purchase · CC BY-SA 2.0 · Wikimedia Commons),N
https://upload.wikimedia.org/wikipedia/commons/a/ab/Keswick_Panorama_-_Oct_2009.jpg,wikimedia,CC BY-SA 3.0,SHARE-ALIKE,Diliff,photo,1,geography-aqa,Glacial Processes & Landforms of Erosion,,Photo by Diliff · CC BY-SA 3.0 · Wikimedia Commons,(needs description) (Photo by Diliff · CC BY-SA 3.0 · Wikimedia Commons),N
https://images.unsplash.com/photo-1645954089920-020087e53678,unsplash,,,,photo,1,geography-aqa,"Glaciated Uplands: Economic Activity, Conflict & Tourism",,Photo via Unsplash,(needs description) (Photo via Unsplash),N
https://images.unsplash.com/photo-1773097258874-17d6446c3113,unsplash,,,,photo,1,geography-aqa,"Global Energy: Surplus, Deficit & Insecurity",,Photo via Unsplash,(needs description) (Photo via Unsplash),N
https://images.unsplash.com/photo-1606707761551-e36dc1a23f57,unsplash,,,,photo,1,geography-aqa,"Global Food Insecurity: Surplus, Deficit & Impacts",,Photo via Unsplash,(needs description) (Photo via Unsplash),N
https://pub-aeb94e100e5a48f4a133be5bf206aecb.r2.dev/business-ocr/operations-finance-influences/lesson-12-hero.jpg,r2,,,,photo,1,geography-aqa,Global Urbanisation & the Rise of Megacities,,Photo via Unsplash,(needs description) (Photo via Unsplash),N
https://upload.wikimedia.org/wikipedia/commons/4/44/Dry_riverbed_-_geograph.org.uk_-_4941146.jpg,wikimedia,CC BY-SA 2.0,SHARE-ALIKE,Richard Dorrell,photo,1,geography-aqa,"Global Water Insecurity: Surplus, Deficit & Impacts",,Photo by Richard Dorrell · CC BY-SA 2.0 · Wikimedia Commons,(needs description) (Photo by Richard Dorrell · CC BY-SA 2.0 · Wikimedia Commons),N
https://upload.wikimedia.org/wikipedia/commons/d/dc/Gerstein_Science_Information_Centre_aeroponics_towers.jpg,wikimedia,CC BY-SA 3.0,SHARE-ALIKE,Jason Zhang,photo,1,geography-aqa,Increasing Food Supply: Strategies & Sustainable Futures,,Photo by Jason Zhang · CC BY-SA 3.0 · Wikimedia Commons,(needs description) (Photo by Jason Zhang · CC BY-SA 3.0 · Wikimedia Commons),N
https://upload.wikimedia.org/wikipedia/commons/b/b3/South%E2%80%93North_Water_Transfer_Project_Central_route_starting_point_taocha.jpg,wikimedia,CC BY-SA 4.0,SHARE-ALIKE,Nsbdgc,photo,1,geography-aqa,Increasing Water Supply: Strategies & Sustainable Futures,,Photo by Nsbdgc · CC BY-SA 4.0 · Wikimedia Commons,(needs description) (Photo by Nsbdgc · CC BY-SA 4.0 · Wikimedia Commons),N
https://images.unsplash.com/photo-1594538756542-8c88bda491c5,unsplash,,,,photo,1,geography-aqa,"Lagos: Importance, Growth & Opportunities",,Photo via Unsplash,(needs description) (Photo via Unsplash),N
https://upload.wikimedia.org/wikipedia/commons/b/ba/Makoko_slum.jpg,wikimedia,CC BY-SA 4.0,SHARE-ALIKE,Comradeayobami,photo,1,geography-aqa,"Lagos: Slums, Sanitation & Environmental Pressure",,Photo by Comradeayobami · CC BY-SA 4.0 · Wikimedia Commons,(needs description) (Photo by Comradeayobami · CC BY-SA 4.0 · Wikimedia Commons),N
https://images.unsplash.com/photo-1571930999432-f8121f1da5ae,unsplash,,,,photo,1,geography-aqa,"Migration, Inequality & UK Urban Challenges",,Photo via Unsplash,(needs description) (Photo via Unsplash),N
https://images.unsplash.com/photo-1660227698144-68c175ff8443,unsplash,,,,photo,1,geography-aqa,"Nigeria's Economy: TNCs, Industry & Trade",,Photo via Unsplash,(needs description) (Photo via Unsplash),N
https://images.unsplash.com/photo-1605454178746-ceb16b73a21b,unsplash,,,,photo,1,geography-aqa,"Nigeria: Aid, Environmental Cost & Quality of Life",,Photo via Unsplash,(needs description) (Photo via Unsplash),N
https://images.unsplash.com/photo-1624383045192-cf512eb9d78c,unsplash,,,,photo,1,geography-aqa,"Nigeria: Location, Importance & Wider Context",,Photo via Unsplash,(needs description) (Photo via Unsplash),N
https://images.unsplash.com/photo-1576667936512-3512f987337e,unsplash,,,,photo,1,geography-aqa,Post-Industrial UK: Science Parks & Rural Change,,Photo via Unsplash,(needs description) (Photo via Unsplash),N
https://images.unsplash.com/photo-1701007102667-844e210367d9,unsplash,,,,photo,1,geography-aqa,"Resource Management: Food, Water & Energy in the UK",,Photo via Unsplash,(needs description) (Photo via Unsplash),N
https://images.unsplash.com/photo-1518903676892-945c712d6a93,unsplash,,,,photo,1,geography-aqa,"River Landforms: Waterfalls, Meanders & Levees",,Photo via Unsplash,(needs description) (Photo via Unsplash),N
https://pub-aeb94e100e5a48f4a133be5bf206aecb.r2.dev/geography-edexcel-a/paper-2-human-environment/lesson-02-hero.jpg,r2,,,,photo,4,geography-aqa,UK Population Distribution & a Major UK City,,Photo via Unsplash,(needs description) (Photo via Unsplash),N
https://images.unsplash.com/photo-1527690499469-ef2eff9c6735,unsplash,,,,photo,1,geography-aqa,"Urban Greening, Brownfield Sites & Quality of Life",,Photo via Unsplash,(needs description) (Photo via Unsplash),N
https://pub-aeb94e100e5a48f4a133be5bf206aecb.r2.dev/geography-edexcel-a/paper-2-human-environment/lesson-04-hero.jpg,r2,,,,photo,1,geography-edexcel-a,A Major City in a Developing or Emerging Country,,Photo via Unsplash,(needs description) (Photo via Unsplash),N
https://images.unsplash.com/photo-1638526970908-b18e32b0bc42,unsplash,,,,photo,1,geography-edexcel-a,Change & Inequality in a UK City,,Photo via Unsplash,(needs description) (Photo via Unsplash),N
https://pub-aeb94e100e5a48f4a133be5bf206aecb.r2.dev/geography-edexcel-a/paper-1-physical-environment/lesson-03-hero.jpg,r2,,,,photo,1,geography-edexcel-a,Coastal Management & a Distinctive UK Coastline,,Photo via Unsplash,(needs description) (Photo via Unsplash),N
https://pub-aeb94e100e5a48f4a133be5bf206aecb.r2.dev/geography-edexcel-a/paper-2-human-environment/lesson-05-hero.jpg,r2,,,,photo,1,geography-edexcel-a,Defining & Measuring Development,,Photo via Unsplash,(needs description) (Photo via Unsplash),N
https://pub-aeb94e100e5a48f4a133be5bf206aecb.r2.dev/geography-edexcel-a/paper-2-human-environment/lesson-07-hero.jpg,r2,,,,photo,2,geography-edexcel-a,Development in a Developing or Emerging Country,,Photo via Unsplash,(needs description) (Photo via Unsplash),N
https://pub-aeb94e100e5a48f4a133be5bf206aecb.r2.dev/geography-edexcel-a/paper-1-physical-environment/lesson-10-hero.jpg,r2,,,,photo,1,geography-edexcel-a,"Drought: Causes, Impacts & Responses",,Photo via Unsplash,(needs description) (Photo via Unsplash),N
https://images.unsplash.com/photo-1763190521320-7076023a5318,unsplash,,,,photo,2,geography-edexcel-a,Energy Resource Management,,Photo via Unsplash,(needs description) (Photo via Unsplash),N
https://images.unsplash.com/photo-1700574637421-6f7e4bf75d90,unsplash,,,,photo,1,geography-edexcel-a,Glaciated Upland Landscapes & Landforms,,Photo via Unsplash,(needs description) (Photo via Unsplash),N
https://upload.wikimedia.org/wikipedia/commons/b/b3/Lake_district_evening.jpg,wikimedia,CC BY 4.0,ATTRIB-REQUIRED,T Douglas-Walker,photo,1,geography-edexcel-a,"Glaciated Uplands: Land Use, Tourism & Management",,Photo by T Douglas-Walker · CC BY 4.0 · Wikimedia Commons,(needs description) (Photo by T Douglas-Walker · CC BY 4.0 · Wikimedia Commons),N
https://pub-aeb94e100e5a48f4a133be5bf206aecb.r2.dev/geography-edexcel-a/paper-1-physical-environment/lesson-11-hero.jpg,r2,,,,photo,1,geography-edexcel-a,Global & UK Ecosystems,,Photo via Unsplash,(needs description) (Photo via Unsplash),N
https://images.unsplash.com/photo-1774291635035-9d55a6ea45d7,unsplash,,,,photo,1,geography-edexcel-a,Global & UK Resource Distribution,,Photo via Unsplash,(needs description) (Photo via Unsplash),N
https://images.unsplash.com/photo-1760288203404-bc2be6567cfc,unsplash,,,,photo,1,geography-edexcel-a,Human Fieldwork: Urban & Rural Settlements,,Photo via Unsplash,(needs description) (Photo via Unsplash),N
https://images.unsplash.com/photo-1743085732862-ffe72d603cac,unsplash,,,,photo,1,geography-edexcel-a,Physical Fieldwork: Rivers & Coasts,,Photo via Unsplash,(needs description) (Photo via Unsplash),N
https://images.unsplash.com/photo-1519852476561-ec618b0183ba,unsplash,,,,photo,3,geography-edexcel-a,"River Processes, Profiles & Landforms",,Photo via Unsplash,(needs description) (Photo via Unsplash),N
https://pub-aeb94e100e5a48f4a133be5bf206aecb.r2.dev/geography-edexcel-a/paper-1-physical-environment/lesson-09-hero.jpg,r2,,,,photo,2,geography-edexcel-a,"Tropical Cyclones: Hazard, Impact & Response",,Photo via Unsplash,(needs description) (Photo via Unsplash),N
https://pub-aeb94e100e5a48f4a133be5bf206aecb.r2.dev/geography-edexcel-a/paper-1-physical-environment/lesson-12-hero.jpg,r2,,,,photo,1,geography-edexcel-a,Tropical Rainforests & Deciduous Woodlands,,Photo via Unsplash,(needs description) (Photo via Unsplash),N
https://pub-aeb94e100e5a48f4a133be5bf206aecb.r2.dev/geography-edexcel-a/paper-1-physical-environment/lesson-01-hero.jpg,r2,,,,photo,2,geography-edexcel-a,UK Geology & Landscape Distribution,,Photo via Unsplash,(needs description) (Photo via Unsplash),N
https://images.unsplash.com/photo-1545350089-47b3d117a92c,unsplash,,,,photo,1,geography-edexcel-a,UK Landscape & Climate Change Challenge,,Photo via Unsplash,(needs description) (Photo via Unsplash),N
https://images.unsplash.com/photo-1633284718969-ad7c9708a4e4,unsplash,,,,photo,1,geography-edexcel-a,UK Resources & Sustainability Challenge,,Photo via Unsplash,(needs description) (Photo via Unsplash),N
https://images.unsplash.com/photo-1654356813425-7b8c9cae3507,unsplash,,,,photo,1,geography-edexcel-a,"UK Settlement, Population & Economic Challenge",,Photo via Unsplash,(needs description) (Photo via Unsplash),N
https://images.unsplash.com/photo-1768823131579-65188f7f6354,unsplash,,,,photo,2,geography-edexcel-a,Uneven Global Development & Strategies to Address It,,Photo via Unsplash,(needs description) (Photo via Unsplash),N
https://upload.wikimedia.org/wikipedia/commons/7/75/London_Skyline_from_Waterloo_Bridge%2C_London%2C_UK_-_Diliff.jpg,wikimedia,CC BY-SA 3.0,SHARE-ALIKE,Diliff,photo,1,geography-edexcel-a,Urbanisation: Global & UK Patterns,,Photo by Diliff · CC BY-SA 3.0 · Wikimedia Commons,(needs description) (Photo by Diliff · CC BY-SA 3.0 · Wikimedia Commons),N
https://upload.wikimedia.org/wikipedia/commons/f/f8/2006-02-13_Drop-impact.jpg,wikimedia,CC BY-SA 3.0,SHARE-ALIKE,Roger McLassus,photo,2,geography-edexcel-a,Water Resource Management,,Photo by Roger McLassus · CC BY-SA 3.0 · Wikimedia Commons,(needs description) (Photo by Roger McLassus · CC BY-SA 3.0 · Wikimedia Commons),N
https://upload.wikimedia.org/wikipedia/commons/c/c4/Ngadisan_Indonesia_Village-pump-01.jpg,wikimedia,CC BY-SA 3.0,SHARE-ALIKE,"CEphoto, Uwe Aranas",photo,1,geography-edexcel-b,Approaches to Development,,"Photo by CEphoto, Uwe Aranas · CC BY-SA 3.0 · Wikimedia Commons","(needs description) (Photo by CEphoto, Uwe Aranas · CC BY-SA 3.0 · Wikimedia Commons)",N
https://images.unsplash.com/photo-1610818647551-866cce9f06d5,unsplash,,,,photo,1,geography-edexcel-b,Case Study: A Dynamic UK City (Birmingham),,Photo via Unsplash,(needs description) (Photo via Unsplash),N
https://images.unsplash.com/photo-1569758267239-d08deb78bb1a,unsplash,,,,photo,1,geography-edexcel-b,Case Study: A Megacity (Mumbai),,Photo via Unsplash,(needs description) (Photo via Unsplash),N
https://images.unsplash.com/photo-1543414679-edc168c26fee,unsplash,,,,photo,1,geography-edexcel-b,Causes & Patterns of Urbanisation,,Photo via Unsplash,(needs description) (Photo via Unsplash),N
https://images.unsplash.com/photo-1568144510602-c4082cb85d43,unsplash,,,,photo,1,geography-edexcel-b,"Cities, Rural Areas & Interdependence",,Photo via Unsplash,(needs description) (Photo via Unsplash),N
https://images.unsplash.com/photo-1569486225049-563ee453b198,unsplash,,,,photo,1,geography-edexcel-b,"Decline, Regeneration & Sustainability in UK Cities",,Photo via Unsplash,(needs description) (Photo via Unsplash),N
https://images.unsplash.com/photo-1611273426858-450d8e3c9fce,unsplash,,,,photo,1,geography-edexcel-b,Energy Futures: Reducing Reliance on Fossil Fuels,,Photo via Unsplash,(needs description) (Photo via Unsplash),N
https://images.unsplash.com/photo-1773624737992-6c7f16a39c9a,unsplash,,,,photo,1,geography-edexcel-b,"Energy: Resources, Access & Demand",,Photo via Unsplash,(needs description) (Photo via Unsplash),N
https://upload.wikimedia.org/wikipedia/commons/e/ee/IGeo_2015_Fieldwork.jpg,wikimedia,CC BY-SA 4.0,SHARE-ALIKE,Breckeg011,photo,1,geography-edexcel-b,Geographical Investigations: Fieldwork & Enquiry,,Photo by Breckeg011 · CC BY-SA 4.0 · Wikimedia Commons,(needs description) (Photo by Breckeg011 · CC BY-SA 4.0 · Wikimedia Commons),N
https://upload.wikimedia.org/wikipedia/commons/8/80/Ecozones_and_biomes_map.jpg,wikimedia,CC BY-SA 2.5,SHARE-ALIKE,"Original created for The Encyclopedia of Earth, specific author attribution not provided (licensed CC-BY-SA 2.5 unless otherwise indicated); derivative work (figure label removed, text re-styled to avoid clipping) by Wikipedia editor Squeamish Ossifrage",photo,1,geography-edexcel-b,Global Biomes & The Biosphere,,"Photo by Original created for The Encyclopedia of Earth, specific author attribution not provided (licensed CC-BY-SA 2.5 unless otherwise indicated); derivative work (figure label removed, text re-styled to avoid clipping) by Wikipedia editor Squeamish Ossifrage · CC BY-SA 2.5 · Wikimedia Commons","(needs description) (Photo by Original created for The Encyclopedia of Earth, specific author attribution not provided (licensed CC-BY-SA 2.5 unless otherwise indicated); derivative work (figure label removed, text re-styled to avoid clipping) by Wikipedia editor Squeamish Ossifrage · CC BY-SA 2.5 · Wikimedia Commons)",N
https://images.unsplash.com/photo-1521295121783-8a321d551ad2,unsplash,,,,photo,1,geography-edexcel-b,Making a Geographical Decision,,Photo via Unsplash,(needs description) (Photo via Unsplash),N
https://upload.wikimedia.org/wikipedia/commons/3/3c/Plate_tectonics_map.jpg,wikimedia,Public domain,FREE,nagualdesign,photo,2,geography-edexcel-b,Plate Tectonics & Hazard Distribution,,Photo by nagualdesign · public domain · Wikimedia Commons,(needs description) (Photo by nagualdesign · public domain · Wikimedia Commons),N
https://images.unsplash.com/photo-1589556183130-530470785fab,unsplash,,,,photo,1,geography-edexcel-b,Protecting Forests: Conservation & Sustainability,,Photo via Unsplash,(needs description) (Photo via Unsplash),N
https://images.unsplash.com/photo-1675395594169-c6b14260e271,unsplash,,,,photo,1,geography-edexcel-b,Sustainable Strategies in a Megacity,,Photo via Unsplash,(needs description) (Photo via Unsplash),N
https://upload.wikimedia.org/wikipedia/commons/e/e2/Ergaki%2C_Stone_run_in_mountain_taiga%2C_Taiga_forest%2C_Sayan_Mountains%2C_Russia.jpg,wikimedia,CC BY 4.0,ATTRIB-REQUIRED,Vyacheslav Argenberg,photo,1,geography-edexcel-b,The Taiga: Adaptations & Threats,,Photo by Vyacheslav Argenberg · CC BY 4.0 · Wikimedia Commons,(needs description) (Photo by Vyacheslav Argenberg · CC BY 4.0 · Wikimedia Commons),N
https://images.unsplash.com/photo-1635002249922-272946a8b677,unsplash,,,,photo,2,geography-eduqas,Causes of Uneven Development,,Photo via Unsplash,(needs description) (Photo via Unsplash),N
https://images.unsplash.com/photo-1557023279-753a4ae10313,unsplash,,,,photo,1,geography-eduqas,"Conclusions, Evaluation & UK Decisions",,Photo via Unsplash,(needs description) (Photo via Unsplash),N
https://images.unsplash.com/photo-1604367463683-66ec57df6cdc,unsplash,,,,photo,1,geography-eduqas,Consumerism & the Environment,,Photo via Unsplash,(needs description) (Photo via Unsplash),N
https://images.unsplash.com/photo-1762654164920-0d0d62065ff8,unsplash,,,,photo,1,geography-eduqas,Contrasting Global Cities,,Photo via Unsplash,(needs description) (Photo via Unsplash),N
https://images.unsplash.com/photo-1609874682388-6c135eb628ba,unsplash,,,,photo,1,geography-eduqas,Distinctive UK Landscapes,,Photo via Unsplash,(needs description) (Photo via Unsplash),N
https://images.unsplash.com/photo-1485617359743-4dc5d2e53c89,unsplash,,,,photo,1,geography-eduqas,Drainage Basins & Flooding,,Photo via Unsplash,(needs description) (Photo via Unsplash),N
https://images.unsplash.com/photo-1762482980280-0aa088720b01,unsplash,,,,photo,1,geography-eduqas,Ecosystems & Biomes,,Photo via Unsplash,(needs description) (Photo via Unsplash),N
https://images.unsplash.com/photo-1688764896407-c5a9ddf45f31,unsplash,,,,photo,1,geography-eduqas,Factors Affecting Landform Change,,Photo via Unsplash,(needs description) (Photo via Unsplash),N
https://images.unsplash.com/photo-1645430786128-1d092f77d5bc,unsplash,,,,photo,1,geography-eduqas,Human Impacts on Ecosystems,,Photo via Unsplash,(needs description) (Photo via Unsplash),N
https://images.unsplash.com/photo-1569163139599-0f4517e36f51,unsplash,,,,photo,1,geography-eduqas,Managing Ecosystems Sustainably,,Photo via Unsplash,(needs description) (Photo via Unsplash),N
https://images.unsplash.com/photo-1684662340840-acaf94033cb8,unsplash,,,,photo,1,geography-eduqas,Managing UK & Global Coastlines,,Photo via Unsplash,(needs description) (Photo via Unsplash),N
https://images.unsplash.com/photo-1589519160732-57fc498494f8,unsplash,,,,photo,1,geography-eduqas,Measuring Global Inequalities,,Photo via Unsplash,(needs description) (Photo via Unsplash),N
https://images.unsplash.com/photo-1661510869955-c948641597ac,unsplash,,,,photo,1,geography-eduqas,Population & Urban Change in the UK,,Photo via Unsplash,(needs description) (Photo via Unsplash),N
https://images.unsplash.com/photo-1509099836639-18ba1795216d,unsplash,,,,photo,1,geography-eduqas,Responses to Uneven Development,,Photo via Unsplash,(needs description) (Photo via Unsplash),N
https://upload.wikimedia.org/wikipedia/commons/3/33/July_26%2C_2012_Studying_impacts_to_bottom_habitats_%287932041092%29.jpg,wikimedia,Public domain,FREE,USEPA Environmental-Protection-Agency,photo,1,geography-eduqas,Restoring & Managing Habitats,,Photo by USEPA Environmental-Protection-Agency · public domain · Wikimedia Commons,(needs description) (Photo by USEPA Environmental-Protection-Agency · public domain · Wikimedia Commons),N
https://images.unsplash.com/photo-1614456908827-7d8be3167389,unsplash,,,,photo,1,geography-eduqas,Retail Change in the UK,,Photo via Unsplash,(needs description) (Photo via Unsplash),N
https://images.unsplash.com/photo-1770843093640-c44ae557928b,unsplash,,,,photo,1,geography-eduqas,Social Challenges in Africa & South Asia,,Photo via Unsplash,(needs description) (Photo via Unsplash),N
https://images.unsplash.com/photo-1617733167814-b4503082fb08,unsplash,,,,photo,1,geography-eduqas,Sustainable UK Cities,,Photo via Unsplash,(needs description) (Photo via Unsplash),N
https://images.unsplash.com/photo-1619266465172-02a857c3556d,unsplash,,,,photo,1,geography-eduqas,Tectonic Processes & Volcanic Landforms,,Photo via Unsplash,(needs description) (Photo via Unsplash),N
https://images.unsplash.com/photo-1503503330041-4cd943d2b61f,unsplash,,,,photo,1,geography-eduqas,The Geographical Enquiry Process,,Photo via Unsplash,(needs description) (Photo via Unsplash),N
https://images.unsplash.com/photo-1565677964896-5af88496090d,unsplash,,,,photo,1,geography-eduqas,UK Climate & Micro-climate,,Photo via Unsplash,(needs description) (Photo via Unsplash),N
https://images.unsplash.com/photo-1619284518317-85b1ab8c7723,unsplash,,,,photo,2,geography-eduqas,UK Regional Inequalities,,Photo via Unsplash,(needs description) (Photo via Unsplash),N
https://images.unsplash.com/photo-1695283254539-eb11430fa007,unsplash,,,,photo,1,geography-eduqas,UK Weather Patterns,,Photo via Unsplash,(needs description) (Photo via Unsplash),N
https://images.unsplash.com/photo-1775944590714-2219e686a90b,unsplash,,,,photo,1,geography-eduqas,Vulnerable Coastlines,,Photo via Unsplash,(needs description) (Photo via Unsplash),N
https://images.unsplash.com/photo-1612052920926-51ca97403a15,unsplash,,,,photo,1,geography-ocr,Causes of Uneven Development,,Photo via Unsplash,(needs description) (Photo via Unsplash),N
https://images.unsplash.com/photo-1651869987248-921b90dd24ee,unsplash,,,,photo,5,geography-ocr,Climate Change Causes & Evidence,,Photo via Unsplash,(needs description) (Photo via Unsplash),N
https://images.unsplash.com/photo-1683228005978-5d05841676e1,unsplash,,,,photo,1,geography-ocr,Coastal Landscapes & Case Study,,Photo via Unsplash,(needs description) (Photo via Unsplash),N
https://images.unsplash.com/photo-1442386967425-6205da77c3ed,unsplash,,,,photo,1,geography-ocr,Coral Reefs Case Study,,Photo via Unsplash,(needs description) (Photo via Unsplash),N
https://images.unsplash.com/photo-1693102812539-c2447542481d,unsplash,,,,photo,1,geography-ocr,"Drought, El Nino & Adaptation",,Photo via Unsplash,(needs description) (Photo via Unsplash),N
https://upload.wikimedia.org/wikipedia/commons/6/64/Seawifs_global_biosphere_Centered_on_the_Pacific.jpg,wikimedia,Public domain,FREE,unknown artist,photo,1,geography-ocr,Ecosystems & Global Distribution,,Photo by unknown artist · public domain · Wikimedia Commons,(needs description) (Photo by unknown artist · public domain · Wikimedia Commons),N
https://images.unsplash.com/photo-1630260667842-830a17d12ec9,unsplash,,,,photo,1,geography-ocr,Global Atmosphere & Extreme Weather,,Photo via Unsplash,(needs description) (Photo via Unsplash),N
https://images.unsplash.com/photo-1648023199223-25d3622bcb13,unsplash,,,,photo,1,geography-ocr,Global Urbanisation & Megacities,,Photo via Unsplash,(needs description) (Photo via Unsplash),N
https://images.unsplash.com/photo-1681415722812-32f3c1e9f865,unsplash,,,,photo,1,geography-ocr,Humans Modifying UK Ecosystems,,Photo via Unsplash,(needs description) (Photo via Unsplash),N
https://images.unsplash.com/photo-1569706971306-de5d78f6418e,unsplash,,,,photo,1,geography-ocr,LIDC/EDC Country Case Study,,Photo via Unsplash,(needs description) (Photo via Unsplash),N
https://images.unsplash.com/photo-1604777284166-7f968dcb89b5,unsplash,,,,photo,1,geography-ocr,River Landscapes & Case Study,,Photo via Unsplash,(needs description) (Photo via Unsplash),N
https://images.unsplash.com/photo-1601412928796-71c3a10c31a2,unsplash,,,,photo,1,geography-ocr,The UK in the Wider World,,Photo via Unsplash,(needs description) (Photo via Unsplash),N
https://images.unsplash.com/photo-1601759759301-0838d639741f,unsplash,,,,photo,3,geography-ocr,"UK Diversity, Inequality & Development",,Photo via Unsplash,(needs description) (Photo via Unsplash),N
https://images.unsplash.com/photo-1586366461834-d2d65d725a2e,unsplash,,,,photo,1,geography-ocr,"UK Energy: Sources, Security & Future",,Photo via Unsplash,(needs description) (Photo via Unsplash),N
https://images.unsplash.com/photo-1684106709762-3ce52a9099e3,unsplash,,,,photo,1,geography-ocr,UK Landscapes & Geomorphic Processes,,Photo via Unsplash,(needs description) (Photo via Unsplash),N
https://images.unsplash.com/photo-1570070312145-d93b1510877d,unsplash,,,,photo,1,geography-ocr,UK Population & Migration,,Photo via Unsplash,(needs description) (Photo via Unsplash),N
https://upload.wikimedia.org/wikipedia/commons/b/b0/2005_Carlisle_floods.jpg,wikimedia,CC BY 2.0,ATTRIB-REQUIRED,ad551,photo,1,geography-ocr,"UK Weather, Climate & Flood Hazards",,Photo by ad551 · CC BY 2.0 · Wikimedia Commons,(needs description) (Photo by ad551 · CC BY 2.0 · Wikimedia Commons),N
https://images.unsplash.com/photo-1676545228858-b4d9de95704b,unsplash,,,,photo,1,geology-eduqas,Absolute Dating and Radioactive Decay,,Photo via Unsplash,(needs description) (Photo via Unsplash),N
https://upload.wikimedia.org/wikipedia/commons/1/1c/Ice-core_drill_hg.jpg,wikimedia,CC BY-SA 2.5,SHARE-ALIKE,"Hannes Grobe, Alfred Wegener Institute for Polar and Marine Research",photo,1,geology-eduqas,Atmospheric Carbon Dioxide and Climate Feedbacks,,"Photo by Hannes Grobe, Alfred Wegener Institute for Polar and Marine Research · CC BY-SA 2.5 · Wikimedia Commons","(needs description) (Photo by Hannes Grobe, Alfred Wegener Institute for Polar and Marine Research · CC BY-SA 2.5 · Wikimedia Commons)",N
https://images.unsplash.com/photo-1771422957555-b6b5f9c3d67a,unsplash,,,,photo,1,geology-eduqas,Deep Time and the Age of the Earth,,Photo via Unsplash,(needs description) (Photo via Unsplash),N
https://images.unsplash.com/photo-1635068741358-ab1b9813623f,unsplash,,,,photo,1,geology-eduqas,"Earth Hazards: Earthquakes, Eruptions, Landslides and Tsunamis",,Photo via Unsplash,(needs description) (Photo via Unsplash),N
https://upload.wikimedia.org/wikipedia/commons/1/17/Slickenlined_fault_surface_%28Roberts_Mountain_Thrust_Fault%3B_near_Cortez_Gold_Mine%2C_Nevada%2C_USA%29.jpg,wikimedia,CC BY 2.0,ATTRIB-REQUIRED,James St. John,photo,1,geology-eduqas,Faults and Fault Displacement,,Photo by James St. John · CC BY 2.0 · Wikimedia Commons,(needs description) (Photo by James St. John · CC BY 2.0 · Wikimedia Commons),N
https://upload.wikimedia.org/wikipedia/commons/d/d3/Copper_Creek_Thrust_Fault_%28Thorn_Hill_section%2C_northeastern_Tennessee%2C_USA%29_9.jpg,wikimedia,CC BY 2.0,ATTRIB-REQUIRED,James St. John,photo,1,geology-eduqas,Folding and Tectonic Stress,,Photo by James St. John · CC BY 2.0 · Wikimedia Commons,(needs description) (Photo by James St. John · CC BY 2.0 · Wikimedia Commons),N
https://images.unsplash.com/photo-1581092580497-e0d23cbdf1dc,unsplash,,,,photo,2,geology-eduqas,Geology and Civil Engineering,,Photo via Unsplash,(needs description) (Photo via Unsplash),N
https://images.unsplash.com/photo-1760651691812-c2ec93e69e92,unsplash,,,,photo,1,geology-eduqas,How Minerals Form,,Photo via Unsplash,(needs description) (Photo via Unsplash),N
https://images.unsplash.com/photo-1551866265-f7ded2277666,unsplash,,,,photo,1,geology-eduqas,Icehouse and Greenhouse Earth,,Photo via Unsplash,(needs description) (Photo via Unsplash),N
https://images.unsplash.com/photo-1636866677586-380a823bdf3b,unsplash,,,,photo,1,geology-eduqas,"Igneous Rocks: Texture, Mineralogy and Classification",,Photo via Unsplash,(needs description) (Photo via Unsplash),N
https://upload.wikimedia.org/wikipedia/commons/0/0c/Barringer_Crater_aerial_photo_by_USGS.jpg,wikimedia,Public domain,FREE,USGS/D. Roddy,photo,1,geology-eduqas,"Impacts, Craters and Planetary History",,Photo by USGS/D. Roddy · public domain · Wikimedia Commons,(needs description) (Photo by USGS/D. Roddy · public domain · Wikimedia Commons),N
https://images.unsplash.com/photo-1603714196939-6f6436c8d0c5,unsplash,,,,photo,1,geology-eduqas,"Investigative Geology: Maps, Fieldwork and Practical Skills",,Photo via Unsplash,(needs description) (Photo via Unsplash),N
https://images.unsplash.com/photo-1616860895045-13553f397d64,unsplash,,,,photo,1,geology-eduqas,"Magma, Volcanoes and Igneous Bodies",,Photo via Unsplash,(needs description) (Photo via Unsplash),N
https://upload.wikimedia.org/wikipedia/commons/c/cf/Metamorphic_rock_Georgian_Bay.jpg,wikimedia,CC BY-SA 4.0,SHARE-ALIKE,P199,photo,1,geology-eduqas,"Metamorphic Rocks: Heat, Pressure and Texture",,Photo by P199 · CC BY-SA 4.0 · Wikimedia Commons,(needs description) (Photo by P199 · CC BY-SA 4.0 · Wikimedia Commons),N
https://images.unsplash.com/photo-1727071096573-186b3085b307,unsplash,,,,photo,1,geology-eduqas,Mineral Resources and Reserves,,Photo via Unsplash,(needs description) (Photo via Unsplash),N
https://images.unsplash.com/photo-1597309656105-14e5bc3350f7,unsplash,,,,photo,1,geology-eduqas,Minerals: Properties and Identification,,Photo via Unsplash,(needs description) (Photo via Unsplash),N
https://images.unsplash.com/photo-1516199423456-1f1e91b06f25,unsplash,,,,photo,3,geology-eduqas,"Oil, Gas and Energy Resources",,Photo via Unsplash,(needs description) (Photo via Unsplash),N
https://upload.wikimedia.org/wikipedia/commons/5/5c/Phobos_colour_2008.jpg,wikimedia,Public domain,FREE,NASA / JPL-Caltech / University of Arizona,photo,1,geology-eduqas,Planetary Geology: Earth and Its Neighbours,,Photo by NASA / JPL-Caltech / University of Arizona · public domain · Wikimedia Commons,(needs description) (Photo by NASA / JPL-Caltech / University of Arizona · public domain · Wikimedia Commons),N
https://upload.wikimedia.org/wikipedia/commons/3/3f/The_HoloGlobe_Project_%28Version_3%29_%28SVS155_-_plate_boundaries%29.jpg,wikimedia,Public domain,FREE,"NASA's Scientific Visualization Studio - Horace Mitchell, Alex Kekesi, Andy Acuna, Barbara Summey, Brian Tighe, Jim Strong, John Cavallo, Kannappan Palaniappan, Liam Krauss, Marit Jentoft-Nilsen, Tom Watters, Fritz Hasler, James Earl Jones",photo,1,geology-eduqas,Plate Boundaries and Their Products,,"Photo by NASA's Scientific Visualization Studio - Horace Mitchell, Alex Kekesi, Andy Acuna, Barbara Summey, Brian Tighe, Jim Strong, John Cavallo, Kannappan Palaniappan, Liam Krauss, Marit Jentoft-Nilsen, Tom Watters, Fritz Hasler, James Earl Jones · public domain · Wikimedia Commons","(needs description) (Photo by NASA's Scientific Visualization Studio - Horace Mitchell, Alex Kekesi, Andy Acuna, Barbara Summey, Brian Tighe, Jim Strong, John Cavallo, Kannappan Palaniappan, Liam Krauss, Marit Jentoft-Nilsen, Tom Watters, Fritz Hasler, James Earl Jones · public domain · Wikimedia Commons)",N
https://upload.wikimedia.org/wikipedia/commons/4/41/Seismogram_on_historical_seismometer_at_Institute_of_Geophysis_of_the_Czech_Academy_of_Science_%2812%29.jpg,wikimedia,CC BY-SA 4.0,SHARE-ALIKE,Petr Brož (Czech Academy of Science),photo,1,geology-eduqas,Predicting and Mitigating Earth Hazards,,Photo by Petr Brož (Czech Academy of Science) · CC BY-SA 4.0 · Wikimedia Commons,(needs description) (Photo by Petr Brož (Czech Academy of Science) · CC BY-SA 4.0 · Wikimedia Commons),N
https://upload.wikimedia.org/wikipedia/commons/b/bb/Drowned_forest_at_Borth_-_geograph.org.uk_-_45546.jpg,wikimedia,CC BY-SA 2.0,SHARE-ALIKE,Bob Bowyer,photo,1,geology-eduqas,Sea Level Change and Drowned Forests,,Photo by Bob Bowyer · CC BY-SA 2.0 · Wikimedia Commons,(needs description) (Photo by Bob Bowyer · CC BY-SA 2.0 · Wikimedia Commons),N
https://images.unsplash.com/photo-1714199255728-0c8b79daf500,unsplash,,,,photo,1,geology-eduqas,Sedimentary Rocks and Environments of Deposition,,Photo via Unsplash,(needs description) (Photo via Unsplash),N
https://images.unsplash.com/photo-1727641169838-ec5383dbe303,unsplash,,,,photo,1,geology-eduqas,Stratigraphic Principles and Relative Dating,,Photo via Unsplash,(needs description) (Photo via Unsplash),N
https://images.unsplash.com/photo-1711330153931-1971d0a99ed0,unsplash,,,,photo,1,geology-eduqas,The Origin and Development of Life,,Photo via Unsplash,(needs description) (Photo via Unsplash),N
https://upload.wikimedia.org/wikipedia/commons/4/41/Crooked_River_%2837271139176%29.jpg,wikimedia,Public domain,FREE,"Bureau of Land Management Oregon and Washington from Portland, America",photo,1,geology-eduqas,The Rock Cycle,,"Photo by Bureau of Land Management Oregon and Washington from Portland, America · public domain · Wikimedia Commons","(needs description) (Photo by Bureau of Land Management Oregon and Washington from Portland, America · public domain · Wikimedia Commons)",N
https://upload.wikimedia.org/wikipedia/commons/5/54/Mississippian-Pennsylvanian_unconformity_%28%22Sharon%22_Conglomerate_over_Logan_Formation%3B_Jackson_North_roadcut%2C_Ohio%2C_USA%29_24_%2837477840256%29.jpg,wikimedia,CC BY 2.0,ATTRIB-REQUIRED,James St. John,photo,1,geology-eduqas,Unconformities and Reading 3D Structures,,Photo by James St. John · CC BY 2.0 · Wikimedia Commons,(needs description) (Photo by James St. John · CC BY 2.0 · Wikimedia Commons),N
https://images.unsplash.com/photo-1639373285560-e2980db68bf6,unsplash,,,,photo,1,geology-eduqas,"Water, Aquifers and Waste",,Photo via Unsplash,(needs description) (Photo via Unsplash),N
https://images.unsplash.com/photo-1517055313140-2dfe513e38e9,unsplash,,,,photo,1,geology-eduqas,"Weathering, Erosion and Sediment Transport",,Photo via Unsplash,(needs description) (Photo via Unsplash),N
https://images.unsplash.com/photo-1711017526874-1e82da53680e,unsplash,,,,photo,1,geology-eduqas,Zone Fossils and Correlation,,Photo via Unsplash,(needs description) (Photo via Unsplash),N
https://pub-aeb94e100e5a48f4a133be5bf206aecb.r2.dev/german/communication-and-world/lesson-02-hero.jpg,r2,,,,photo,2,german,Accommodation and Hotels,,Photo via Unsplash,(needs description) (Photo via Unsplash),N
https://upload.wikimedia.org/wikipedia/commons/d/d7/Clarissa_und_Michael_K%C3%A4fer_Stiftung.jpg,wikimedia,CC BY-SA 4.0,SHARE-ALIKE,Feinkost Käfer,photo,2,german,Celebrity Culture and Role Models,,Photo by Feinkost Käfer · CC BY-SA 4.0 · Wikimedia Commons,(needs description) (Photo by Feinkost Käfer · CC BY-SA 4.0 · Wikimedia Commons),N
https://pub-aeb94e100e5a48f4a133be5bf206aecb.r2.dev/german/people-and-lifestyle/lesson-08-hero.jpg,r2,,,,photo,2,german,"Health, Fitness and Lifestyle",,Photo via Unsplash,(needs description) (Photo via Unsplash),N
https://pub-aeb94e100e5a48f4a133be5bf206aecb.r2.dev/german/communication-and-world/lesson-01-hero.jpg,r2,,,,photo,2,german,Holidays and Travel Plans,,Photo via Unsplash,(needs description) (Photo via Unsplash),N
https://pub-aeb94e100e5a48f4a133be5bf206aecb.r2.dev/german/communication-and-world/lesson-06-hero.jpg,r2,,,,photo,2,german,My House and Home,,Photo via Unsplash,(needs description) (Photo via Unsplash),N
https://pub-aeb94e100e5a48f4a133be5bf206aecb.r2.dev/german/communication-and-world/lesson-07-hero.jpg,r2,,,,photo,2,german,My Town and Local Area,,Photo via Unsplash,(needs description) (Photo via Unsplash),N
https://pub-aeb94e100e5a48f4a133be5bf206aecb.r2.dev/german/people-and-lifestyle/lesson-05-hero.jpg,r2,,,,photo,2,german,"Relationships, Marriage and Future Plans",,Photo via Unsplash,(needs description) (Photo via Unsplash),N
https://images.unsplash.com/photo-1772115258463-554e95b7018d,unsplash,,,,photo,2,german,"School Life, Rules and Uniform",,Photo via Unsplash,(needs description) (Photo via Unsplash),N
https://pub-aeb94e100e5a48f4a133be5bf206aecb.r2.dev/german/people-and-lifestyle/lesson-09-hero.jpg,r2,,,,photo,2,german,School Subjects and Opinions,,Photo via Unsplash,(needs description) (Photo via Unsplash),N
https://pub-aeb94e100e5a48f4a133be5bf206aecb.r2.dev/german/popular-culture/lesson-02-hero.jpg,r2,,,,photo,3,german,Sport and Exercise,,Photo via Unsplash,(needs description) (Photo via Unsplash),N
https://pub-aeb94e100e5a48f4a133be5bf206aecb.r2.dev/german/communication-and-world/lesson-05-hero.jpg,r2,,,,photo,4,german,Technology and Social Media,,Photo via Unsplash,(needs description) (Photo via Unsplash),N
https://pub-aeb94e100e5a48f4a133be5bf206aecb.r2.dev/german/communication-and-world/lesson-08-hero.jpg,r2,,,,photo,2,german,The Environment and Global Issues,,Photo via Unsplash,(needs description) (Photo via Unsplash),N
https://pub-aeb94e100e5a48f4a133be5bf206aecb.r2.dev/german/communication-and-world/lesson-03-hero.jpg,r2,,,,photo,2,german,Transport and Directions,,Photo via Unsplash,(needs description) (Photo via Unsplash),N
https://pub-aeb94e100e5a48f4a133be5bf206aecb.r2.dev/german/communication-and-world/lesson-04-hero.jpg,r2,,,,photo,2,german,Weather and Holiday Activities,,Photo via Unsplash,(needs description) (Photo via Unsplash),N
https://pub-aeb94e100e5a48f4a133be5bf206aecb.r2.dev/german/popular-culture/lesson-06-hero.jpg,r2,,,,photo,2,german-aqa,Customs and Daily Life in German-Speaking Countries,,Photo via Unsplash,(needs description) (Photo via Unsplash),N
https://pub-aeb94e100e5a48f4a133be5bf206aecb.r2.dev/german/popular-culture/lesson-04-hero.jpg,r2,,,,photo,2,german-aqa,Eating Out and Restaurant Conversations,,Photo via Unsplash,(needs description) (Photo via Unsplash),N
https://images.unsplash.com/photo-1661804115410-563bb8270119,unsplash,,,,photo,2,german-aqa,Family Members and Relationships,,Photo via Unsplash,(needs description) (Photo via Unsplash),N
https://pub-aeb94e100e5a48f4a133be5bf206aecb.r2.dev/german/people-and-lifestyle/lesson-06-hero.jpg,r2,,,,photo,2,german-aqa,Food and Drink,,Photo via Unsplash,(needs description) (Photo via Unsplash),N
https://pub-aeb94e100e5a48f4a133be5bf206aecb.r2.dev/german/popular-culture/lesson-01-hero.jpg,r2,,,,photo,2,german-aqa,Free-Time Activities and Hobbies,,Photo via Unsplash,(needs description) (Photo via Unsplash),N
https://images.unsplash.com/photo-1506869640319-fe1a24fd76dc,unsplash,,,,photo,2,german-aqa,Friendships and Ideal Friends,,Photo via Unsplash,(needs description) (Photo via Unsplash),N
https://pub-aeb94e100e5a48f4a133be5bf206aecb.r2.dev/german/popular-culture/lesson-05-hero.jpg,r2,,,,photo,2,german-aqa,German Festivals and Celebrations,,Photo via Unsplash,(needs description) (Photo via Unsplash),N
https://pub-aeb94e100e5a48f4a133be5bf206aecb.r2.dev/german/people-and-lifestyle/lesson-07-hero.jpg,r2,,,,photo,3,german-aqa,Healthy and Unhealthy Eating,,Photo via Unsplash,(needs description) (Photo via Unsplash),N
https://pub-aeb94e100e5a48f4a133be5bf206aecb.r2.dev/german/popular-culture/lesson-03-hero.jpg,r2,,,,photo,2,german-aqa,"Music, Film and Television",,Photo via Unsplash,(needs description) (Photo via Unsplash),N
https://images.unsplash.com/photo-1625200968350-18e2dca80914,unsplash,,,,photo,2,german-aqa,Personality and Character,,Photo via Unsplash,(needs description) (Photo via Unsplash),N
https://images.unsplash.com/photo-1522335789203-aabd1fc54bc9,unsplash,,,,photo,2,german-aqa,Physical Appearance,,Photo via Unsplash,(needs description) (Photo via Unsplash),N
https://pub-aeb94e100e5a48f4a133be5bf206aecb.r2.dev/german/popular-culture/lesson-08-hero.jpg,r2,,,,photo,2,german-aqa,Social Media and Online Life,,Photo via Unsplash,(needs description) (Photo via Unsplash),N
https://images.unsplash.com/photo-1536407078615-9fd99f2915c8,unsplash,,,,photo,1,health-social-care-edexcel,Barriers & Obstacles to Health,,Photo via Unsplash,(needs description) (Photo via Unsplash),N
https://images.unsplash.com/photo-1554154076-cb7209d9e30e,unsplash,,,,photo,1,health-social-care-edexcel,Environmental Factors & Life Events,,Photo via Unsplash,(needs description) (Photo via Unsplash),N
https://images.unsplash.com/photo-1687787460556-d7801c566522,unsplash,,,,photo,2,health-social-care-edexcel,Human Lifespan Development,,Photo via Unsplash,(needs description) (Photo via Unsplash),N
https://images.unsplash.com/photo-1535231540604-72e8fbaf8cdb,unsplash,,,,photo,1,health-social-care-edexcel,Life Events & Coping with Change,,Photo via Unsplash,(needs description) (Photo via Unsplash),N
https://images.unsplash.com/photo-1682706841297-5524ba1faa9c,unsplash,,,,photo,1,health-social-care-edexcel,Physiological Health Indicators,,Photo via Unsplash,(needs description) (Photo via Unsplash),N
https://images.unsplash.com/photo-1758599878772-fca5a727a9e0,unsplash,,,,photo,2,health-social-care-edexcel,Recommendations to Improve Health,,Photo via Unsplash,(needs description) (Photo via Unsplash),N
https://images.unsplash.com/photo-1676285437506-3ad6aa7d7cad,unsplash,,,,photo,1,health-social-care-edexcel,"Social, Cultural & Economic Factors",,Photo via Unsplash,(needs description) (Photo via Unsplash),N
https://images.unsplash.com/photo-1568602471122-7832951cc4c5,unsplash,,,,photo,1,health-social-care-edexcel,The Person-Centred Approach,,Photo via Unsplash,(needs description) (Photo via Unsplash),N
https://images.unsplash.com/photo-1593086586351-1673fca190cf,unsplash,,,,photo,1,health-social-care-eduqas,"Defining Health, Illness, Disease & Well-being",,Photo via Unsplash,(needs description) (Photo via Unsplash),N
https://images.unsplash.com/photo-1603572298498-848f70a46d29,unsplash,,,,photo,1,health-social-care-eduqas,Factors Shaping Self-Concept & Strategies for Resilience,,Photo via Unsplash,(needs description) (Photo via Unsplash),N
https://images.unsplash.com/photo-1501770118606-b1d640526693,unsplash,,,,photo,1,health-social-care-eduqas,Formal & Informal Support When Milestones Aren't Reached,,Photo via Unsplash,(needs description) (Photo via Unsplash),N
https://upload.wikimedia.org/wikipedia/commons/9/9e/Southern_Vectis_1052_YU52_XVM_and_1053_YU52_XVN_rears.JPG,wikimedia,CC BY-SA 3.0,SHARE-ALIKE,Editor5807,photo,1,health-social-care-eduqas,"Health Campaigns, Methods & Current Initiatives",,Photo by Editor5807 · CC BY-SA 3.0 · Wikimedia Commons,(needs description) (Photo by Editor5807 · CC BY-SA 3.0 · Wikimedia Commons),N
https://pub-aeb94e100e5a48f4a133be5bf206aecb.r2.dev/sociology-eduqas/cultural-transmission-research-methods/lesson-02-hero.jpg,r2,,,,photo,1,health-social-care-eduqas,Intellectual (Cognitive) Development — Piaget & Kohlberg,,Photo via Unsplash,(needs description) (Photo via Unsplash),N
https://images.unsplash.com/photo-1723433892471-62f113c8c9a0,unsplash,,,,photo,2,health-social-care-eduqas,Life Factors — What Shapes Health Across the Lifespan,,Photo via Unsplash,(needs description) (Photo via Unsplash),N
https://images.unsplash.com/photo-1434494878577-86c23bcb06b9,unsplash,,,,photo,1,health-social-care-eduqas,Physical Indicators of Health & Interpreting Data,,Photo via Unsplash,(needs description) (Photo via Unsplash),N
https://images.unsplash.com/photo-1766898211665-290ef71c1626,unsplash,,,,photo,1,health-social-care-eduqas,"Promoting Health & Well-being — Role, Purpose & Supporting Individuals",,Photo via Unsplash,(needs description) (Photo via Unsplash),N
https://images.unsplash.com/photo-1614113036347-9f60df80730a,unsplash,,,,photo,1,health-social-care-eduqas,"Social & Emotional Development — Bowlby, Ainsworth & Burke",,Photo via Unsplash,(needs description) (Photo via Unsplash),N
https://pub-aeb94e100e5a48f4a133be5bf206aecb.r2.dev/french-aqa/popular-culture/lesson-03-hero.jpg,r2,,,,photo,1,health-social-care-eduqas,The Five Life Stages & Their Developmental Milestones,,Photo via Unsplash,(needs description) (Photo via Unsplash),N
https://images.unsplash.com/photo-1765896387387-0538bc9f997e,unsplash,,,,photo,1,health-social-care-ocr,Benefits of Applying Person-Centred Values,,Photo via Unsplash,(needs description) (Photo via Unsplash),N
https://images.unsplash.com/photo-1616286608358-0e1b143f7d2f,unsplash,,,,photo,1,health-social-care-ocr,Benefits to Health & Wellbeing When Rights Are Maintained,,Photo via Unsplash,(needs description) (Photo via Unsplash),N
https://images.unsplash.com/photo-1543333995-a78aea2eee50,unsplash,,,,photo,1,health-social-care-ocr,Care Settings & The Rights of Service Users,,Photo via Unsplash,(needs description) (Photo via Unsplash),N
https://images.unsplash.com/photo-1553803103-63d066a73017,unsplash,,,,photo,1,health-social-care-ocr,Effects on Wellbeing When Person-Centred Values Are NOT Applied,,Photo via Unsplash,(needs description) (Photo via Unsplash),N
https://images.unsplash.com/photo-1625921133280-9dc629b21c77,unsplash,,,,photo,1,health-social-care-ocr,Infection Prevention,,Photo via Unsplash,(needs description) (Photo via Unsplash),N
https://images.unsplash.com/photo-1604313477128-4e121c72c5ab,unsplash,,,,photo,1,health-social-care-ocr,Non-Verbal Communication & Active Listening,,Photo via Unsplash,(needs description) (Photo via Unsplash),N
https://images.unsplash.com/photo-1765896387398-1e1ae8d2eb85,unsplash,,,,photo,1,health-social-care-ocr,Person-Centred Values,,Photo via Unsplash,(needs description) (Photo via Unsplash),N
https://images.unsplash.com/photo-1773227057385-670ca05191da,unsplash,,,,photo,1,health-social-care-ocr,Safeguarding in Care Settings,,Photo via Unsplash,(needs description) (Photo via Unsplash),N
https://images.unsplash.com/photo-1762955911431-4c44c7c3f408,unsplash,,,,photo,1,health-social-care-ocr,"Safety Procedures, Measures & Security",,Photo via Unsplash,(needs description) (Photo via Unsplash),N
https://images.unsplash.com/photo-1667581278300-a4035a2a5cd8,unsplash,,,,photo,1,health-social-care-ocr,Special Methods of Communication,,Photo via Unsplash,(needs description) (Photo via Unsplash),N
https://images.unsplash.com/photo-1765896387377-e293914d1e69,unsplash,,,,photo,1,health-social-care-ocr,The 6Cs — Qualities of a Service Practitioner,,Photo via Unsplash,(needs description) (Photo via Unsplash),N
https://images.unsplash.com/photo-1758691462814-485c3672e447,unsplash,,,,photo,1,health-social-care-ocr,The Importance & Impact of Effective Communication,,Photo via Unsplash,(needs description) (Photo via Unsplash),N
https://images.unsplash.com/photo-1706806595208-0e823368f240,unsplash,,,,photo,1,health-social-care-ocr,Verbal Communication Skills,,Photo via Unsplash,(needs description) (Photo via Unsplash),N
https://pub-aeb94e100e5a48f4a133be5bf206aecb.r2.dev/history/america/lesson-04-hero.jpg,r2,,,,photo,1,history,A Divided Society,,Photo via Unsplash,(needs description) (Photo via Unsplash),N
https://pub-aeb94e100e5a48f4a133be5bf206aecb.r2.dev/history/america/lesson-15-hero.jpg,r2,,,,photo,1,history,America by 1973: Opportunity & Inequality,,Photo via Unsplash,(needs description) (Photo via Unsplash),N
https://pub-aeb94e100e5a48f4a133be5bf206aecb.r2.dev/history/health-people/lesson-09-hero.jpg,r2,,,,photo,2,history,Anaesthetics & Antiseptics,,Photo via Unsplash,(needs description) (Photo via Unsplash),N
https://pub-aeb94e100e5a48f4a133be5bf206aecb.r2.dev/history/conflict-tension/lesson 12 hero.jpeg,generated,,generated,,generated (original),3,history,Appeasement & the Sudetenland,"A formal, empty meeting hall with a long table and an overturned chair",StudyVault illustration,"A formal, empty meeting hall with a long table and an overturned chair (StudyVault illustration)",N
https://pub-aeb94e100e5a48f4a133be5bf206aecb.r2.dev/history/elizabethan/lesson-06-hero.jpg,r2,,,,photo,1,history,Catholic Plots Against Elizabeth,,Photo via Unsplash,(needs description) (Photo via Unsplash),N
https://pub-aeb94e100e5a48f4a133be5bf206aecb.r2.dev/history/america/lesson-12-hero.jpg,r2,,,,photo,3,history,"Civil Rights: King, Malcolm X & Black Power",,Photo via Unsplash,(needs description) (Photo via Unsplash),N
https://pub-aeb94e100e5a48f4a133be5bf206aecb.r2.dev/history/america/lesson-11-hero.jpg,r2,,,,photo,3,history,Civil Rights: Segregation & Early Campaigns,,Photo via Unsplash,(needs description) (Photo via Unsplash),N
https://pub-aeb94e100e5a48f4a133be5bf206aecb.r2.dev/history/health-people/lesson-06-hero.jpg,r2,,,,photo,2,history,Continuity & Change in Medicine,,Photo via Unsplash,(needs description) (Photo via Unsplash),N
https://pub-aeb94e100e5a48f4a133be5bf206aecb.r2.dev/history/elizabethan/lesson-03-hero.jpg,r2,,,,photo,2,history,"Court, Government & Parliament",,Photo via Unsplash,(needs description) (Photo via Unsplash),N
https://pub-aeb94e100e5a48f4a133be5bf206aecb.r2.dev/history/elizabethan/lesson-11-hero.jpg,r2,,,,photo,2,history,Elizabethan Exploration,,Photo via Unsplash,(needs description) (Photo via Unsplash),N
https://pub-aeb94e100e5a48f4a133be5bf206aecb.r2.dev/history/elizabethan/lesson-01-hero.jpg,r2,,,,photo,1,history,Elizabeth’s Accession & Early Problems,,Photo via Unsplash,(needs description) (Photo via Unsplash),N
https://pub-aeb94e100e5a48f4a133be5bf206aecb.r2.dev/history/conflict-tension/lesson 10 hero.jpg,r2,,,,photo,2,history,Hitler’s Aims & Rearmament,,Photo via Unsplash,(needs description) (Photo via Unsplash),N
https://pub-aeb94e100e5a48f4a133be5bf206aecb.r2.dev/history/health-people/lesson-07-hero.jpg,r2,,,,photo,4,history,Jenner & the Smallpox Vaccine,,Photo via Unsplash,(needs description) (Photo via Unsplash),N
https://pub-aeb94e100e5a48f4a133be5bf206aecb.r2.dev/history/america/lesson-13-hero.jpg,r2,,,,photo,2,history,"Kennedy, Johnson & the Great Society",,Photo via Unsplash,(needs description) (Photo via Unsplash),N
https://pub-aeb94e100e5a48f4a133be5bf206aecb.r2.dev/history/america/lesson-06-hero.jpg,r2,,,,photo,3,history,Life in the Great Depression,,Photo via Unsplash,(needs description) (Photo via Unsplash),N
https://pub-aeb94e100e5a48f4a133be5bf206aecb.r2.dev/history/conflict-tension/lesson 7 hero.jpg,generated,,generated,,generated (original),3,history,Locarno & the Kellogg-Briand Pact,"A formal hall with a table laid with quills, inkwells, and rolled documents",StudyVault illustration,"A formal hall with a table laid with quills, inkwells, and rolled documents (StudyVault illustration)",N
https://pub-aeb94e100e5a48f4a133be5bf206aecb.r2.dev/history/health-people/lesson-11-hero.jpg,r2,,,,photo,2,history,Magic Bullets & Penicillin,,Photo via Unsplash,(needs description) (Photo via Unsplash),N
https://pub-aeb94e100e5a48f4a133be5bf206aecb.r2.dev/history/elizabethan/lesson-05-hero.jpg,r2,,,,photo,3,history,"Mary, Queen of Scots",,Photo via Unsplash,(needs description) (Photo via Unsplash),N
https://pub-aeb94e100e5a48f4a133be5bf206aecb.r2.dev/history/america/lesson-10-hero.jpg,r2,,,,photo,2,history,McCarthyism & the Red Scare,,Photo via Unsplash,(needs description) (Photo via Unsplash),N
https://pub-aeb94e100e5a48f4a133be5bf206aecb.r2.dev/history/health-people/lesson-03-hero.jpg,r2,,,,photo,2,history,Medieval Surgery & Hospitals,,Photo via Unsplash,(needs description) (Photo via Unsplash),N
https://pub-aeb94e100e5a48f4a133be5bf206aecb.r2.dev/history/health-people/lesson-02-hero.jpg,r2,,,,photo,3,history,Medieval Treatments & the Church,,Photo via Unsplash,(needs description) (Photo via Unsplash),N
https://pub-aeb94e100e5a48f4a133be5bf206aecb.r2.dev/history/health-people/lesson-15-hero.jpg,r2,,,,photo,2,history,Modern Public Health Challenges,,Photo via Unsplash,(needs description) (Photo via Unsplash),N
https://pub-aeb94e100e5a48f4a133be5bf206aecb.r2.dev/history/america/lesson-09-hero.jpg,r2,,,,photo,1,history,Post-War Prosperity & Popular Culture,,Photo via Unsplash,(needs description) (Photo via Unsplash),N
https://pub-aeb94e100e5a48f4a133be5bf206aecb.r2.dev/history/america/lesson-03-hero.jpg,r2,,,,photo,2,history,Prohibition & Organised Crime,,Photo via Unsplash,(needs description) (Photo via Unsplash),N
https://pub-aeb94e100e5a48f4a133be5bf206aecb.r2.dev/history/health-people/lesson-10-hero.jpg,r2,,,,photo,1,history,Public Health: Industrial Britain,,Photo via Unsplash,(needs description) (Photo via Unsplash),N
https://pub-aeb94e100e5a48f4a133be5bf206aecb.r2.dev/history/conflict-tension/lesson 3 hero.jpg,r2,,,,photo,1,history,Reactions to the Treaty,,Photo via Unsplash,(needs description) (Photo via Unsplash),N
https://pub-aeb94e100e5a48f4a133be5bf206aecb.r2.dev/history/conflict-tension/lesson 11 hero.jpg,r2,,,,photo,2,history,Remilitarisation of the Rhineland,,Photo via Unsplash,(needs description) (Photo via Unsplash),N
https://pub-aeb94e100e5a48f4a133be5bf206aecb.r2.dev/history/conflict-tension/lesson 15 hero.jpg,r2,,,,photo,1,history,Responsibility for WWII,,Photo via Unsplash,(needs description) (Photo via Unsplash),N
https://pub-aeb94e100e5a48f4a133be5bf206aecb.r2.dev/history/america/lesson-02-hero.jpg,r2,,,,photo,2,history,"Society, Culture & Women in the 1920s",,Photo via Unsplash,(needs description) (Photo via Unsplash),N
https://pub-aeb94e100e5a48f4a133be5bf206aecb.r2.dev/history/america/lesson-01-hero.jpg,r2,,,,line-and-wash,4,history,The 1920s Boom,Workers assemble components on a factory assembly line,Illustration after a photo via Unsplash,Workers assemble components on a factory assembly line (Illustration after a photo via Unsplash),N
https://pub-aeb94e100e5a48f4a133be5bf206aecb.r2.dev/history/conflict-tension/lesson 9 hero.jpg,r2,,,,photo,1,history,The Abyssinian Crisis,,Photo via Unsplash,(needs description) (Photo via Unsplash),N
https://pub-aeb94e100e5a48f4a133be5bf206aecb.r2.dev/history/elizabethan/lesson-13-hero.jpg,r2,,,,photo,2,history,The Essex Rebellion,,Photo via Unsplash,(needs description) (Photo via Unsplash),N
https://pub-aeb94e100e5a48f4a133be5bf206aecb.r2.dev/history/america/lesson-14-hero.jpg,r2,,,,photo,1,history,The Feminist Movement,,Photo via Unsplash,(needs description) (Photo via Unsplash),N
https://pub-aeb94e100e5a48f4a133be5bf206aecb.r2.dev/history/health-people/lesson-01-hero.jpg,r2,,,,photo,2,history,The Four Humours & Supernatural,,Photo via Unsplash,(needs description) (Photo via Unsplash),N
https://pub-aeb94e100e5a48f4a133be5bf206aecb.r2.dev/history/health-people/lesson-08-hero.jpg,r2,,,,photo,3,history,The Germ Theory: Pasteur and Koch,,Photo via Unsplash,(needs description) (Photo via Unsplash),N
https://pub-aeb94e100e5a48f4a133be5bf206aecb.r2.dev/history/conflict-tension/lesson 6 hero.jpg,r2,,,,photo,2,history,The League in the 1920s,,Photo via Unsplash,(needs description) (Photo via Unsplash),N
https://pub-aeb94e100e5a48f4a133be5bf206aecb.r2.dev/history/conflict-tension/lesson 8 hero.jpg,r2,,,,photo,2,history,The Manchurian Crisis,,Photo via Unsplash,(needs description) (Photo via Unsplash),N
https://pub-aeb94e100e5a48f4a133be5bf206aecb.r2.dev/history/elizabethan/lesson-04-hero.jpg,r2,,,,photo,2,history,The Marriage & Succession Problem,,Photo via Unsplash,(needs description) (Photo via Unsplash),N
https://pub-aeb94e100e5a48f4a133be5bf206aecb.r2.dev/history/conflict-tension/lesson 13 hero.jpg,r2,,,,photo,1,history,The Nazi-Soviet Pact,,Photo via Unsplash,(needs description) (Photo via Unsplash),N
https://pub-aeb94e100e5a48f4a133be5bf206aecb.r2.dev/history/conflict-tension/lesson 14 hero.jpg,r2,,,,photo,2,history,The Outbreak of War,,Photo via Unsplash,(needs description) (Photo via Unsplash),N
https://pub-aeb94e100e5a48f4a133be5bf206aecb.r2.dev/history/conflict-tension/Versailles_1919.jpg,r2,,,,photo,2,history,The Peacemakers & the 14 Points,,Photo via Unsplash,(needs description) (Photo via Unsplash),N
https://pub-aeb94e100e5a48f4a133be5bf206aecb.r2.dev/history/elizabethan/lesson-10-hero.jpg,r2,,,,photo,1,history,The Problem of the Poor,,Photo via Unsplash,(needs description) (Photo via Unsplash),N
https://pub-aeb94e100e5a48f4a133be5bf206aecb.r2.dev/history/elizabethan/lesson-07-hero.jpg,r2,,,,photo,1,history,The Puritan Challenge,,Photo via Unsplash,(needs description) (Photo via Unsplash),N
https://pub-aeb94e100e5a48f4a133be5bf206aecb.r2.dev/history/elizabethan/lesson-02-hero.jpg,r2,,,,photo,1,history,The Religious Settlement of 1559,,Photo via Unsplash,(needs description) (Photo via Unsplash),N
https://pub-aeb94e100e5a48f4a133be5bf206aecb.r2.dev/history/elizabethan/lesson-12-hero.jpg,r2,,,,photo,1,history,The Rise of the Gentry & Theatre,,Photo via Unsplash,(needs description) (Photo via Unsplash),N
https://pub-aeb94e100e5a48f4a133be5bf206aecb.r2.dev/history/health-people/lesson-12-hero.jpg,r2,,,,photo,2,history,The Road to the NHS,,Photo via Unsplash,(needs description) (Photo via Unsplash),N
https://pub-aeb94e100e5a48f4a133be5bf206aecb.r2.dev/history/elizabethan/lesson-09-hero.jpg,r2,,,,photo,4,history,The Spanish Armada,,Photo via Unsplash,(needs description) (Photo via Unsplash),N
https://pub-aeb94e100e5a48f4a133be5bf206aecb.r2.dev/history/america/lesson-05-hero.jpg,r2,,,,line-and-wash,4,history,The Wall Street Crash,"A dense crowd of men fills an early 20th-century city street, with police present",Illustration after a photo via Unsplash,"A dense crowd of men fills an early 20th-century city street, with police present (Illustration after a photo via Unsplash)",N
https://pub-aeb94e100e5a48f4a133be5bf206aecb.r2.dev/history/conflict-tension/lesson 4 hero.jpg,r2,,,,photo,2,history,The Wider Peace Settlement,,Photo via Unsplash,(needs description) (Photo via Unsplash),N
https://pub-aeb94e100e5a48f4a133be5bf206aecb.r2.dev/history/elizabethan/lesson-14-hero.jpg,r2,,,,photo,1,history,Threats to Elizabeth’s Rule,,Photo via Unsplash,(needs description) (Photo via Unsplash),N
https://pub-aeb94e100e5a48f4a133be5bf206aecb.r2.dev/history/health-people/lesson-05-hero.jpg,r2,,,,photo,2,history,"Vesalius, Paré & Harvey",,Photo via Unsplash,(needs description) (Photo via Unsplash),N
https://pub-aeb94e100e5a48f4a133be5bf206aecb.r2.dev/history/health-people/lesson-14-hero.jpg,r2,,,,photo,2,history,"War, Technology & Modern Surgery",,Photo via Unsplash,(needs description) (Photo via Unsplash),N
https://pub-aeb94e100e5a48f4a133be5bf206aecb.r2.dev/history/elizabethan/lesson-15-hero.jpg,r2,,,,photo,1,history,Was It Really a ‘Golden Age’?,,Photo via Unsplash,(needs description) (Photo via Unsplash),N
https://upload.wikimedia.org/wikipedia/commons/8/8a/UA_Flight_175_hits_WTC_south_tower_9-11_edit.jpeg,wikimedia,CC BY-SA 2.0,SHARE-ALIKE,UA_Flight_175_hits_WTC_south_tower_9-11.jpeg: Flickr user TheMachineStops (Robert J. Fisch) derivative work: upstateNYer,photo,2,history-aqa,11 September 2001: The Attacks That Changed the World,,Photo by UA_Flight_175_hits_WTC_south_tower_9-11.jpeg: Flickr user TheMachineStops (Robert J. Fisch) derivative work: upstateNYer · CC BY-SA 2.0 · Wikimedia Commons,(needs description) (Photo by UA_Flight_175_hits_WTC_south_tower_9-11.jpeg: Flickr user TheMachineStops (Robert J. Fisch) derivative work: upstateNYer · CC BY-SA 2.0 · Wikimedia Commons),N
https://upload.wikimedia.org/wikipedia/commons/d/d3/Mujahideen_village.JPEG,wikimedia,Public domain,FREE,unknown artist,photo,1,history-aqa,"Al-Qaeda: Aims, Beliefs and Bin Laden",,Photo by unknown artist · public domain · Wikimedia Commons,(needs description) (Photo by unknown artist · public domain · Wikimedia Commons),N
https://upload.wikimedia.org/wikipedia/commons/6/62/HMS_Dreadnought_1906_H61017.jpg,wikimedia,Public domain,FREE,Adam Cuerden,photo,1,history-aqa,Anglo-German Rivalry: Weltpolitik and the Naval Race,,Photo by Adam Cuerden · public domain · Wikimedia Commons,(needs description) (Photo by Adam Cuerden · public domain · Wikimedia Commons),N
https://upload.wikimedia.org/wikipedia/commons/3/39/Anschluss_ballot_paper.jpg,wikimedia,Public domain,FREE,Unknown author,photo,2,history-aqa,Anschluss and the Reasons for Appeasement,,Photo by Unknown author · public domain · Wikimedia Commons,(needs description) (Photo by Unknown author · public domain · Wikimedia Commons),N
https://upload.wikimedia.org/wikipedia/commons/8/80/Official_medallion_of_the_British_Anti-Slavery_Society_%281795%29.jpg,wikimedia,Public domain,FREE,"Josiah Wedgwood (1730-1795) and either William Hackwood or Henry Webber; ""Josiah Wedgewood...produced the emblem as a jasper-ware cameo at his pottery factory. Although the artist who designed and engraved the seal is unknown, the design for the cameo is attributed to William Hackwood or to Henry Webber, who were both modelers at the Wedgewood factory."" (https://www.pbs.org/wgbh/aia/part2/2h67.html PBS])",photo,1,history-aqa,"Anti-Slavery, Anti-Corn Law, and Reform Campaigners, c1780-1846",,"Photo by Josiah Wedgwood (1730-1795) and either William Hackwood or Henry Webber; ""Josiah Wedgewood...produced the emblem as a jasper-ware cameo at his pottery factory. Although the artist who designed and engraved the seal is unknown, the design for the cameo is attributed to William Hackwood or to Henry Webber, who were both modelers at the Wedgewood factory."" (https://www.pbs.org/wgbh/aia/part2/2h67.html PBS]) · public domain · Wikimedia Commons","(needs description) (Photo by Josiah Wedgwood (1730-1795) and either William Hackwood or Henry Webber; ""Josiah Wedgewood...produced the emblem as a jasper-ware cameo at his pottery factory. Although the artist who designed and engraved the seal is unknown, the design for the cameo is attributed to William Hackwood or to Henry Webber, who were both modelers at the Wedgewood factory."" (https://www.pbs.org/wgbh/aia/part2/2h67.html PBS]) · public domain · Wikimedia Commons)",N
https://upload.wikimedia.org/wikipedia/commons/1/13/Selection_on_the_ramp_at_Auschwitz-Birkenau%2C_1944_%28Auschwitz_Album%29_1b.jpg,wikimedia,Public domain,FREE,Bernhard Walter,photo,1,history-aqa,"Aryan ideas, racial policy and the Final Solution",,Photo by Bernhard Walter · public domain · Wikimedia Commons,(needs description) (Photo by Bernhard Walter · public domain · Wikimedia Commons),N
https://upload.wikimedia.org/wikipedia/commons/c/cf/BrighamYoungGrave.jpg,wikimedia,CC BY-SA 3.0,SHARE-ALIKE,Ryan Reeder at English Wikipedia,photo,1,history-aqa,Brigham Young and the Mormon Migration,,Photo by Ryan Reeder at English Wikipedia · CC BY-SA 3.0 · Wikimedia Commons,(needs description) (Photo by Ryan Reeder at English Wikipedia · CC BY-SA 3.0 · Wikimedia Commons),N
https://images.unsplash.com/photo-1572356722933-adf495627701,unsplash,,,,photo,1,history-aqa,Britain & Europe: From EEC to Brexit,,Photo via Unsplash,(needs description) (Photo via Unsplash),N
https://upload.wikimedia.org/wikipedia/commons/3/3c/Operation_Enduring_Freedom_DVIDS239041.jpg,wikimedia,Public domain,FREE,Staff Sgt. Dayton Mitchell,photo,1,history-aqa,Bush's War on Terror and Operation Enduring Freedom,,Photo by Staff Sgt. Dayton Mitchell · public domain · Wikimedia Commons,(needs description) (Photo by Staff Sgt. Dayton Mitchell · public domain · Wikimedia Commons),N
https://upload.wikimedia.org/wikipedia/commons/1/1e/Pevensey_Castle_from_the_West.jpg,wikimedia,CC BY-SA 3.0,SHARE-ALIKE,Barbara van Cleve,photo,2,history-aqa,Castles: Instruments of Conquest and Control,,Photo by Barbara van Cleve · CC BY-SA 3.0 · Wikimedia Commons,(needs description) (Photo by Barbara van Cleve · CC BY-SA 3.0 · Wikimedia Commons),N
https://upload.wikimedia.org/wikipedia/commons/f/f3/1679_Charles_II_Silver_Threepence_OBC_and_REV.jpg,wikimedia,CC BY-SA 4.0,SHARE-ALIKE,The Other 95%,photo,1,history-aqa,Charles II: The King and His Court,,Photo by The Other 95% · CC BY-SA 4.0 · Wikimedia Commons,(needs description) (Photo by The Other 95% · CC BY-SA 4.0 · Wikimedia Commons),N
https://upload.wikimedia.org/wikipedia/commons/1/16/1st_Marine_Division_at_Chosin_Reservoir_in_Korea%2C_December_1950.jpg,wikimedia,Public domain,FREE,U.S. Marines (Official Marine Corps Photo # A5656) (http://www.tecom.usmc.mil/HD/Home_Page.htm),photo,1,history-aqa,China Enters and MacArthur Falls,,Photo by U.S. Marines (Official Marine Corps Photo # A5656) (http://www.tecom.usmc.mil/HD/Home_Page.htm) · public domain · Wikimedia Commons,(needs description) (Photo by U.S. Marines (Official Marine Corps Photo # A5656) (http://www.tecom.usmc.mil/HD/Home_Page.htm) · public domain · Wikimedia Commons),N
https://upload.wikimedia.org/wikipedia/commons/4/44/Cnut_the_Great_-_MS_Royal_14_B_VI.jpg,wikimedia,Public domain,FREE,Unknown author,photo,1,history-aqa,"Cnut, Emma & the North Sea Empire",,Photo by Unknown author · public domain · Wikimedia Commons,(needs description) (Photo by Unknown author · public domain · Wikimedia Commons),N
https://upload.wikimedia.org/wikipedia/commons/a/aa/%E2%80%9CStrengthen_working_discipline_in_collective_farms%E2%80%9D_%E2%80%93_Uzbek%2C_Tashkent%2C_1933_%28Mardjani%29.jpg,wikimedia,Public domain,FREE,Unknown author,photo,1,history-aqa,Collectivisation and the War on the Kulaks,,Photo by Unknown author · public domain · Wikimedia Commons,(needs description) (Photo by Unknown author · public domain · Wikimedia Commons),N
https://upload.wikimedia.org/wikipedia/commons/f/ff/The_Mayflower%2C_1620%2C_Plymouth%2C_Mass_%2861532%29.jpg,wikimedia,Public domain,FREE,"Pub. by Smith's Inc., Plymouth, Mass. Tichnor Bros. Inc., Boston, Mass.",photo,1,history-aqa,Colonising North America,,"Photo by Pub. by Smith's Inc., Plymouth, Mass. Tichnor Bros. Inc., Boston, Mass. · public domain · Wikimedia Commons","(needs description) (Photo by Pub. by Smith's Inc., Plymouth, Mass. Tichnor Bros. Inc., Boston, Mass. · public domain · Wikimedia Commons)",N
https://upload.wikimedia.org/wikipedia/commons/e/e0/Korean_War%2C_train_attack.jpg,wikimedia,Public domain,FREE,U.S. Army Military History Institute,photo,2,history-aqa,Communism in Asia: Mao's China and the Korean War,,Photo by U.S. Army Military History Institute · public domain · Wikimedia Commons,(needs description) (Photo by U.S. Army Military History Institute · public domain · Wikimedia Commons),N
https://pub-aeb94e100e5a48f4a133be5bf206aecb.r2.dev/history/elizabethan/lesson-08-hero.jpg,r2,,,,photo,2,history-aqa,Conflict with Spain and the Spanish Armada (1588),,Photo via Unsplash,(needs description) (Photo via Unsplash),N
https://upload.wikimedia.org/wikipedia/commons/c/c3/Beaumaris_Castle_Gatehouse%2C_Anglesey%2C_Wales_-_18-08-2015.jpg,wikimedia,CC BY-SA 4.0,SHARE-ALIKE,Cmao20,photo,1,history-aqa,Conquering Wales: The Wars of 1277 and 1282-83,,Photo by Cmao20 · CC BY-SA 4.0 · Wikimedia Commons,(needs description) (Photo by Cmao20 · CC BY-SA 4.0 · Wikimedia Commons),N
https://images.unsplash.com/photo-1637804527732-40f383a14234,unsplash,,,,photo,1,history-aqa,"Crime, Courts and Punishment in Edward's England",,Photo via Unsplash,(needs description) (Photo via Unsplash),N
https://upload.wikimedia.org/wikipedia/commons/2/2f/SMS_Panther_%281901%29.jpg,wikimedia,Public domain,FREE,Arthur Renard,photo,1,history-aqa,"Crisis Points: Morocco 1905 and 1911, Bosnia 1908-09",,Photo by Arthur Renard · public domain · Wikimedia Commons,(needs description) (Photo by Arthur Renard · public domain · Wikimedia Commons),N
https://images.unsplash.com/photo-1740345451482-e6cc151d3678,unsplash,,,,photo,1,history-aqa,"Daily Life: Towns, Villages and Economic Change",,Photo via Unsplash,(needs description) (Photo via Unsplash),N
https://upload.wikimedia.org/wikipedia/commons/9/97/South_Vietnamese_troops_engage_Buddhist_protesters_in_Saigon.jpg,wikimedia,Public domain,FREE,SP5 James I. Hatton,photo,1,history-aqa,"Diem, the Vietcong and Civil War in the South",,Photo by SP5 James I. Hatton · public domain · Wikimedia Commons,(needs description) (Photo by SP5 James I. Hatton · public domain · Wikimedia Commons),N
https://images.unsplash.com/photo-1617398759584-bb7c6be1bf3c,unsplash,,,,photo,1,history-aqa,Domino Theory: Eisenhower and Kennedy in Vietnam,,Photo via Unsplash,(needs description) (Photo via Unsplash),N
https://upload.wikimedia.org/wikipedia/commons/1/10/Brezhnev_and_Nixon_-_Flickr_-_The_Central_Intelligence_Agency.jpg,wikimedia,Public domain,FREE,The Central Intelligence Agency,photo,1,history-aqa,"Détente, SALT 1 and the Nixon-Brezhnev Era",,Photo by The Central Intelligence Agency · public domain · Wikimedia Commons,(needs description) (Photo by The Central Intelligence Agency · public domain · Wikimedia Commons),N
https://upload.wikimedia.org/wikipedia/commons/3/3f/Cherokee_Hills_Byway_-_Trail_of_Tears_Exhibit_at_the_Cherokee_National_Museum_-_NARA_-_7717616.jpg,wikimedia,Public domain,FREE,Unknown author,photo,1,history-aqa,Early Government Policy and the Permanent Indian Frontier,,Photo by Unknown author · public domain · Wikimedia Commons,(needs description) (Photo by Unknown author · public domain · Wikimedia Commons),N
https://images.unsplash.com/photo-1649927659447-68a2a893c395,unsplash,,,,photo,1,history-aqa,"Edward the Lawgiver: The Statutes of Westminster, Gloucester and Mortmain",,Photo via Unsplash,(needs description) (Photo via Unsplash),N
https://upload.wikimedia.org/wikipedia/commons/b/b3/Henry_III_funeral_head.jpg,wikimedia,CC BY-SA 2.0,SHARE-ALIKE,Valerie McGlinchey,photo,1,history-aqa,Edward's Inheritance: From Henry III to a New King,,Photo by Valerie McGlinchey · CC BY-SA 2.0 · Wikimedia Commons,(needs description) (Photo by Valerie McGlinchey · CC BY-SA 2.0 · Wikimedia Commons),N
https://upload.wikimedia.org/wikipedia/commons/2/28/Signing_Of_The_Social_Security_Act.jpg,wikimedia,Public domain,FREE,Social Security Online,photo,1,history-aqa,"Effectiveness, Opposition and the Second New Deal",,Photo by Social Security Online · public domain · Wikimedia Commons,(needs description) (Photo by Social Security Online · public domain · Wikimedia Commons),N
https://upload.wikimedia.org/wikipedia/commons/6/69/Dien_Bien_Phu_1954_French_prisoners.jpg,wikimedia,Public domain,FREE,"Stringer, AFP",photo,1,history-aqa,End of French Rule: Dien Bien Phu and Geneva,,"Photo by Stringer, AFP · public domain · Wikimedia Commons","(needs description) (Photo by Stringer, AFP · public domain · Wikimedia Commons)",N
https://upload.wikimedia.org/wikipedia/commons/2/26/CarterAndKingJazzingOrchestra.jpg,wikimedia,Public domain,FREE,Unknown author,photo,2,history-aqa,"Entertainment, Cinema and the Jazz Age",,Photo by Unknown author · public domain · Wikimedia Commons,(needs description) (Photo by Unknown author · public domain · Wikimedia Commons),N
https://upload.wikimedia.org/wikipedia/commons/5/51/Berlin_-_Bismarck-Nationaldenkmal1.jpg,wikimedia,FAL,OTHER,Taxiarchos228,photo,1,history-aqa,"Europe in 1894: Empires, Alliances and the Long Fuse",,Photo by Taxiarchos228 · FAL · Wikimedia Commons,(needs description) (Photo by Taxiarchos228 · FAL · Wikimedia Commons),N
https://upload.wikimedia.org/wikipedia/commons/2/2f/Roger_Bacon_by_Michael_Maier.jpg,wikimedia,Public domain,FREE,Michael Maier,photo,1,history-aqa,"Faith and Learning: The Church, Universities and Roger Bacon",,Photo by Michael Maier · public domain · Wikimedia Commons,(needs description) (Photo by Michael Maier · public domain · Wikimedia Commons),N
https://upload.wikimedia.org/wikipedia/commons/d/d7/Feudalismo-en-edad-media.jpg,wikimedia,CC BY-SA 4.0,SHARE-ALIKE,Hegodis,photo,2,history-aqa,Feudalism and the Norman Land Settlement,,Photo by Hegodis · CC BY-SA 4.0 · Wikimedia Commons,(needs description) (Photo by Hegodis · CC BY-SA 4.0 · Wikimedia Commons),N
https://upload.wikimedia.org/wikipedia/commons/f/f2/William_the_Conqueror%27s_children.jpg,wikimedia,Public domain,FREE,AnonymousUnknown author,photo,1,history-aqa,From Hastings to Coronation: William Takes the Throne,,Photo by AnonymousUnknown author · public domain · Wikimedia Commons,(needs description) (Photo by AnonymousUnknown author · public domain · Wikimedia Commons),N
https://upload.wikimedia.org/wikipedia/commons/4/4e/Portrait_of_William_Harvey_%284672567%29.jpg,wikimedia,Public domain,FREE,John Hall,photo,1,history-aqa,"Harvey, Sydenham and Disease Treatment c1600-1750",,Photo by John Hall · public domain · Wikimedia Commons,(needs description) (Photo by John Hall · public domain · Wikimedia Commons),N
https://upload.wikimedia.org/wikipedia/commons/7/72/Hitler_accepts_the_ovation_of_the_Reichstag_after_announcing_an_Anschluss_with_Austria%2C_Berlin%2C_March_1938.jpg,wikimedia,Public domain,FREE,"Records of the U.S. Office of War Information, 1926 - 1951; Series: Photographs of Allied and Axis Personalities and Activities, 1942 - 1945",photo,1,history-aqa,Hitler's Aims and Early Foreign Policy 1933-1934,,"Photo by Records of the U.S. Office of War Information, 1926 - 1951; Series: Photographs of Allied and Axis Personalities and Activities, 1942 - 1945 · public domain · Wikimedia Commons","(needs description) (Photo by Records of the U.S. Office of War Information, 1926 - 1951; Series: Photographs of Allied and Axis Personalities and Activities, 1942 - 1945 · public domain · Wikimedia Commons)",N
https://images.unsplash.com/photo-1589678722742-037b3d04b3b8,unsplash,,,,photo,1,history-aqa,"Homesteaders, Railroads and the Closing Frontier",,Photo via Unsplash,(needs description) (Photo via Unsplash),N
https://upload.wikimedia.org/wikipedia/commons/8/8f/FDR-Campaign-October-24-1932.jpg,wikimedia,CC BY 2.0,ATTRIB-REQUIRED,FDR Presidential Library &amp; Museum,photo,1,history-aqa,Hoover's Response and Roosevelt's 1932 Election,,Photo by FDR Presidential Library &amp; Museum · CC BY 2.0 · Wikimedia Commons,(needs description) (Photo by FDR Presidential Library &amp; Museum · CC BY 2.0 · Wikimedia Commons),N
https://upload.wikimedia.org/wikipedia/commons/2/2b/German_prisoners%2C_some_of_whom_are_carrying_wounded_comrade_%284688564544%29.jpg,wikimedia,No restrictions,FREE,National Library of Scotland,photo,1,history-aqa,Impact of the First World War on Germany,,Photo by National Library of Scotland · public domain · Wikimedia Commons,(needs description) (Photo by National Library of Scotland · public domain · Wikimedia Commons),N
https://upload.wikimedia.org/wikipedia/commons/8/88/UN_offensive_into_North_Korea%2C_20-24_October_1950.jpg,wikimedia,Public domain,FREE,US Army,photo,1,history-aqa,Inchon and the UN Counter-Offensive,,Photo by US Army · public domain · Wikimedia Commons,(needs description) (Photo by US Army · public domain · Wikimedia Commons),N
https://upload.wikimedia.org/wikipedia/commons/c/c1/SaddamStatue.jpg,wikimedia,Public domain,FREE,Unknown U.S. military or Department of Defense employee,photo,1,history-aqa,"Invasion, Insurgency and Iraq by 2009",,Photo by Unknown U.S. military or Department of Defense employee · public domain · Wikimedia Commons,(needs description) (Photo by Unknown U.S. military or Department of Defense employee · public domain · Wikimedia Commons),N
https://images.unsplash.com/photo-1544661706-25773c6ddbde,unsplash,,,,photo,1,history-aqa,Irish & Jewish Migration; Movement Within the Empire,,Photo via Unsplash,(needs description) (Photo via Unsplash),N
https://upload.wikimedia.org/wikipedia/commons/3/36/Reichstag%2C_Berlin_LCCN2014708382.jpg,wikimedia,Public domain,FREE,"Bain News Service, publisher",photo,1,history-aqa,Kaiser Wilhelm and the difficulties of ruling Germany,,"Photo by Bain News Service, publisher · public domain · Wikimedia Commons","(needs description) (Photo by Bain News Service, publisher · public domain · Wikimedia Commons)",N
https://upload.wikimedia.org/wikipedia/commons/4/45/Hamid_Karzai_listens_to_Barack_Obama_in_Kabul_2012.jpg,wikimedia,Public domain,FREE,Pete Souza,photo,1,history-aqa,"Karzai, Bonn and the Long Resurgence of the Taliban",,Photo by Pete Souza · public domain · Wikimedia Commons,(needs description) (Photo by Pete Souza · public domain · Wikimedia Commons),N
https://upload.wikimedia.org/wikipedia/commons/1/10/Tomb_of_William_Cecil_Lord_Burghley_d_1598_St_Martin_Stamford_Lion.jpg,wikimedia,CC BY-SA 4.0,SHARE-ALIKE,Lamiot,photo,1,history-aqa,"Key ministers: Cecil, Walsingham and the Privy Council",,Photo by Lamiot · CC BY-SA 4.0 · Wikimedia Commons,(needs description) (Photo by Lamiot · CC BY-SA 4.0 · Wikimedia Commons),N
https://upload.wikimedia.org/wikipedia/commons/d/db/Norman_arch%2C_St_Laurence_Church%2C_Ansley.jpg,wikimedia,CC0,FREE,BJCHK,photo,1,history-aqa,Lanfranc and the Reform of the English Church,,Photo by BJCHK · public domain · Wikimedia Commons,(needs description) (Photo by BJCHK · public domain · Wikimedia Commons),N
https://upload.wikimedia.org/wikipedia/commons/d/d0/Vladimir_Lenin_giving_a_speech.jpg,wikimedia,Public domain,FREE,Vladimir Lenin,photo,2,history-aqa,"Lenin in Power: Brest-Litovsk, Cheka and Civil War",,Photo by Vladimir Lenin · public domain · Wikimedia Commons,(needs description) (Photo by Vladimir Lenin · public domain · Wikimedia Commons),N
https://upload.wikimedia.org/wikipedia/commons/b/b4/After_the_capture_of_the_Winter_Palace_26_October_1917.jpg,wikimedia,Public domain,FREE,Pyotr Novitsky,photo,1,history-aqa,"Lenin, Trotsky and the October Revolution",,Photo by Pyotr Novitsky · public domain · Wikimedia Commons,(needs description) (Photo by Pyotr Novitsky · public domain · Wikimedia Commons),N
https://upload.wikimedia.org/wikipedia/commons/0/0d/Little_Bighorn_Battlefield_MT2.jpg,wikimedia,CC BY-SA 4.0,SHARE-ALIKE,Acroterion,photo,1,history-aqa,"Little Bighorn, Wounded Knee and the End of the Frontier",,Photo by Acroterion · CC BY-SA 4.0 · Wikimedia Commons,(needs description) (Photo by Acroterion · CC BY-SA 4.0 · Wikimedia Commons),N
https://upload.wikimedia.org/wikipedia/commons/a/a7/At_Hardwick_Hall_2024_009.jpg,wikimedia,CC BY-SA 4.0,SHARE-ALIKE,Photograph by Mike Peel (www.mikepeel.net).,photo,2,history-aqa,"Living standards, fashion and the rise of the gentry",,Photo by Photograph by Mike Peel (www.mikepeel.net). · CC BY-SA 4.0 · Wikimedia Commons,(needs description) (Photo by Photograph by Mike Peel (www.mikepeel.net). · CC BY-SA 4.0 · Wikimedia Commons),N
https://upload.wikimedia.org/wikipedia/commons/d/db/Lombard_Street%2C_City_of_London_-_geograph.org.uk_-_2374908.jpg,wikimedia,CC BY-SA 2.0,SHARE-ALIKE,Stephen McKay,photo,1,history-aqa,"Medieval Migrants: Hanseatic Merchants, Jews & Lombards",,Photo by Stephen McKay · CC BY-SA 2.0 · Wikimedia Commons,(needs description) (Photo by Stephen McKay · CC BY-SA 2.0 · Wikimedia Commons),N
https://images.unsplash.com/photo-1646577482825-3fb6ff560de6,unsplash,,,,photo,1,history-aqa,"Medieval Warfare: Cavalry, Castles and Crossbows",,Photo via Unsplash,(needs description) (Photo via Unsplash),N
https://upload.wikimedia.org/wikipedia/commons/b/bb/Sunday_Service_at_the_French_Protestant_Church_of_London.jpg,wikimedia,CC BY-SA 4.0,SHARE-ALIKE,Cpella,photo,1,history-aqa,"Migrants In & Out: Huguenots, Highland Clearances & Ulster",,Photo by Cpella · CC BY-SA 4.0 · Wikimedia Commons,(needs description) (Photo by Cpella · CC BY-SA 4.0 · Wikimedia Commons),N
https://upload.wikimedia.org/wikipedia/commons/a/a8/Whitby_Abbey_4.jpg,wikimedia,CC BY-SA 4.0,SHARE-ALIKE,Peter Broster,photo,1,history-aqa,"Monasticism, Learning and the Investiture Controversy",,Photo by Peter Broster · CC BY-SA 4.0 · Wikimedia Commons,(needs description) (Photo by Peter Broster · CC BY-SA 4.0 · Wikimedia Commons),N
https://upload.wikimedia.org/wikipedia/commons/d/da/Mormon_Temple_under_construction_Salt_Lake_City.jpg,wikimedia,Public domain,FREE,Charles Roscoe Savage,photo,1,history-aqa,Mountain Meadows and the Mormon Question,,Photo by Charles Roscoe Savage · public domain · Wikimedia Commons,(needs description) (Photo by Charles Roscoe Savage · public domain · Wikimedia Commons),N
https://upload.wikimedia.org/wikipedia/commons/0/00/Angling_in_Troubled_Waters_A_Serio-Comic_Map_of_Europe.jpg,wikimedia,Public domain,FREE,Fred W. Rose,photo,1,history-aqa,Nicholas II's Autocracy and Opposition,,Photo by Fred W. Rose · public domain · Wikimedia Commons,(needs description) (Photo by Fred W. Rose · public domain · Wikimedia Commons),N
https://upload.wikimedia.org/wikipedia/commons/5/54/Florence_Nightingale_memorial_2016.jpg,wikimedia,CC BY-SA 4.0,SHARE-ALIKE,Rodhullandemu,photo,2,history-aqa,"Nightingale, Hospitals and the Reform of Nursing",,Photo by Rodhullandemu · CC BY-SA 4.0 · Wikimedia Commons,(needs description) (Photo by Rodhullandemu · CC BY-SA 4.0 · Wikimedia Commons),N
https://images.unsplash.com/photo-1758242934374-86dd2d177905,unsplash,,,,photo,1,history-aqa,"Norman Government, Justice and the Anglo-Saxon Inheritance",,Photo via Unsplash,(needs description) (Photo via Unsplash),N
https://upload.wikimedia.org/wikipedia/commons/2/2c/Tower_of_London_viewed_from_the_River_Thames.jpg,wikimedia,CC BY-SA 3.0,SHARE-ALIKE,Bob Collowan,photo,1,history-aqa,Norman Kingdom & the Angevin Empire,,Photo by Bob Collowan · CC BY-SA 3.0 · Wikimedia Commons,(needs description) (Photo by Bob Collowan · CC BY-SA 3.0 · Wikimedia Commons),N
https://upload.wikimedia.org/wikipedia/commons/0/0f/Tank_unit_of_the_Korean_People%27s_Army_enters_the_streets_of_Seoul_while_being_welcomed_by_the_Korean_people%2C_1950.jpg,wikimedia,Public domain,FREE,Unknown author,photo,1,history-aqa,"North Korea Invades, June 1950",,Photo by Unknown author · public domain · Wikimedia Commons,(needs description) (Photo by Unknown author · public domain · Wikimedia Commons),N
https://upload.wikimedia.org/wikipedia/commons/e/eb/Fort_Sumter%2C_South_Carolina_%2812583090893%29.jpg,wikimedia,CC0,FREE,"Gary Todd from Xinzheng, China",photo,1,history-aqa,North vs South: the Road to the Civil War,,"Photo by Gary Todd from Xinzheng, China · public domain · Wikimedia Commons","(needs description) (Photo by Gary Todd from Xinzheng, China · public domain · Wikimedia Commons)",N
https://upload.wikimedia.org/wikipedia/commons/7/7f/F-14A_VF-33_Operation_Desert_Storm_Strike_Package_Tanking.jpg,wikimedia,Public domain,FREE,US Navy,photo,2,history-aqa,Operation Desert Storm and the End of the 1991 War,,Photo by US Navy · public domain · Wikimedia Commons,(needs description) (Photo by US Navy · public domain · Wikimedia Commons),N
https://upload.wikimedia.org/wikipedia/commons/2/2e/0_0007_Bendlerblock_P1190243.jpg,wikimedia,CC BY-SA 4.0,SHARE-ALIKE,Robert Hösle,photo,1,history-aqa,"Opposition, resistance and Germany at war",,Photo by Robert Hösle · CC BY-SA 4.0 · Wikimedia Commons,(needs description) (Photo by Robert Hösle · CC BY-SA 4.0 · Wikimedia Commons),N
https://upload.wikimedia.org/wikipedia/commons/0/03/Helicopters_near_Saigon_banner.jpg,wikimedia,Public domain,FREE,U.S. Army,photo,1,history-aqa,"Paris, Saigon and the Price of Conflict",,Photo by U.S. Army · public domain · Wikimedia Commons,(needs description) (Photo by U.S. Army · public domain · Wikimedia Commons),N
https://upload.wikimedia.org/wikipedia/commons/c/c6/Memorial_Muse_Passchendaele_masque_gaz.JPG,wikimedia,CC BY-SA 3.0,SHARE-ALIKE,Chatsam,photo,1,history-aqa,Passchendaele and the Tactical Learning Curve,,Photo by Chatsam · CC BY-SA 3.0 · Wikimedia Commons,(needs description) (Photo by Chatsam · CC BY-SA 3.0 · Wikimedia Commons),N
https://upload.wikimedia.org/wikipedia/commons/3/39/Peterloo_massacre_dreadful_scene_at_Manchester.jpg,wikimedia,Public domain,FREE,"Anonymous; Published by J.Evans and Sons, 42 Long Lane West, Smithfield",photo,1,history-aqa,"Peterloo, the Great Reform Act and Chartism, 1819-1858",,"Photo by Anonymous; Published by J.Evans and Sons, 42 Long Lane West, Smithfield · public domain · Wikimedia Commons","(needs description) (Photo by Anonymous; Published by J.Evans and Sons, 42 Long Lane West, Smithfield · public domain · Wikimedia Commons)",N
https://upload.wikimedia.org/wikipedia/commons/7/7a/Oregon_National_Historic_Trail_in_Wyoming.jpg,wikimedia,Public domain,FREE,Bureau of Land Management,photo,1,history-aqa,"Pioneer Farmers, the Journey West and the Miners",,Photo by Bureau of Land Management · public domain · Wikimedia Commons,(needs description) (Photo by Bureau of Land Management · public domain · Wikimedia Commons),N
https://upload.wikimedia.org/wikipedia/commons/6/64/LevittownPA.jpg,wikimedia,Public domain,FREE,unknown artist,photo,2,history-aqa,"Post-war Prosperity, Consumerism and the American Dream",,Photo by unknown artist · public domain · Wikimedia Commons,(needs description) (Photo by unknown artist · public domain · Wikimedia Commons),N
https://upload.wikimedia.org/wikipedia/commons/c/c7/Snow-cholera-map.jpg,wikimedia,Public domain,FREE,after John Snow,photo,3,history-aqa,"Public Health in the Industrial City: Snow, Chadwick and the Acts",,Photo by after John Snow · public domain · Wikimedia Commons,(needs description) (Photo by after John Snow · public domain · Wikimedia Commons),N
https://upload.wikimedia.org/wikipedia/commons/a/a8/13th_Amendment%2C_Nat%27l_Freedom_Day_-_President%27s_House_Site_2022-06_%2877%29.jpg,wikimedia,CC0,FREE,Kreuz und quer,photo,1,history-aqa,Reconstruction and the 13th Amendment,,Photo by Kreuz und quer · public domain · Wikimedia Commons,(needs description) (Photo by Kreuz und quer · public domain · Wikimedia Commons),N
https://upload.wikimedia.org/wikipedia/commons/4/4b/Iranian_soldiers_in_the_Iran-Iraq_War_%2809%29.jpg,wikimedia,Public domain,FREE,AnonymousUnknown author,photo,1,history-aqa,Regional Instability After the Iran-Iraq War,,Photo by AnonymousUnknown author · public domain · Wikimedia Commons,(needs description) (Photo by AnonymousUnknown author · public domain · Wikimedia Commons),N
https://upload.wikimedia.org/wikipedia/commons/0/0c/Henry_Courtney_Selous_-_Hereward_the_Wake_submits_to_William_the_Conqueror%2C_1072.jpg,wikimedia,Public domain,FREE,Henry Courtney Selous,photo,1,history-aqa,"Resistance and Revolt, 1067-1071",,Photo by Henry Courtney Selous · public domain · Wikimedia Commons,(needs description) (Photo by Henry Courtney Selous · public domain · Wikimedia Commons),N
https://upload.wikimedia.org/wikipedia/commons/6/6f/The_Nell_Gwynne_-_geograph.org.uk_-_727405.jpg,wikimedia,CC BY-SA 2.0,SHARE-ALIKE,Row17,photo,1,history-aqa,"Restoration Stage, Coffee Houses and Women in Public Life",,Photo by Row17 · CC BY-SA 2.0 · Wikimedia Commons,(needs description) (Photo by Row17 · CC BY-SA 2.0 · Wikimedia Commons),N
https://images.unsplash.com/photo-1580501170961-bb0dbf63a6df,unsplash,,,,photo,1,history-aqa,Restoring Royal Authority: The Hundred Rolls and Quo Warranto,,Photo via Unsplash,(needs description) (Photo via Unsplash),N
https://upload.wikimedia.org/wikipedia/commons/f/f7/19170704_Riot_on_Nevsky_prosp_Petrograd.jpg,wikimedia,Public domain,FREE,Viktor Bulla,photo,1,history-aqa,"Russia Out, America In: 1917",,Photo by Viktor Bulla · public domain · Wikimedia Commons,(needs description) (Photo by Viktor Bulla · public domain · Wikimedia Commons),N
https://upload.wikimedia.org/wikipedia/commons/e/ee/Alexandr_Mikhailovich_and_Xenia_Alexandrovna%27s_wedding_%281894%29.jpg,wikimedia,Public domain,FREE,Брож К.О. 1836-1901,photo,1,history-aqa,Russia in 1894: Economy and Society,,Photo by Брож К.О. 1836-1901 · public domain · Wikimedia Commons,(needs description) (Photo by Брож К.О. 1836-1901 · public domain · Wikimedia Commons),N
https://images.unsplash.com/photo-1646950433429-b458020e6c97,unsplash,,,,photo,1,history-aqa,"Saddam, WMD and the Road to the 2003 Invasion",,Photo via Unsplash,(needs description) (Photo via Unsplash),N
https://upload.wikimedia.org/wikipedia/commons/0/07/Gr%C3%A4f_%26_Stift_automobile_of_Archduke_Franz_Ferdinand_of_Austria-0486.jpg,wikimedia,CC BY-SA 4.0,SHARE-ALIKE,Hubertl,photo,1,history-aqa,Sarajevo and the July Crisis,,Photo by Hubertl · CC BY-SA 4.0 · Wikimedia Commons,(needs description) (Photo by Hubertl · CC BY-SA 4.0 · Wikimedia Commons),N
https://images.unsplash.com/photo-1762119594516-074b5a0bd683,unsplash,,,,photo,1,history-aqa,"Sea Power, the Navigation Acts and the Dutch Wars",,Photo via Unsplash,(needs description) (Photo via Unsplash),N
https://upload.wikimedia.org/wikipedia/commons/8/89/Monument_of_the_My_Lai_Massacre_%282%29.jpg,wikimedia,CC BY 2.0,ATTRIB-REQUIRED,-JvL- from Netherlands,photo,1,history-aqa,"Search and Destroy, My Lai and Protest",,Photo by -JvL- from Netherlands · CC BY 2.0 · Wikimedia Commons,(needs description) (Photo by -JvL- from Netherlands · CC BY 2.0 · Wikimedia Commons),N
https://upload.wikimedia.org/wikipedia/commons/5/52/Memorial_to_Simon_De_Montfort_-_geograph.org.uk_-_7078974.jpg,wikimedia,CC BY-SA 2.0,SHARE-ALIKE,Philip Halling,photo,1,history-aqa,"Simon de Montfort and the Birth of Parliament, 1258-1265",,Photo by Philip Halling · CC BY-SA 2.0 · Wikimedia Commons,(needs description) (Photo by Philip Halling · CC BY-SA 2.0 · Wikimedia Commons),N
https://upload.wikimedia.org/wikipedia/commons/b/bf/The_Royal_Flying_Corps_on_the_Western_Front%2C_1914-1918_Q12088.jpg,wikimedia,Public domain,FREE,David McLellan,photo,1,history-aqa,"Spring Offensive, Hundred Days and Armistice",,Photo by David McLellan · public domain · Wikimedia Commons,(needs description) (Photo by David McLellan · public domain · Wikimedia Commons),N
https://upload.wikimedia.org/wikipedia/commons/b/b3/General_Clark_signs_the_Korean_Armistice_Agreement.jpg,wikimedia,Public domain,FREE,U.S. Navy,photo,1,history-aqa,"Stalemate, Armistice and the Cost of Korea",,Photo by U.S. Navy · public domain · Wikimedia Commons,(needs description) (Photo by U.S. Navy · public domain · Wikimedia Commons),N
https://upload.wikimedia.org/wikipedia/commons/7/77/From_the_balcony_of_the_nationa_theatre_in_Belgrade_Marshal_Tito_speaks_to_the_people_of_Belgrade.jpg,wikimedia,Public domain,FREE,Sgt. D.C. Johnson,photo,1,history-aqa,"Stalin's Response: Cominform, Comecon and Yugoslavia",,Photo by Sgt. D.C. Johnson · public domain · Wikimedia Commons,(needs description) (Photo by Sgt. D.C. Johnson · public domain · Wikimedia Commons),N
https://upload.wikimedia.org/wikipedia/commons/f/f4/Speaker%27s_chair_in_State_Duma.jpeg,wikimedia,Public domain,FREE,Unknown author,photo,1,history-aqa,"Stolypin, the Dumas and Reform to 1914",,Photo by Unknown author · public domain · Wikimedia Commons,(needs description) (Photo by Unknown author · public domain · Wikimedia Commons),N
https://upload.wikimedia.org/wikipedia/commons/a/a7/Cutting_Sugar_Cane_in_Trinidad%2C_1836%2C_lithograph.jpg,wikimedia,Public domain,FREE,Richard Bridgens,photo,1,history-aqa,"Sugar, Slavery & the Caribbean",,Photo by Richard Bridgens · public domain · Wikimedia Commons,(needs description) (Photo by Richard Bridgens · public domain · Wikimedia Commons),N
https://upload.wikimedia.org/wikipedia/commons/0/0c/London%2C_Palace_of_Westminster_--_2016_--_4800.jpg,wikimedia,CC BY-SA 4.0,SHARE-ALIKE,Dietmar Rabich,photo,1,history-aqa,Synthesis: Factors Across 850 Years — Cracking the 16-Mark Essay,,Photo by Dietmar Rabich · CC BY-SA 4.0 · Wikimedia Commons,(needs description) (Photo by Dietmar Rabich · CC BY-SA 4.0 · Wikimedia Commons),N
https://images.unsplash.com/photo-1568137225414-ca932d7b8ef6,unsplash,,,,photo,6,history-aqa,"Terror, Purges and the Cult of Stalin",,Photo via Unsplash,(needs description) (Photo via Unsplash),N
https://upload.wikimedia.org/wikipedia/commons/a/af/1905_monument_Riga.JPG,wikimedia,CC BY-SA 2.5,SHARE-ALIKE,Fotogrāfējis A.Buks,photo,2,history-aqa,The 1905 Revolution and October Manifesto,,Photo by Fotogrāfējis A.Buks · CC BY-SA 2.5 · Wikimedia Commons,(needs description) (Photo by Fotogrāfējis A.Buks · CC BY-SA 2.5 · Wikimedia Commons),N
https://upload.wikimedia.org/wikipedia/commons/2/29/King%27s_carriage_leaving_Longchamps_with_Loubet_and_King_Edward_LCCN93500510.jpg,wikimedia,Public domain,FREE,George Grantham Bain Collection,photo,1,history-aqa,The Alliance System and Splendid Isolation,,Photo by George Grantham Bain Collection · public domain · Wikimedia Commons,(needs description) (Photo by George Grantham Bain Collection · public domain · Wikimedia Commons),N
https://images.unsplash.com/photo-1614726365930-627c75da663e,unsplash,,,,photo,2,history-aqa,The Arms Race and the Space Race,,Photo via Unsplash,(needs description) (Photo via Unsplash),N
https://upload.wikimedia.org/wikipedia/commons/3/39/Mark_Oliphant_Group_of_the_Manhattan_Project.jpg,wikimedia,Public domain,FREE,Donald Cooksey,photo,1,history-aqa,"The Atom Bomb, Ideologies, and the Iron Curtain",,Photo by Donald Cooksey · public domain · Wikimedia Commons,(needs description) (Photo by Donald Cooksey · public domain · Wikimedia Commons),N
https://upload.wikimedia.org/wikipedia/commons/5/5d/Berlinermauer.jpg,wikimedia,CC BY-SA 3.0,SHARE-ALIKE,Noir,photo,2,history-aqa,"The Berlin Wall, 1961",,Photo by Noir · CC BY-SA 3.0 · Wikimedia Commons,(needs description) (Photo by Noir · CC BY-SA 3.0 · Wikimedia Commons),N
https://upload.wikimedia.org/wikipedia/commons/f/f6/James_Basire_-_Distribution_of_His_Majesty%27s_Maundy_Ante_Chapel_at_Whitehall_-_B1978.43.244_-_Yale_Center_for_British_Art.jpg,wikimedia,CC0,FREE,James Basire / After Samuel Hieronymus Grimm,photo,1,history-aqa,"The Cabal, Party Politics and Rule Without Parliament",,Photo by James Basire / After Samuel Hieronymus Grimm · public domain · Wikimedia Commons,(needs description) (Photo by James Basire / After Samuel Hieronymus Grimm · public domain · Wikimedia Commons),N
https://upload.wikimedia.org/wikipedia/commons/4/4f/Flickr_-_Beinecke_Flickr_Laboratory_-_%28Draft_of_a_speech_concerning_the_murder_of_Sir_Edmund_Berry_Godfrey_and_the_Popish_Plot%29.jpg,wikimedia,Public domain,FREE,Beinecke Flickr Laboratory,photo,1,history-aqa,The Catholic Question: Popish Plot and Rye House Plot,,Photo by Beinecke Flickr Laboratory · public domain · Wikimedia Commons,(needs description) (Photo by Beinecke Flickr Laboratory · public domain · Wikimedia Commons),N
https://images.unsplash.com/photo-1610026378085-15d0e8f685db,unsplash,,,,photo,1,history-aqa,The Cavalier Parliament and the Religious Settlement,,Photo via Unsplash,(needs description) (Photo via Unsplash),N
https://upload.wikimedia.org/wikipedia/commons/2/20/Civil_war_reenactment_1.jpg,wikimedia,CC BY-SA 4.0,SHARE-ALIKE,Daniel Schwen,photo,1,history-aqa,The Civil War: Impact on Civilians,,Photo by Daniel Schwen · CC BY-SA 4.0 · Wikimedia Commons,(needs description) (Photo by Daniel Schwen · CC BY-SA 4.0 · Wikimedia Commons),N
https://upload.wikimedia.org/wikipedia/commons/5/5a/Haustafel_der_NSDAP._Hier_spricht_die_NSDAP_Nationalsozialistische_Deutsche_Arbeiterpartei._Enamel_%22house_board%22_signboard_for_the_National_Socialist_German_Workers%27_Party._Parteiadler._Museum_Sowjetische_Speziallager._2006.jpg,wikimedia,CC BY-SA 2.0,SHARE-ALIKE,Jorge González,photo,1,history-aqa,"The Depression and the rise of the Nazis, 1928-1932",,Photo by Jorge González · CC BY-SA 2.0 · Wikimedia Commons,(needs description) (Photo by Jorge González · CC BY-SA 2.0 · Wikimedia Commons),N
https://upload.wikimedia.org/wikipedia/commons/7/75/Text_of_Exeter_Domesday_Book_of_1086.jpg,wikimedia,Public domain,FREE,unknown artist,photo,3,history-aqa,"The Domesday Book, 1086",,Photo by unknown artist · public domain · Wikimedia Commons,(needs description) (Photo by unknown artist · public domain · Wikimedia Commons),N
https://upload.wikimedia.org/wikipedia/commons/d/d9/German_Panzer_IIs_in_Prague_1939.jpg,wikimedia,Public domain,FREE,Australian armed forces (Original print held in AWM Archive Store),photo,1,history-aqa,The End of Appeasement: Prague and the Polish Guarantee,,Photo by Australian armed forces (Original print held in AWM Archive Store) · public domain · Wikimedia Commons,(needs description) (Photo by Australian armed forces (Original print held in AWM Archive Store) · public domain · Wikimedia Commons),N
https://upload.wikimedia.org/wikipedia/commons/2/27/Suez_canal_invasion.jpg,wikimedia,Public domain,FREE,US Department of State,photo,1,history-aqa,"The End of Empire: Wars, Suez & Independence",,Photo by US Department of State · public domain · Wikimedia Commons,(needs description) (Photo by US Department of State · public domain · Wikimedia Commons),N
https://upload.wikimedia.org/wikipedia/commons/9/9b/The_execution_of_King_Charles_I_from_NPG.jpg,wikimedia,Public domain,FREE,Unknown author,photo,4,history-aqa,"The English Revolution: Civil War, Regicide and Republic, 1642-1660",,Photo by Unknown author · public domain · Wikimedia Commons,(needs description) (Photo by Unknown author · public domain · Wikimedia Commons),N
https://upload.wikimedia.org/wikipedia/commons/7/7c/King_James_II_landing_at_Kinsdale.jpg,wikimedia,Public domain,FREE,James Grant (book author),photo,1,history-aqa,The Exclusion Crisis and the Succession,,Photo by James Grant (book author) · public domain · Wikimedia Commons,(needs description) (Photo by James Grant (book author) · public domain · Wikimedia Commons),N
https://upload.wikimedia.org/wikipedia/commons/3/3b/Dover_from_air.jpg,wikimedia,CC BY-SA 3.0,SHARE-ALIKE,User:Mtcv,photo,1,history-aqa,"The Expulsion of the Jews, 1290",,Photo by User:Mtcv · CC BY-SA 3.0 · Wikimedia Commons,(needs description) (Photo by User:Mtcv · CC BY-SA 3.0 · Wikimedia Commons),N
https://upload.wikimedia.org/wikipedia/commons/2/20/New_Deal_N.R.A._3c_1933_issue_U.S._stamp.jpg,wikimedia,Public domain,FREE,Bureau of Engraving and Printing,photo,1,history-aqa,The First New Deal: Hundred Days and the Alphabet Agencies,,Photo by Bureau of Engraving and Printing · public domain · Wikimedia Commons,(needs description) (Photo by Bureau of Engraving and Printing · public domain · Wikimedia Commons),N
https://upload.wikimedia.org/wikipedia/commons/0/06/Tsar_of_Russia_Nicholas_II_-_kiss_of_peace-holy_kiss_to_soldier_-_1916.jpg,wikimedia,Public domain,FREE,Romanov family,photo,1,history-aqa,The First World War and the Fall of the Tsar,,Photo by Romanov family · public domain · Wikimedia Commons,(needs description) (Photo by Romanov family · public domain · Wikimedia Commons),N
https://images.unsplash.com/photo-1672377263077-e878ebf76b1e,unsplash,,,,photo,1,history-aqa,The Great American Desert and Manifest Destiny,,Photo via Unsplash,(needs description) (Photo via Unsplash),N
https://images.unsplash.com/photo-1737726731299-4fb007e9c84c,unsplash,,,,photo,1,history-aqa,"The Great Cause and the Conquest of Scotland, 1290-1296",,Photo via Unsplash,(needs description) (Photo via Unsplash),N
https://upload.wikimedia.org/wikipedia/commons/8/8f/Red_Army_soldiers_with_their_PPSh-41_during_street_fighting_in_Stalingrad._November_1942.jpg,wikimedia,CC BY-SA 4.0,SHARE-ALIKE,RakaAditya,photo,2,history-aqa,"The Great Patriotic War, 1941-1945",,Photo by RakaAditya · CC BY-SA 4.0 · Wikimedia Commons,(needs description) (Photo by RakaAditya · CC BY-SA 4.0 · Wikimedia Commons),N
https://images.unsplash.com/photo-1570967108224-8a2901481745,unsplash,,,,photo,3,history-aqa,The Great Plague of 1665,,Photo via Unsplash,(needs description) (Photo via Unsplash),N
https://upload.wikimedia.org/wikipedia/commons/4/46/William_the_Conqueror%2C_Abbey_of_Jumi%C3%A8ges.jpg,wikimedia,CC0,FREE,Xbra,photo,2,history-aqa,"The Harrying of the North, 1069-1070",,Photo by Xbra · public domain · Wikimedia Commons,(needs description) (Photo by Xbra · public domain · Wikimedia Commons),N
https://upload.wikimedia.org/wikipedia/commons/0/0f/Hundred_years_war.john.jpg,wikimedia,,UNKNOWN,unknown artist,photo,1,history-aqa,The Hundred Years' War & English Identity,,Photo by unknown artist ·  · Wikimedia Commons,(needs description) (Photo by unknown artist ·  · Wikimedia Commons),N
https://images.unsplash.com/photo-1710520874821-20d51b4bb096,unsplash,,,,photo,1,history-aqa,"The Hungarian Uprising, 1956",,Photo via Unsplash,(needs description) (Photo via Unsplash),N
https://upload.wikimedia.org/wikipedia/commons/4/40/An_Iraqi_Army_T-72_main_battle_tank_firing_during_the_invasion_of_Kuwait%2C_August_1990.jpg,wikimedia,CC BY 4.0,ATTRIB-REQUIRED,Unknown author,photo,1,history-aqa,"The Invasion of Kuwait, August 1990",,Photo by Unknown author · CC BY 4.0 · Wikimedia Commons,(needs description) (Photo by Unknown author · CC BY 4.0 · Wikimedia Commons),N
https://upload.wikimedia.org/wikipedia/commons/c/cd/Rheinweiler-_Autobahn_und_Altrhein_-_LABW_-_Staatsarchiv_Freiburg_W_134_Nr._072999b.jpeg,wikimedia,CC BY 4.0,ATTRIB-REQUIRED,Willy Pragher,photo,1,history-aqa,"The Nazi economy — work, rearmament and self-sufficiency",,Photo by Willy Pragher · CC BY 4.0 · Wikimedia Commons,(needs description) (Photo by Willy Pragher · CC BY 4.0 · Wikimedia Commons),N
https://upload.wikimedia.org/wikipedia/commons/7/7c/Durham_Cathedral_Nave.jpg,wikimedia,CC0,FREE,Michael D Beckwith,photo,1,history-aqa,"The Northern Rebellion, excommunication and the missionary threat",,Photo by Michael D Beckwith · public domain · Wikimedia Commons,(needs description) (Photo by Michael D Beckwith · public domain · Wikimedia Commons),N
https://upload.wikimedia.org/wikipedia/commons/3/33/Jean_Froissart%2C_Chroniques%2C_154v%2C_12148_btv1b8438605hf336%2C_crop.jpg,wikimedia,Public domain,FREE,Jean Froissart,photo,2,history-aqa,"The Peasants' Revolt, 1381",,Photo by Jean Froissart · public domain · Wikimedia Commons,(needs description) (Photo by Jean Froissart · public domain · Wikimedia Commons),N
https://images.unsplash.com/photo-1581404868392-9af57f748244,unsplash,,,,photo,2,history-aqa,"The Pilgrimage of Grace, 1536",,Photo via Unsplash,(needs description) (Photo via Unsplash),N
https://images.unsplash.com/photo-1737309150415-eaa7564b9e07,unsplash,,,,photo,1,history-aqa,The Plains Indians' Way of Life,,Photo via Unsplash,(needs description) (Photo via Unsplash),N
https://upload.wikimedia.org/wikipedia/commons/6/65/Flapper_Girl_Mardi_Gras_004_%288518820616%29.jpg,wikimedia,CC BY 2.0,ATTRIB-REQUIRED,jimcompanik2000,photo,1,history-aqa,The Position of Women: Flappers and Their Limits,,Photo by jimcompanik2000 · CC BY 2.0 · Wikimedia Commons,(needs description) (Photo by jimcompanik2000 · CC BY 2.0 · Wikimedia Commons),N
https://upload.wikimedia.org/wikipedia/commons/0/0c/19220901-lenin_stalin_at_gorki.jpg,wikimedia,Public domain,FREE,Maria Ulyanova,photo,1,history-aqa,The Power Struggle to Succeed Lenin,,Photo by Maria Ulyanova · public domain · Wikimedia Commons,(needs description) (Photo by Maria Ulyanova · public domain · Wikimedia Commons),N
https://images.unsplash.com/photo-1681899126074-0eacc54ae5a1,unsplash,,,,photo,1,history-aqa,"The Rise of Trade Unions: Tolpuddle to New Unionism, 1834-1889",,Photo via Unsplash,(needs description) (Photo via Unsplash),N
https://upload.wikimedia.org/wikipedia/commons/3/31/Charles_II_of_England_in_Coronation_robes.jpg,wikimedia,Public domain,FREE,John Michael Wright,photo,2,history-aqa,The Road Back to the Throne: Restoration of the Monarchy 1660,,Photo by John Michael Wright · public domain · Wikimedia Commons,(needs description) (Photo by John Michael Wright · public domain · Wikimedia Commons),N
https://upload.wikimedia.org/wikipedia/commons/b/b7/Royal_Society_%28Great_Britain%29-6.jpg,wikimedia,Public domain,FREE,Royal Society (Great Britain),photo,1,history-aqa,"The Royal Society, Pepys and the New Science",,Photo by Royal Society (Great Britain) · public domain · Wikimedia Commons,(needs description) (Photo by Royal Society (Great Britain) · public domain · Wikimedia Commons),N
https://upload.wikimedia.org/wikipedia/commons/0/0e/18pdrsAtSigny-Signets8September1914.jpg,wikimedia,Public domain,FREE,Photographer: Money R C (Lt),photo,1,history-aqa,The Schlieffen Plan and the Battle of the Marne,,Photo by Photographer: Money R C (Lt) · public domain · Wikimedia Commons,(needs description) (Photo by Photographer: Money R C (Lt) · public domain · Wikimedia Commons),N
https://upload.wikimedia.org/wikipedia/commons/a/a1/Map_of_Africa_in_1880.jpg,wikimedia,CC BY 4.0,ATTRIB-REQUIRED,User:DaniCBP,photo,1,history-aqa,The Scramble for Africa & the Boer War,,Photo by User:DaniCBP · CC BY 4.0 · Wikimedia Commons,(needs description) (Photo by User:DaniCBP · CC BY 4.0 · Wikimedia Commons),N
https://upload.wikimedia.org/wikipedia/commons/d/d1/World_War_II_woman_aircraft_worker%2C_Vega_Aircraft_Corporation%2C_Burbank%2C_California_1942.jpg,wikimedia,Public domain,FREE,"Bransby, David, photographer.",photo,1,history-aqa,The Second World War and American Recovery,,"Photo by Bransby, David, photographer. · public domain · Wikimedia Commons","(needs description) (Photo by Bransby, David, photographer. · public domain · Wikimedia Commons)",N
https://upload.wikimedia.org/wikipedia/commons/f/f4/Buddhas_of_Bamiyan_D41.jpg,wikimedia,CC BY-SA 3.0,SHARE-ALIKE,František Řiháček,photo,1,history-aqa,The Taliban and Afghanistan as a Rogue State,,Photo by František Řiháček · CC BY-SA 3.0 · Wikimedia Commons,(needs description) (Photo by František Řiháček · CC BY-SA 3.0 · Wikimedia Commons),N
https://upload.wikimedia.org/wikipedia/commons/f/f1/Cholon_after_Tet_Offensive_operations_1968.jpg,wikimedia,Public domain,FREE,"Meyerson, Joel D.",photo,1,history-aqa,"The Tet Offensive, 1968",,"Photo by Meyerson, Joel D. · public domain · Wikimedia Commons","(needs description) (Photo by Meyerson, Joel D. · public domain · Wikimedia Commons)",N
https://upload.wikimedia.org/wikipedia/commons/7/77/KellyJohnsonandGaryPowers.jpg,wikimedia,Public domain,FREE,U.S. Air Force photo,photo,1,history-aqa,The U2 Crisis and the Paris Summit,,Photo by U.S. Air Force photo · public domain · Wikimedia Commons,(needs description) (Photo by U.S. Air Force photo · public domain · Wikimedia Commons),N
https://pub-aeb94e100e5a48f4a133be5bf206aecb.r2.dev/history/conflict-tension/lesson 2 hero.jpg,generated,,generated,,generated (original),4,history-aqa,The Versailles Settlement: Terms and Diktat,Three figures examine a large document on a long table in a grand hall,StudyVault illustration,Three figures examine a large document on a long table in a grand hall (StudyVault illustration),N
https://upload.wikimedia.org/wikipedia/commons/8/89/Queen_Elizabeth_class_ship_Jutland_battle_damage_1916_IWM_Q_23212.jpg,wikimedia,Public domain,FREE,"Curzon, Commander RNVR, The Viscount, 5th Earl Howe PC, CBE, VD",photo,1,history-aqa,"The War at Sea: Jutland, U-boats and Convoys",,"Photo by Curzon, Commander RNVR, The Viscount, 5th Earl Howe PC, CBE, VD · public domain · Wikimedia Commons","(needs description) (Photo by Curzon, Commander RNVR, The Viscount, 5th Earl Howe PC, CBE, VD · public domain · Wikimedia Commons)",N
https://upload.wikimedia.org/wikipedia/commons/1/16/WW1%3B_Gallipoli%3B_embarking_the_wounded_Wellcome_L0024987.jpg,wikimedia,CC BY 4.0,ATTRIB-REQUIRED,unknown artist,photo,1,history-aqa,The Wider War: Gallipoli and Other Fronts,,Photo by unknown artist · CC BY 4.0 · Wikimedia Commons,(needs description) (Photo by unknown artist · CC BY 4.0 · Wikimedia Commons),N
https://upload.wikimedia.org/wikipedia/commons/1/1f/Adolf_Hitler_-_Molotov-Ribbentrop_pact_at_Berghof_-_1939_%28242-EB-6-40B%29.jpg,wikimedia,Public domain,FREE,Eva Braun,photo,2,history-aqa,The failure of Weimar democracy and Hitler's appointment,,Photo by Eva Braun · public domain · Wikimedia Commons,(needs description) (Photo by Eva Braun · public domain · Wikimedia Commons),N
https://upload.wikimedia.org/wikipedia/commons/5/53/Medicine_during_the_First_World_War_Q33426.jpg,wikimedia,Public domain,FREE,British official photographer,photo,2,history-aqa,Trench Warfare on the Western Front,,Photo by British official photographer · public domain · Wikimedia Commons,(needs description) (Photo by British official photographer · public domain · Wikimedia Commons),N
https://upload.wikimedia.org/wikipedia/commons/e/e3/Plaque_Plan_Marshall_%28en_anglais%29%2C_H%C3%B4tel_Talleyrand%2C_Paris_1.jpg,wikimedia,CC BY-SA 3.0,SHARE-ALIKE,Wikimedia Commons / Mu,photo,1,history-aqa,Truman Doctrine and Marshall Plan,,Photo by Wikimedia Commons / Mu · CC BY-SA 3.0 · Wikimedia Commons,(needs description) (Photo by Wikimedia Commons / Mu · CC BY-SA 3.0 · Wikimedia Commons),N
https://images.unsplash.com/photo-1567108077905-f8a10e69a5a6,unsplash,,,,photo,1,history-aqa,"Vikings, Anglo-Saxons & the Danelaw",,Photo via Unsplash,(needs description) (Photo via Unsplash),N
https://upload.wikimedia.org/wikipedia/commons/c/cf/William_Wallace_Statue_Wallace_Monument_2024.jpg,wikimedia,CC0,FREE,Karmapolisedinburgh,photo,1,history-aqa,"Wallace, Bruce and the 'Hammer of the Scots', 1297-1307",,Photo by Karmapolisedinburgh · public domain · Wikimedia Commons,(needs description) (Photo by Karmapolisedinburgh · public domain · Wikimedia Commons),N
https://upload.wikimedia.org/wikipedia/commons/9/98/Polish-soviet_propaganda_poster_1920.jpg,wikimedia,Public domain,FREE,Stepan Mukharsky,photo,1,history-aqa,"War Communism, Kronstadt and the NEP",,Photo by Stepan Mukharsky · public domain · Wikimedia Commons,(needs description) (Photo by Stepan Mukharsky · public domain · Wikimedia Commons),N
https://images.unsplash.com/photo-1758653500607-f223a5628edc,unsplash,,,,photo,1,history-aqa,"Weighing the Factors: Continuity, Change and Progress c1000-Today",,Photo via Unsplash,(needs description) (Photo via Unsplash),N
https://upload.wikimedia.org/wikipedia/commons/b/bf/Bundesarchiv_Bild_119-2815-20%2C_Wismar%2C_Kapp-Putsch%2C_Reichswehrsoldaten.jpg,wikimedia,CC BY-SA 3.0 de,SHARE-ALIKE,Unknown,photo,2,history-aqa,"Weimar democracy and political unrest, 1919-1923",,Photo by Unknown · CC BY-SA 3.0 de · Wikimedia Commons,(needs description) (Photo by Unknown · CC BY-SA 3.0 de · Wikimedia Commons),N
https://upload.wikimedia.org/wikipedia/commons/0/0e/Minesweeper_Construction_at_Can_Car%2C_1918_-b.jpg,wikimedia,Public domain,FREE,Unknown author,photo,1,history-aqa,"Weltpolitik, the Navy Laws and German society",,Photo by Unknown author · public domain · Wikimedia Commons,(needs description) (Photo by Unknown author · public domain · Wikimedia Commons),N
https://upload.wikimedia.org/wikipedia/commons/a/aa/STS004-37-716_-_Strait_of_Hormuz.jpg,wikimedia,Public domain,FREE,NASA,photo,1,history-aqa,"Western, Russian and Regional Interests in the Gulf",,Photo by NASA · public domain · Wikimedia Commons,(needs description) (Photo by NASA · public domain · Wikimedia Commons),N
https://images.unsplash.com/photo-1770795264113-0668e03a5a84,unsplash,,,,photo,1,history-aqa,"Wool, Banks and the Royal Purse",,Photo via Unsplash,(needs description) (Photo via Unsplash),N
https://upload.wikimedia.org/wikipedia/commons/0/05/Yalta_Conference_%28Churchill%2C_Roosevelt%2C_Stalin%29_%28B%26W%29.jpg,generated,,generated,,generated (original),2,history-aqa,Yalta and Potsdam: Allies Become Rivals,"An ornate hall features a large, star-shaped conference table with a central opening",StudyVault illustration,"An ornate hall features a large, star-shaped conference table with a central opening (StudyVault illustration)",N
https://pub-aeb94e100e5a48f4a133be5bf206aecb.r2.dev/history-edexcel/british-america/lesson-08-hero.jpg,r2,,,,photo,1,history-edexcel,"After Victory: Frontier and Tax Tensions, 1763–64",,Photo via Unsplash,(needs description) (Photo via Unsplash),N
https://upload.wikimedia.org/wikipedia/commons/e/e8/Harold_Godwinson_02.jpg,wikimedia,Public domain,FREE,Anonymus (The Life of King Edward the Confessor),photo,1,history-edexcel,"Anglo-Saxon Government, Economy & Society",,Photo by Anonymus (The Life of King Edward the Confessor) · public domain · Wikimedia Commons,(needs description) (Photo by Anonymus (The Life of King Edward the Confessor) · public domain · Wikimedia Commons),N
https://upload.wikimedia.org/wikipedia/commons/6/68/William_Duke_of_Normandy_20220220_115310.jpg,wikimedia,CC BY-SA 4.0,SHARE-ALIKE,Dcs57,photo,1,history-edexcel,Anglo-Saxon Resistance & the Harrying of the North,,Photo by Dcs57 · CC BY-SA 4.0 · Wikimedia Commons,(needs description) (Photo by Dcs57 · CC BY-SA 4.0 · Wikimedia Commons),N
https://upload.wikimedia.org/wikipedia/commons/7/7e/Water-ordeal.jpg,wikimedia,Public domain,FREE,Diebold Schilling the Younger,photo,1,history-edexcel,"Anglo-Saxon crime, communities and the wergild",,Photo by Diebold Schilling the Younger · public domain · Wikimedia Commons,(needs description) (Photo by Diebold Schilling the Younger · public domain · Wikimedia Commons),N
https://upload.wikimedia.org/wikipedia/commons/1/15/Civil_Rights_March_on_Washington%2C_D.C._%28Dr._Martin_Luther_King%2C_Jr._and_Mathew_Ahmann_in_a_crowd.%29_-_NARA_-_542015_-_Restoration.jpg,wikimedia,Public domain,FREE,Rowland Scherman / Adam Cuerden,photo,4,history-edexcel,"Birmingham, Washington and the Civil Rights Act, 1963-64",,Photo by Rowland Scherman / Adam Cuerden · public domain · Wikimedia Commons,(needs description) (Photo by Rowland Scherman / Adam Cuerden · public domain · Wikimedia Commons),N
https://upload.wikimedia.org/wikipedia/commons/7/74/President_Dwight_Eisenhower_greets_the_meeting_of_the_NAACP_in_Washington%2C_D.C.jpg,wikimedia,Public domain,FREE,Department of the Interior. National Park Service. National Capital Parks. Office of Public Information. -1/1962,photo,1,history-edexcel,"Black America in 1954: Segregation, Voting and the NAACP",,Photo by Department of the Interior. National Park Service. National Capital Parks. Office of Public Information. -1/1962 · public domain · Wikimedia Commons,(needs description) (Photo by Department of the Interior. National Park Service. National Capital Parks. Office of Public Information. -1/1962 · public domain · Wikimedia Commons),N
https://upload.wikimedia.org/wikipedia/commons/c/c8/Peter_Norman%2C_John_Carlos%2C_Tommie_Smith_1968.jpg,wikimedia,Public domain,FREE,Angelo Cozzi (Mondadori Publishers),photo,1,history-edexcel,"Black Power, the Panthers and the 1968 Olympics",,Photo by Angelo Cozzi (Mondadori Publishers) · public domain · Wikimedia Commons,(needs description) (Photo by Angelo Cozzi (Mondadori Publishers) · public domain · Wikimedia Commons),N
https://upload.wikimedia.org/wikipedia/commons/b/b6/Great_Fire_London.jpg,wikimedia,Public domain,FREE,Unknown artist,photo,2,history-edexcel,"Bombs over London: Black Saturday, the East End and the V-weapons",,Photo by Unknown artist · public domain · Wikimedia Commons,(needs description) (Photo by Unknown artist · public domain · Wikimedia Commons),N
https://upload.wikimedia.org/wikipedia/commons/4/4f/Brest-litovsk-feb-9-1918a.jpg,wikimedia,Public domain,FREE,Oleksandr Mazyar,photo,1,history-edexcel,"Brest-Litovsk and the Civil War, 1918–21",,Photo by Oleksandr Mazyar · public domain · Wikimedia Commons,(needs description) (Photo by Oleksandr Mazyar · public domain · Wikimedia Commons),N
https://pub-aeb94e100e5a48f4a133be5bf206aecb.r2.dev/history-edexcel/usa-conflict-home-abroad/lesson-02-hero.jpg,r2,,,,photo,1,history-edexcel,Brown v. Topeka 1954: A Legal Earthquake,,Photo via Unsplash,(needs description) (Photo via Unsplash),N
https://upload.wikimedia.org/wikipedia/commons/f/ff/Portret_van_Edward_Cardwell_Viscount_Cardwell_%28titel_op_object%29%2C_RP-F-2001-7-235C-10.jpg,wikimedia,CC0,FREE,Rijksmuseum,photo,1,history-edexcel,"Cardwell, professionalisation and the Victorian citizen-soldier",,Photo by Rijksmuseum · public domain · Wikimedia Commons,(needs description) (Photo by Rijksmuseum · public domain · Wikimedia Commons),N
https://upload.wikimedia.org/wikipedia/commons/2/25/United_Kingdom_Leicester_Belgrave_Rd_Diwali_Lights_2006.jpg,wikimedia,CC BY-SA 2.0,SHARE-ALIKE,R4vi,photo,1,history-edexcel,Case Studies: Bristol Mid-20th Century and Asian Leicester from 1945,,Photo by R4vi · CC BY-SA 2.0 · Wikimedia Commons,(needs description) (Photo by R4vi · CC BY-SA 2.0 · Wikimedia Commons),N
https://upload.wikimedia.org/wikipedia/commons/e/e7/Jewish_East_London_%281901%29.jpg,wikimedia,Public domain,FREE,George Arkell,photo,2,history-edexcel,"Case Study: Jewish East End and the Aliens Act, c1880–1914",,Photo by George Arkell · public domain · Wikimedia Commons,(needs description) (Photo by George Arkell · public domain · Wikimedia Commons),N
https://upload.wikimedia.org/wikipedia/commons/6/6f/The_picture_of_Liverpool%3B_%281808%29_%2814801719493%29.jpg,wikimedia,No restrictions,FREE,Internet Archive Book Images,photo,1,history-edexcel,Case Study: Liverpool and the Irish in the 19th Century,,Photo by Internet Archive Book Images · public domain · Wikimedia Commons,(needs description) (Photo by Internet Archive Book Images · public domain · Wikimedia Commons),N
https://upload.wikimedia.org/wikipedia/commons/b/bf/Jorvik_Viking_Centre_-_geograph.org.uk_-_5635945.jpg,wikimedia,CC BY-SA 2.0,SHARE-ALIKE,Richard Sutcliffe,photo,1,history-edexcel,Case Study: York under the Vikings,,Photo by Richard Sutcliffe · CC BY-SA 2.0 · Wikimedia Commons,(needs description) (Photo by Richard Sutcliffe · CC BY-SA 2.0 · Wikimedia Commons),N
https://pub-aeb94e100e5a48f4a133be5bf206aecb.r2.dev/history-edexcel/early-elizabethan-england/lesson-06-hero.jpg,r2,,,,photo,1,history-edexcel,"Catholic plots and Walsingham's spies, 1571–87",,Photo via Unsplash,(needs description) (Photo via Unsplash),N
https://upload.wikimedia.org/wikipedia/commons/b/bb/Book_of_Texas_%281916%29_%2814586887939%29.jpg,wikimedia,No restrictions,FREE,"Benedict, Harry Yandell, 1869-1937; Lomax, John A. (John Avery), 1867-1948",photo,1,history-edexcel,"Cattle's End, the Range Wars and Frontier Law and Order",,"Photo by Benedict, Harry Yandell, 1869-1937; Lomax, John A. (John Avery), 1867-1948 · public domain · Wikimedia Commons","(needs description) (Photo by Benedict, Harry Yandell, 1869-1937; Lomax, John A. (John Avery), 1867-1948 · public domain · Wikimedia Commons)",N
https://upload.wikimedia.org/wikipedia/commons/8/8a/The_Double_Deliverance_1588_1605_%28BM_1847%2C0723.11_1%29.jpg,wikimedia,Public domain,FREE,unknown artist,photo,1,history-edexcel,Challenges to the settlement: Puritans and Catholics,,Photo by unknown artist · public domain · Wikimedia Commons,(needs description) (Photo by unknown artist · public domain · Wikimedia Commons),N
https://upload.wikimedia.org/wikipedia/commons/8/8a/Memorial_Hall_of_the_Chinese_People%27s_War_of_Resistance_Against_Japanese_Aggression_12.jpg,wikimedia,CC0,FREE,H2v5o68z,photo,1,history-edexcel,China in 1945: A Country at the Crossroads,,Photo by H2v5o68z · public domain · Wikimedia Commons,(needs description) (Photo by H2v5o68z · public domain · Wikimedia Commons),N
https://upload.wikimedia.org/wikipedia/commons/9/90/Chinese_Nationalist_artillery_during_the_Chinese_Civil_War.jpg,wikimedia,Public domain,FREE,Toronto Star Archives,photo,1,history-edexcel,"Civil War and Communist Victory, 1945-49",,Photo by Toronto Star Archives · public domain · Wikimedia Commons,(needs description) (Photo by Toronto Star Archives · public domain · Wikimedia Commons),N
https://images.unsplash.com/photo-1657832004003-95c5974ac53d,unsplash,,,,photo,2,history-edexcel,Civilians and recruitment in the medieval army,,Photo via Unsplash,(needs description) (Photo via Unsplash),N
https://upload.wikimedia.org/wikipedia/commons/f/f2/Bill_Clinton%2C_Yitzhak_Rabin%2C_Yasser_Arafat_at_the_White_House_1993-09-13.jpg,wikimedia,Public domain,FREE,Vince Musi / The White House,photo,1,history-edexcel,"Cold War End, the Gulf War and Oslo, 1989–95",,Photo by Vince Musi / The White House · public domain · Wikimedia Commons,(needs description) (Photo by Vince Musi / The White House · public domain · Wikimedia Commons),N
https://upload.wikimedia.org/wikipedia/commons/0/01/Away_With_Private_Peasants%21_%283273571261%29.jpg,wikimedia,Public domain,FREE,Иванова и Мирзаянц,photo,1,history-edexcel,Collectivisation and the Attack on the Kulaks,,Photo by Иванова и Мирзаянц · public domain · Wikimedia Commons,(needs description) (Photo by Иванова и Мирзаянц · public domain · Wikimedia Commons),N
https://pub-aeb94e100e5a48f4a133be5bf206aecb.r2.dev/history-edexcel/british-america/lesson-01-hero.jpg,r2,,,,photo,1,history-edexcel,Colonial Society in 1713,,Photo via Unsplash,(needs description) (Photo via Unsplash),N
https://pub-aeb94e100e5a48f4a133be5bf206aecb.r2.dev/history-edexcel/spain-new-world/lesson-03-hero.jpg,r2,,,,photo,1,history-edexcel,"Columbus Reaches the Americas: Tainos, Caribs and La Navidad",,Photo via Unsplash,(needs description) (Photo via Unsplash),N
https://pub-aeb94e100e5a48f4a133be5bf206aecb.r2.dev/history-edexcel/spain-new-world/lesson-02-hero.jpg,r2,,,,photo,1,history-edexcel,Columbus's Sponsorship and the First Voyage of 1492,,Photo via Unsplash,(needs description) (Photo via Unsplash),N
https://pub-aeb94e100e5a48f4a133be5bf206aecb.r2.dev/history-edexcel/maos-china/lesson-12-hero.jpg,r2,,,,photo,1,history-edexcel,"Communist Control: Propaganda, Censorship and the Cult of Mao",,Photo via Unsplash,(needs description) (Photo via Unsplash),N
https://upload.wikimedia.org/wikipedia/commons/7/7c/British_Mandate_of_Palestine-1947.jpg,wikimedia,Public domain,FREE,Hans Pinn,photo,1,history-edexcel,"Conflicting Interests in the British Mandate, c1920–45",,Photo by Hans Pinn · public domain · Wikimedia Commons,(needs description) (Photo by Hans Pinn · public domain · Wikimedia Commons),N
https://upload.wikimedia.org/wikipedia/commons/4/4e/The_history_of_slavery_and_the_slave_trade%2C_ancient_and_modern_-_the_forms_of_slavery_that_prevailed_in_ancient_nations%2C_particularly_in_Greece_and_Rome%3B_the_African_slave_trade_and_the_political_%2814804912403%29.jpg,wikimedia,No restrictions,FREE,Internet Archive Book Images,photo,1,history-edexcel,"Consequences: Slavery, Indigenous Peoples and Loyalists",,Photo by Internet Archive Book Images · public domain · Wikimedia Commons,(needs description) (Photo by Internet Archive Book Images · public domain · Wikimedia Commons),N
https://upload.wikimedia.org/wikipedia/commons/3/33/Spanish_Colonization_of_Mexico.jpg,wikimedia,Public domain,FREE,"Thomas Townsend, Esq., London.[1]",photo,2,history-edexcel,Cortes and the Conquest of Mexico,,"Photo by Thomas Townsend, Esq., London.[1] · public domain · Wikimedia Commons","(needs description) (Photo by Thomas Townsend, Esq., London.[1] · public domain · Wikimedia Commons)",N
https://upload.wikimedia.org/wikipedia/commons/b/b4/Hern%C3%A1n_Cort%C3%A9s_and_La_Malinche_1576_Dur%C3%A1n_Codex.jpg,wikimedia,Public domain,FREE,Diego Durán,photo,1,history-edexcel,Cortes as Governor and the Spanish Base at Panama,,Photo by Diego Durán · public domain · Wikimedia Commons,(needs description) (Photo by Diego Durán · public domain · Wikimedia Commons),N
https://upload.wikimedia.org/wikipedia/commons/4/49/1923_gdansk_500mln.JPG,wikimedia,CC BY-SA 3.0,SHARE-ALIKE,unknown artist,photo,3,history-edexcel,Crisis of 1923: Hyperinflation & the Ruhr,,Photo by unknown artist · CC BY-SA 3.0 · Wikimedia Commons,(needs description) (Photo by unknown artist · CC BY-SA 3.0 · Wikimedia Commons),N
https://upload.wikimedia.org/wikipedia/commons/9/96/Thomas_Cromwell%2C_portrait_miniature_wearing_garter_collar%2C_after_Hans_Holbein_the_Younger.jpg,wikimedia,Public domain,FREE,After Hans Holbein the Younger,photo,1,history-edexcel,"Cromwell's Rise to Power, 1529–34",,Photo by After Hans Holbein the Younger · public domain · Wikimedia Commons,(needs description) (Photo by After Hans Holbein the Younger · public domain · Wikimedia Commons),N
https://upload.wikimedia.org/wikipedia/commons/d/d8/Hans_Holbein_der_J%C3%BCngere_-_Anne_of_Cleves_%28miniature%29%2C_1539_-_V%26A_museum.jpg,wikimedia,Public domain,FREE,Hans Holbein the Younger,photo,1,history-edexcel,"Cromwell, Government Reform and the Fall, 1534–40",,Photo by Hans Holbein the Younger · public domain · Wikimedia Commons,(needs description) (Photo by Hans Holbein the Younger · public domain · Wikimedia Commons),N
https://upload.wikimedia.org/wikipedia/commons/c/c3/Nixon_and_Zhou_toast.jpg,wikimedia,Public domain,FREE,White House Photographer,photo,1,history-edexcel,"Détente: SALT, Helsinki & the Limits of Peace",,Photo by White House Photographer · public domain · Wikimedia Commons,(needs description) (Photo by White House Photographer · public domain · Wikimedia Commons),N
https://upload.wikimedia.org/wikipedia/commons/4/46/1917petrogradsoviet_assembly.jpg,wikimedia,Public domain,FREE,User Kristallstadt on en.wikipedia,photo,2,history-edexcel,Early Bolshevik Decrees and the Constituent Assembly,,Photo by User Kristallstadt on en.wikipedia · public domain · Wikimedia Commons,(needs description) (Photo by User Kristallstadt on en.wikipedia · public domain · Wikimedia Commons),N
https://upload.wikimedia.org/wikipedia/commons/5/52/Eug%C3%A8ne_Du_Faget_-_Costume_designs_for_Les_Huguenots_-_2._Julie_Dorus-Gras_as_Marguerite%2C_Adolphe_Nourrit_as_Raoul%2C_and_Corn%C3%A9lie_Falcon_as_Valentine.jpg,wikimedia,Public domain,FREE,Adam Cuerden,photo,1,history-edexcel,"Early Modern Arrivals, c1500–c1700",,Photo by Adam Cuerden · public domain · Wikimedia Commons,(needs description) (Photo by Adam Cuerden · public domain · Wikimedia Commons),N
https://upload.wikimedia.org/wikipedia/commons/8/88/The_Three_Witches_in_Macbeth.jpg,wikimedia,Public domain,FREE,Cavendish Morton,photo,1,history-edexcel,"Early modern crime: heresy, treason and witchcraft",,Photo by Cavendish Morton · public domain · Wikimedia Commons,(needs description) (Photo by Cavendish Morton · public domain · Wikimedia Commons),N
https://upload.wikimedia.org/wikipedia/commons/4/44/Scene_from_recreation_of_Battle_of_Naseby.jpg,wikimedia,CC BY-SA 3.0,SHARE-ALIKE,unknown artist,photo,1,history-edexcel,Early modern warfare and the New Model Army c1500–c1700,,Photo by unknown artist · CC BY-SA 3.0 · Wikimedia Commons,(needs description) (Photo by unknown artist · CC BY-SA 3.0 · Wikimedia Commons),N
https://upload.wikimedia.org/wikipedia/commons/d/d3/-Quotations_from_Chariman_Mao_Zedong_..._All_the_Reactionaries_are_Paper_Tigers_%28%E4%B8%80%E5%88%87%E5%8F%8D%E5%8A%A8%E6%B4%BE%E9%83%BD%E6%98%AF%E7%BA%B8%E8%80%81%E8%99%8E%29-_%2848647715223%29.jpg,wikimedia,CC BY 2.0,ATTRIB-REQUIRED,"Thomas Fisher Rare Book Library, UofT",photo,1,history-edexcel,"Education, Health and Cultural Change",,"Photo by Thomas Fisher Rare Book Library, UofT · CC BY 2.0 · Wikimedia Commons","(needs description) (Photo by Thomas Fisher Rare Book Library, UofT · CC BY 2.0 · Wikimedia Commons)",N
https://upload.wikimedia.org/wikipedia/commons/4/46/Jerry_Abershaw._Pirates_and_Highwaymen_series%2C_Lambert_%26_Butler%27s_Cigarette_card.jpg,wikimedia,Public domain,FREE,Unknown author,photo,1,history-edexcel,"Eighteenth- and nineteenth-century crime: highwaymen, smugglers and protest",,Photo by Unknown author · public domain · Wikimedia Commons,(needs description) (Photo by Unknown author · public domain · Wikimedia Commons),N
https://upload.wikimedia.org/wikipedia/commons/c/c4/Coronation_Procession_of_Elizabeth_I_of_England_1559.jpg,wikimedia,Public domain,FREE,Unknown author,photo,1,history-edexcel,Elizabeth's accession in 1558: a difficult inheritance,,Photo by Unknown author · public domain · Wikimedia Commons,(needs description) (Photo by Unknown author · public domain · Wikimedia Commons),N
https://images.unsplash.com/photo-1583148178209-dc3f964671ef,unsplash,,,,photo,4,history-edexcel,Elizabethan society: education and leisure,,Photo via Unsplash,(needs description) (Photo via Unsplash),N
https://images.unsplash.com/photo-1643323366823-fb83c58c0261,unsplash,,,,photo,1,history-edexcel,"Ending the Bloody Code: Howard, Fry and Pentonville",,Photo via Unsplash,(needs description) (Photo via Unsplash),N
https://upload.wikimedia.org/wikipedia/commons/d/d1/Worcester_Cathedral%2C_Tomb_of_King_John_d._1216_-_geograph.org.uk_-_6356271.jpg,wikimedia,CC BY-SA 2.0,SHARE-ALIKE,Michael Garlick,photo,1,history-edexcel,"England in 1216: John's Death, Succession and William Marshal as Regent",,Photo by Michael Garlick · CC BY-SA 2.0 · Wikimedia Commons,(needs description) (Photo by Michael Garlick · CC BY-SA 2.0 · Wikimedia Commons),N
https://upload.wikimedia.org/wikipedia/commons/9/9f/80%2C000%2C000_Chinese_Communists_who_inhabit_thousands_of_square_miles_of_Northern_China_and_are_ruled%2C_in_spite_of_the..._-_NARA_-_196234.jpg,wikimedia,Public domain,FREE,Unknown author,photo,1,history-edexcel,"Establishing Communist Rule and the Korean War, 1949-53",,Photo by Unknown author · public domain · Wikimedia Commons,(needs description) (Photo by Unknown author · public domain · Wikimedia Commons),N
https://upload.wikimedia.org/wikipedia/commons/6/63/The_establishment_of_law_and_order_on_western_plains_%281915%29_%2814775479824%29.jpg,wikimedia,No restrictions,FREE,Internet Archive Book Images,photo,1,history-edexcel,Establishing Law and Order on the Plains,,Photo by Internet Archive Book Images · public domain · Wikimedia Commons,(needs description) (Photo by Internet Archive Book Images · public domain · Wikimedia Commons),N
https://pub-aeb94e100e5a48f4a133be5bf206aecb.r2.dev/history-edexcel/early-elizabethan-england/lesson-11-hero.jpg,r2,,,,photo,1,history-edexcel,"Exploration, Drake's circumnavigation and the Virginia colony",,Photo via Unsplash,(needs description) (Photo via Unsplash),N
https://pub-aeb94e100e5a48f4a133be5bf206aecb.r2.dev/history-edexcel/richard-i-king-john/lesson-01-hero.jpg,r2,,,,photo,1,history-edexcel,"Feudal England in 1189: Society, Towns and the Jewish Communities",,Photo via Unsplash,(needs description) (Photo via Unsplash),N
https://upload.wikimedia.org/wikipedia/commons/f/f9/Declaration_of_Independence_%281819%29%2C_by_John_Trumbull.jpg,wikimedia,Public domain,FREE,John Trumbull,photo,2,history-edexcel,"From Congress to Independence, 1774–76",,Photo by John Trumbull · public domain · Wikimedia Commons,(needs description) (Photo by John Trumbull · public domain · Wikimedia Commons),N
https://upload.wikimedia.org/wikipedia/commons/4/41/Ho_Chi_Minh_City%2C_Vietnam%2C_War_Remnants_Museum.jpg,wikimedia,CC BY 4.0,ATTRIB-REQUIRED,Vyacheslav Argenberg,photo,1,history-edexcel,"From Diem to Tonkin: US Steps into Vietnam, 1954-64",,Photo by Vyacheslav Argenberg · CC BY 4.0 · Wikimedia Commons,(needs description) (Photo by Vyacheslav Argenberg · CC BY 4.0 · Wikimedia Commons),N
https://upload.wikimedia.org/wikipedia/commons/8/8d/Reagan_and_Gorbachev_signing.jpg,wikimedia,Public domain,FREE,White House Photographic Office,photo,2,history-edexcel,Gorbachev & the Collapse of the Soviet Union,,Photo by White House Photographic Office · public domain · Wikimedia Commons,(needs description) (Photo by White House Photographic Office · public domain · Wikimedia Commons),N
https://pub-aeb94e100e5a48f4a133be5bf206aecb.r2.dev/history-edexcel/british-america/lesson-09-hero.jpg,r2,,,,photo,1,history-edexcel,"Growing Opposition: Stamp Act to Boston Tea Party, 1765–73",,Photo via Unsplash,(needs description) (Photo via Unsplash),N
https://upload.wikimedia.org/wikipedia/commons/b/b6/U.S._Army_paratroopers_of_the_173rd_Airborne_Brigade_prepare_to_board_C-17_Globemaster_III%27s_in_support_of_Operation_Iraqi_Freedom_on_March_23%2C_2003_at_Aviano_Air_Base%2C_Italy.jpg,wikimedia,Public domain,FREE,"Tech. Sgt. Stephen Faulisi, U.S. Air Force",photo,1,history-edexcel,High-tech warfare and the Iraq War 2003,,"Photo by Tech. Sgt. Stephen Faulisi, U.S. Air Force · public domain · Wikimedia Commons","(needs description) (Photo by Tech. Sgt. Stephen Faulisi, U.S. Air Force · public domain · Wikimedia Commons)",N
https://upload.wikimedia.org/wikipedia/commons/5/51/Adolf_Hitler_-_Molotov-Ribbentrop_pact_at_Berghof_-_1939_%28242-EB-6-40D%29.jpg,wikimedia,Public domain,FREE,Eva Braun,photo,1,history-edexcel,Hitler Becomes Chancellor 1932–33,,Photo by Eva Braun · public domain · Wikimedia Commons,(needs description) (Photo by Eva Braun · public domain · Wikimedia Commons),N
https://upload.wikimedia.org/wikipedia/commons/a/a0/Bundesarchiv_Bild_119-1486%2C_Hitler-Putsch%2C_M%C3%BCnchen%2C_Marienplatz.jpg,wikimedia,CC BY-SA 3.0 de,SHARE-ALIKE,Unknown,photo,1,history-edexcel,Hitler’s Early Career & the Munich Putsch 1923,,Photo by Unknown · CC BY-SA 3.0 de · Wikimedia Commons,(needs description) (Photo by Unknown · CC BY-SA 3.0 de · Wikimedia Commons),N
https://images.unsplash.com/photo-1479968071622-d0a39f8551be,unsplash,,,,photo,1,history-edexcel,Homesteaders: The Homestead Act and the Timber Culture Act,,Photo via Unsplash,(needs description) (Photo via Unsplash),N
https://upload.wikimedia.org/wikipedia/commons/b/bc/The_Spanish_Borderlands_%281921%29_Mission_of_San_Carlos.jpg,wikimedia,No restrictions,FREE,Internet Archive Book Images,photo,1,history-edexcel,"Imperial Policy: Trade Monopoly, Slavery and the Missionaries",,Photo by Internet Archive Book Images · public domain · Wikimedia Commons,(needs description) (Photo by Internet Archive Book Images · public domain · Wikimedia Commons),N
https://upload.wikimedia.org/wikipedia/commons/1/12/At_the_Sand_Creek_Massacre%2C_1874-1875.jpg,wikimedia,Public domain,FREE,Howling Wolf,photo,1,history-edexcel,"Indian Wars: Little Crow, Sand Creek and Red Cloud",,Photo by Howling Wolf · public domain · Wikimedia Commons,(needs description) (Photo by Howling Wolf · public domain · Wikimedia Commons),N
https://images.unsplash.com/photo-1773720263455-04064b4e5a4c,unsplash,,,,photo,1,history-edexcel,"Industrial Britain: Irish, Empire and Refugees, c1700–c1900",,Photo via Unsplash,(needs description) (Photo via Unsplash),N
https://upload.wikimedia.org/wikipedia/commons/e/ef/A_compilation_of_the_messages_and_papers_of_the_presidents%2C_1789-1897._%281896%29_%2814784213815%29.jpg,wikimedia,No restrictions,FREE,Internet Archive Book Images,photo,1,history-edexcel,"Industrial warfare c1700–c1900: weapons, transport and the cavalry’s decline",,Photo by Internet Archive Book Images · public domain · Wikimedia Commons,(needs description) (Photo by Internet Archive Book Images · public domain · Wikimedia Commons),N
https://upload.wikimedia.org/wikipedia/commons/9/98/The_Illustrated_Police_News_-_August_18%2C_1889_-_Martha_Tabram.jpg,wikimedia,Public domain,FREE,Unknown author,photo,1,history-edexcel,"Investigating the Ripper: detection, sources and the press",,Photo by Unknown author · public domain · Wikimedia Commons,(needs description) (Photo by Unknown author · public domain · Wikimedia Commons),N
https://upload.wikimedia.org/wikipedia/commons/f/f9/Isdud_After_the_1948_Arab-Israeli_War_%28D281-049%29.jpg,wikimedia,Public domain,FREE,Israeli GPO photographer Original uploader was FireSky,photo,1,history-edexcel,"Israel after the War, 1949–55",,Photo by Israeli GPO photographer Original uploader was FireSky · public domain · Wikimedia Commons,(needs description) (Photo by Israeli GPO photographer Original uploader was FireSky · public domain · Wikimedia Commons),N
https://upload.wikimedia.org/wikipedia/commons/c/c2/Jerusalem_Dome_of_the_rock_BW_14.JPG,wikimedia,Public domain,FREE,Berthold Werner,photo,1,history-edexcel,"Jerusalem Lost, Ransom Paid: Richard's Return and Capture",,Photo by Berthold Werner · public domain · Wikimedia Commons,(needs description) (Photo by Berthold Werner · public domain · Wikimedia Commons),N
https://upload.wikimedia.org/wikipedia/commons/8/86/King_John_of_England_and_the_bishops%2C_1208.jpg,wikimedia,Public domain,FREE,Unknown author,photo,1,history-edexcel,John versus the Pope: The Interdict and Its Aftermath,,Photo by Unknown author · public domain · Wikimedia Commons,(needs description) (Photo by Unknown author · public domain · Wikimedia Commons),N
https://upload.wikimedia.org/wikipedia/commons/9/94/Philippe2%2BArthur.jpg,wikimedia,Public domain,FREE,Chroniques de Saint-Denis,photo,1,history-edexcel,John's Accession and the Murder of Prince Arthur,,Photo by Chroniques de Saint-Denis · public domain · Wikimedia Commons,(needs description) (Photo by Chroniques de Saint-Denis · public domain · Wikimedia Commons),N
https://upload.wikimedia.org/wikipedia/commons/5/50/Shakespeare%27s_King_John_at_Drury_Lane_Theatre.jpg,wikimedia,Public domain,FREE,Uncredited,photo,1,history-edexcel,"Kingship, Succession and Ruling England in Richard's Absence",,Photo by Uncredited · public domain · Wikimedia Commons,(needs description) (Photo by Uncredited · public domain · Wikimedia Commons),N
https://upload.wikimedia.org/wikipedia/commons/6/66/Modern_China_--_Agricultural_and_Live_Stock.jpg,wikimedia,Public domain,FREE,Albert Herrmann &amp; Georg Westermann,photo,1,history-edexcel,"Land Reform and Agricultural Cooperation, 1949-57",,Photo by Albert Herrmann &amp; Georg Westermann · public domain · Wikimedia Commons,(needs description) (Photo by Albert Herrmann &amp; Georg Westermann · public domain · Wikimedia Commons),N
https://upload.wikimedia.org/wikipedia/commons/6/6c/Wild_West_Shooting_Gallery.jpg,wikimedia,Public domain,FREE,Zaid Hamid,photo,1,history-edexcel,Lawlessness in the Early West,,Photo by Zaid Hamid · public domain · Wikimedia Commons,(needs description) (Photo by Zaid Hamid · public domain · Wikimedia Commons),N
https://upload.wikimedia.org/wikipedia/commons/3/3d/The_Soviet_Union_1948_CPA_1277_stamp_%28Fourth_Five-Year_Plan_-_Agriculture._Harvesting_grain%29.jpg,wikimedia,Public domain,FREE,Post of the Soviet Union (V. V. Zavialov).,photo,2,history-edexcel,"Life in Stalin's USSR by 1941: Workers, Women and Minorities",,Photo by Post of the Soviet Union (V. V. Zavialov). · public domain · Wikimedia Commons,(needs description) (Photo by Post of the Soviet Union (V. V. Zavialov). · public domain · Wikimedia Commons),N
https://upload.wikimedia.org/wikipedia/commons/b/b8/Little_Rock_Central_High_School_%282024%29.jpg,wikimedia,CC BY 2.0,ATTRIB-REQUIRED,xiquinhosilva,photo,1,history-edexcel,"Little Rock and the White Backlash, 1955-60",,Photo by xiquinhosilva · CC BY 2.0 · Wikimedia Commons,(needs description) (Photo by xiquinhosilva · CC BY 2.0 · Wikimedia Commons),N
https://pub-aeb94e100e5a48f4a133be5bf206aecb.r2.dev/history-edexcel/warfare-british-society/lesson-13-hero.jpg,r2,,,,photo,1,history-edexcel,"Living through the Blitz: shelters, disasters and daily life",,Photo via Unsplash,(needs description) (Photo via Unsplash),N
https://upload.wikimedia.org/wikipedia/commons/b/bd/London_Blitz_9_September_1940.jpg,wikimedia,Public domain,FREE,H. F. Davis,photo,1,history-edexcel,"London at war 1939: target, port and government capital",,Photo by H. F. Davis · public domain · Wikimedia Commons,(needs description) (Photo by H. F. Davis · public domain · Wikimedia Commons),N
https://upload.wikimedia.org/wikipedia/commons/1/10/Schoolchildren_from_Montgomeryshire_%27dig_for_victory%27_%281495366%29.jpg,wikimedia,CC BY-SA 4.0,SHARE-ALIKE,Geoff Charles,photo,1,history-edexcel,"London’s response: government, Royals, propaganda and ‘Dig for Victory’",,Photo by Geoff Charles · CC BY-SA 4.0 · Wikimedia Commons,(needs description) (Photo by Geoff Charles · CC BY-SA 4.0 · Wikimedia Commons),N
https://upload.wikimedia.org/wikipedia/commons/d/db/Lung_cancer_HAVCR2.jpg,wikimedia,CC BY-SA 4.0,SHARE-ALIKE,Jurajb101,photo,1,history-edexcel,"Lung Cancer, Prevention & Modern Challenges",,Photo by Jurajb101 · CC BY-SA 4.0 · Wikimedia Commons,(needs description) (Photo by Jurajb101 · CC BY-SA 4.0 · Wikimedia Commons),N
https://upload.wikimedia.org/wikipedia/commons/5/59/Traditional_Workers_May_Day_Rally_and_March_Chicago_Illinois_5-1-18_1301_%2840960418725%29.jpg,wikimedia,CC BY-SA 2.0,SHARE-ALIKE,"Charles Edward Miller from Chicago, United States",photo,1,history-edexcel,"Malcolm X and the Black Muslims, 1952-65",,"Photo by Charles Edward Miller from Chicago, United States · CC BY-SA 2.0 · Wikimedia Commons","(needs description) (Photo by Charles Edward Miller from Chicago, United States · CC BY-SA 2.0 · Wikimedia Commons)",N
https://upload.wikimedia.org/wikipedia/commons/b/b9/Bison_bison_%28American_plains_buffalo%29_%28Little_Missouri_Badlands%2C_North_Dakota%2C_USA%29_10.jpg,wikimedia,CC BY 2.0,ATTRIB-REQUIRED,James St. John,photo,1,history-edexcel,Manifest Destiny and the Pull of the West,,Photo by James St. John · CC BY 2.0 · Wikimedia Commons,(needs description) (Photo by James St. John · CC BY 2.0 · Wikimedia Commons),N
https://upload.wikimedia.org/wikipedia/commons/9/9f/MaryQueenOfScots_bedchamber_Bolton.jpg,wikimedia,CC BY-SA 4.0,SHARE-ALIKE,Martinvl,photo,1,history-edexcel,"Mary, Queen of Scots arrives in England, 1568–69",,Photo by Martinvl · CC BY-SA 4.0 · Wikimedia Commons,(needs description) (Photo by Martinvl · CC BY-SA 4.0 · Wikimedia Commons),N
https://images.unsplash.com/photo-1651833757675-ac8580cf4ffd,unsplash,,,,photo,1,history-edexcel,Matthew Hopkins and the witch-hunts of 1645–47,,Photo via Unsplash,(needs description) (Photo via Unsplash),N
https://images.unsplash.com/photo-1559499225-5688f3bea8d4,unsplash,,,,photo,1,history-edexcel,"Medieval warfare: knights, archers and the feudal army c1250–c1500",,Photo via Unsplash,(needs description) (Photo via Unsplash),N
https://upload.wikimedia.org/wikipedia/commons/1/1f/Soldiers_from_the_British_Empire_in_front_of_a_ship_at_the_Dead_Sea_LOC_matpc.09233.jpg,wikimedia,Public domain,FREE,Matson Collection,photo,1,history-edexcel,"Modern Britain: Wars, Empire's End and the Law, c1900–present",,Photo by Matson Collection · public domain · Wikimedia Commons,(needs description) (Photo by Matson Collection · public domain · Wikimedia Commons),N
https://pub-aeb94e100e5a48f4a133be5bf206aecb.r2.dev/history-edexcel/crime-punishment-whitechapel/lesson-10-hero.jpg,r2,,,,photo,1,history-edexcel,"Modern crime: drugs, driving and race crimes",,Photo via Unsplash,(needs description) (Photo via Unsplash),N
https://pub-aeb94e100e5a48f4a133be5bf206aecb.r2.dev/history-edexcel/warfare-british-society/lesson-05-hero.jpg,r2,,,,photo,1,history-edexcel,"Modern recruitment: conscription, women and the professional army",,Photo via Unsplash,(needs description) (Photo via Unsplash),N
https://upload.wikimedia.org/wikipedia/commons/e/ea/Rosa_Parks_being_fingerprinted_by_Deputy_Sheriff_D.H._Lackey_after_being_arrested_on_February_22%2C_1956%2C_during_the_Montgomery_bus_boycott.jpg,wikimedia,Public domain,FREE,Gene Herrick for the Associated Press; restored by Adam Cuerden,photo,2,history-edexcel,Montgomery 1955-56: The Boycott That Made King,,Photo by Gene Herrick for the Associated Press; restored by Adam Cuerden · public domain · Wikimedia Commons,(needs description) (Photo by Gene Herrick for the Associated Press; restored by Adam Cuerden · public domain · Wikimedia Commons),N
https://upload.wikimedia.org/wikipedia/commons/4/4d/Youth_Handcart_Trek_%2828190224521%29.jpg,wikimedia,Public domain,FREE,BLMUtah,photo,1,history-edexcel,"Mountain Men, the Donner Party and the Mormon Trek",,Photo by BLMUtah · public domain · Wikimedia Commons,(needs description) (Photo by BLMUtah · public domain · Wikimedia Commons),N
https://upload.wikimedia.org/wikipedia/commons/1/10/Post-medieval_traders_token_%28FindID_486139%29.jpg,wikimedia,CC BY-SA 2.0,SHARE-ALIKE,"Birmingham Museums Trust, Richard Henry, 2012-02-02 12:25:31",photo,1,history-edexcel,"Normans, Jews and Medieval Traders, c1066–c1500",,"Photo by Birmingham Museums Trust, Richard Henry, 2012-02-02 12:25:31 · CC BY-SA 2.0 · Wikimedia Commons","(needs description) (Photo by Birmingham Museums Trust, Richard Henry, 2012-02-02 12:25:31 · CC BY-SA 2.0 · Wikimedia Commons)",N
https://pub-aeb94e100e5a48f4a133be5bf206aecb.r2.dev/history-edexcel/migrants-in-britain/lesson-11-hero.jpg,r2,,,,photo,1,history-edexcel,"Notting Hill, c1948–c1970: The Local Context",,Photo via Unsplash,(needs description) (Photo via Unsplash),N
https://upload.wikimedia.org/wikipedia/commons/5/58/Notting_Hill_Carnival_2014_%282%29.JPG,wikimedia,CC BY-SA 4.0,SHARE-ALIKE,David Sedlecký,photo,1,history-edexcel,Notting Hill: Black Activism and the Mangrove,,Photo by David Sedlecký · CC BY-SA 4.0 · Wikimedia Commons,(needs description) (Photo by David Sedlecký · CC BY-SA 4.0 · Wikimedia Commons),N
https://pub-aeb94e100e5a48f4a133be5bf206aecb.r2.dev/history-edexcel/migrants-in-britain/lesson-12-hero.jpg,r2,,,,photo,1,history-edexcel,Notting Hill: Caribbean Culture and Self-Help,,Photo via Unsplash,(needs description) (Photo via Unsplash),N
https://upload.wikimedia.org/wikipedia/commons/c/c5/Black_Power_demonstration_and_march%2C_Lancaster_Road%2C_West_London_1970_%2824819735211%29.jpg,wikimedia,No restrictions,FREE,The National Archives UK,photo,1,history-edexcel,"Notting Hill: Riots, Racism and Policing",,Photo by The National Archives UK · public domain · Wikimedia Commons,(needs description) (Photo by The National Archives UK · public domain · Wikimedia Commons),N
https://upload.wikimedia.org/wikipedia/commons/6/63/Sadat_and_Begin_and_their_delegations_at_Camp_David%2C_September_17%2C_1978_%2810729645586%29.jpg,wikimedia,Public domain,FREE,"Central Intelligence Agency from Washington, D.C.",photo,1,history-edexcel,"Oil, Diplomacy and Camp David, 1973–79",,"Photo by Central Intelligence Agency from Washington, D.C. · public domain · Wikimedia Commons","(needs description) (Photo by Central Intelligence Agency from Washington, D.C. · public domain · Wikimedia Commons)",N
https://upload.wikimedia.org/wikipedia/commons/5/57/Sir_Thomas_More_His_Father_Household_and_Descendants.jpg,wikimedia,Public domain,FREE,Rowland Lockey,photo,1,history-edexcel,"Opposition to the Reformation: More, Fisher and Barton",,Photo by Rowland Lockey · public domain · Wikimedia Commons,(needs description) (Photo by Rowland Lockey · public domain · Wikimedia Commons),N
https://upload.wikimedia.org/wikipedia/commons/2/28/Unissued_Wen14%2C_Long_Live_the_All-round_Victory_of_the_Proletarian_Cultural_Revolution_%28Draft_2%29%2C_1968.jpg,wikimedia,Public domain,FREE,unknown artist,photo,1,history-edexcel,"Origins of the Cultural Revolution, 1962-66",,Photo by unknown artist · public domain · Wikimedia Commons,(needs description) (Photo by unknown artist · public domain · Wikimedia Commons),N
https://upload.wikimedia.org/wikipedia/commons/7/7e/Inca-espa%C3%B1oles.jpg,wikimedia,CC BY-SA 3.0,SHARE-ALIKE,Scarton (talk · contribs),photo,1,history-edexcel,Pizarro and the Conquest of the Incas,,Photo by Scarton (talk · contribs) · CC BY-SA 3.0 · Wikimedia Commons,(needs description) (Photo by Scarton (talk · contribs) · CC BY-SA 3.0 · Wikimedia Commons),N
https://upload.wikimedia.org/wikipedia/commons/3/3a/The_Illustrated_Police_News_-_6_October_1888_-_Two_more_Whitechapel_Horrors.jpg,wikimedia,Public domain,FREE,Unknown author,photo,1,history-edexcel,Policing Whitechapel: H Division and the beat constable,,Photo by Unknown author · public domain · Wikimedia Commons,(needs description) (Photo by Unknown author · public domain · Wikimedia Commons),N
https://upload.wikimedia.org/wikipedia/commons/c/cb/Stalin_birthday2.jpg,wikimedia,Public domain,FREE,Unknown author,photo,1,history-edexcel,"Propaganda, the Cult of Stalin and the 1936 Constitution",,Photo by Unknown author · public domain · Wikimedia Commons,(needs description) (Photo by Unknown author · public domain · Wikimedia Commons),N
https://upload.wikimedia.org/wikipedia/commons/e/e8/San_Francisco_Pacific_Railroad_Bond_WPRR_1865.jpg,wikimedia,Public domain,FREE,"City and County of San Francisco, California (bond); DigitalImageServices.com (scanning, reconstruction, digital restoration, and enhancement)",photo,1,history-edexcel,Railroads and the Pacific Railroad Act,,"Photo by City and County of San Francisco, California (bond); DigitalImageServices.com (scanning, reconstruction, digital restoration, and enhancement) · public domain · Wikimedia Commons","(needs description) (Photo by City and County of San Francisco, California (bond); DigitalImageServices.com (scanning, reconstruction, digital restoration, and enhancement) · public domain · Wikimedia Commons)",N
https://upload.wikimedia.org/wikipedia/commons/e/e9/Wreck_of_the_Imperial_Russian_training_ship_Pamyat_Azova_in_Kronstadt%2C_1919-1921._%2850627844258%29.jpg,wikimedia,Public domain,FREE,tormentor4555,photo,1,history-edexcel,"Red Terror, the Cheka and the Kronstadt Mutiny",,Photo by tormentor4555 · public domain · Wikimedia Commons,(needs description) (Photo by tormentor4555 · public domain · Wikimedia Commons),N
https://upload.wikimedia.org/wikipedia/commons/e/e3/Affrontements_en_1848_en_Martinique.jpg,wikimedia,Public domain,FREE,F. Lesmert (lithographe),photo,1,history-edexcel,Resistance and Rebellion: Slavery and the Colonies,,Photo by F. Lesmert (lithographe) · public domain · Wikimedia Commons,(needs description) (Photo by F. Lesmert (lithographe) · public domain · Wikimedia Commons),N
https://upload.wikimedia.org/wikipedia/commons/2/2c/China_1976-108.jpg,wikimedia,CC BY-SA 4.0,SHARE-ALIKE,Karl-Heinz Wellmann,photo,1,history-edexcel,"Restoring Order: PLA, Lin Biao and the End of the Cultural Revolution, 1968-76",,Photo by Karl-Heinz Wellmann · CC BY-SA 4.0 · Wikimedia Commons,(needs description) (Photo by Karl-Heinz Wellmann · CC BY-SA 4.0 · Wikimedia Commons),N
https://upload.wikimedia.org/wikipedia/commons/0/0a/Bedford%E2%80%93Stuyvesant_riot_of_1964.jpg,wikimedia,Public domain,FREE,Stanley Wolfson,photo,1,history-edexcel,"Riots, Kerner and King's Last Year, 1965-68",,Photo by Stanley Wolfson · public domain · Wikimedia Commons,(needs description) (Photo by Stanley Wolfson · public domain · Wikimedia Commons),N
https://upload.wikimedia.org/wikipedia/commons/f/fd/Six_Day_War._An_Israeli_troop_carrier_on_the_east_bank_of_the_Suez_Canal_opposite_Ismailia._June_1967._D326-110.jpg,wikimedia,CC BY-SA 4.0,SHARE-ALIKE,Moshe Milner,photo,1,history-edexcel,"Road to the Six Day War, 1964–67",,Photo by Moshe Milner · CC BY-SA 4.0 · Wikimedia Commons,(needs description) (Photo by Moshe Milner · CC BY-SA 4.0 · Wikimedia Commons),N
https://upload.wikimedia.org/wikipedia/commons/8/8e/King_John_2016_-_Worcester_Repertory_Company.jpg,wikimedia,CC BY-SA 4.0,SHARE-ALIKE,WorcesterRep,photo,1,history-edexcel,Royal Government and Finance under John,,Photo by WorcesterRep · CC BY-SA 4.0 · Wikimedia Commons,(needs description) (Photo by WorcesterRep · CC BY-SA 4.0 · Wikimedia Commons),N
https://upload.wikimedia.org/wikipedia/commons/e/ee/Russian_generals_WW1.jpg,wikimedia,Public domain,FREE,Unknown author,photo,1,history-edexcel,Russia in 1917: Empire at Breaking Point,,Photo by Unknown author · public domain · Wikimedia Commons,(needs description) (Photo by Unknown author · public domain · Wikimedia Commons),N
https://upload.wikimedia.org/wikipedia/commons/8/83/Dominican_Republic%2C_Santo_Domingo%2C_Statue_of_Isabella_I_of_Castile.jpg,wikimedia,CC BY-SA 4.0,SHARE-ALIKE,Dr. Thomas Liptak,photo,1,history-edexcel,"Santo Domingo, Smallpox and the Caribbean Settlements",,Photo by Dr. Thomas Liptak · CC BY-SA 4.0 · Wikimedia Commons,(needs description) (Photo by Dr. Thomas Liptak · CC BY-SA 4.0 · Wikimedia Commons),N
https://upload.wikimedia.org/wikipedia/commons/d/d3/F-105D_attacking_bridge_in_North_Vietnam_1966.jpg,wikimedia,Public domain,FREE,USAF,photo,2,history-edexcel,"Search and Destroy: US Tactics, 1964-68",,Photo by USAF · public domain · Wikimedia Commons,(needs description) (Photo by USAF · public domain · Wikimedia Commons),N
https://upload.wikimedia.org/wikipedia/commons/9/99/Selma_to_Montgomery_Marches.jpg,wikimedia,Public domain,FREE,Peter Pettus,photo,1,history-edexcel,"Selma and the Voting Rights Act, 1965",,Photo by Peter Pettus · public domain · Wikimedia Commons,(needs description) (Photo by Peter Pettus · public domain · Wikimedia Commons),N
https://images.unsplash.com/photo-1586140425974-ca67d38d8dda,unsplash,,,,photo,1,history-edexcel,"Settler Pressure: Railroads, Cattle, Gold and the Indigenous Plains",,Photo via Unsplash,(needs description) (Photo via Unsplash),N
https://upload.wikimedia.org/wikipedia/commons/7/7b/Th%C3%A9odore_de_Bry_-_Esclaves_noirs_r%C3%A9coltant_l%27or_pour_les_colons_espagnols_%C3%A0_Saint-Domingue_%28gravure_du_XVIe_si%C3%A8cle%29.jpg,wikimedia,Public domain,FREE,Stradanus / Theodor de Bry / Johann Theodor de Bry,photo,1,history-edexcel,"Silver, the Slave Trade and the Government of Empire",,Photo by Stradanus / Theodor de Bry / Johann Theodor de Bry · public domain · Wikimedia Commons,(needs description) (Photo by Stradanus / Theodor de Bry / Johann Theodor de Bry · public domain · Wikimedia Commons),N
https://pub-aeb94e100e5a48f4a133be5bf206aecb.r2.dev/history-edexcel/usa-conflict-home-abroad/lesson-05-hero.jpg,r2,,,,photo,1,history-edexcel,"Sit-Ins, Freedom Riders and James Meredith, 1960-62",,Photo via Unsplash,(needs description) (Photo via Unsplash),N
https://images.unsplash.com/photo-1662578546915-d9948a7c8858,unsplash,,,,photo,1,history-edexcel,Smuggling and the Limits of British Authority,,Photo via Unsplash,(needs description) (Photo via Unsplash),N
https://pub-aeb94e100e5a48f4a133be5bf206aecb.r2.dev/history-edexcel/spain-new-world/lesson-01-hero.jpg,r2,,,,photo,1,history-edexcel,Spain in 1490: Crusading Spirit and Foreign Ambitions,,Photo via Unsplash,(needs description) (Photo via Unsplash),N
https://upload.wikimedia.org/wikipedia/commons/2/2f/Joseph_Stalin_1911_mug_shot.jpg,wikimedia,Public domain,FREE,Unknown author,photo,1,history-edexcel,"Stalin's Rise to Power, 1924–28",,Photo by Unknown author · public domain · Wikimedia Commons,(needs description) (Photo by Unknown author · public domain · Wikimedia Commons),N
https://upload.wikimedia.org/wikipedia/commons/b/bb/Bayeux_Tapestry_scene57_Harold_death.jpg,wikimedia,Public domain,FREE,Myrabella,photo,4,history-edexcel,Stamford Bridge & the Battle of Hastings,,Photo by Myrabella · public domain · Wikimedia Commons,(needs description) (Photo by Myrabella · public domain · Wikimedia Commons),N
https://upload.wikimedia.org/wikipedia/commons/f/f6/British_carriers_during_Suez_Crisis_1956.jpg,wikimedia,Public domain,FREE,Royal Navy official photographer,photo,1,history-edexcel,Suez 1956 and the Arab Nationalist Surge,,Photo by Royal Navy official photographer · public domain · Wikimedia Commons,(needs description) (Photo by Royal Navy official photographer · public domain · Wikimedia Commons),N
https://upload.wikimedia.org/wikipedia/commons/6/6b/Chairman_Mao%27s_Statue.jpg,wikimedia,CC BY-SA 4.0,SHARE-ALIKE,Slyronit,photo,1,history-edexcel,"Terror, the Three and Five Antis, and the Hundred Flowers, 1951-57",,Photo by Slyronit · CC BY-SA 4.0 · Wikimedia Commons,(needs description) (Photo by Slyronit · CC BY-SA 4.0 · Wikimedia Commons),N
https://pub-aeb94e100e5a48f4a133be5bf206aecb.r2.dev/history-edexcel/conflict-middle-east/lesson-08-hero.jpg,r2,,,,photo,1,history-edexcel,"Terrorism, the War of Attrition and Yom Kippur, 1967–73",,Photo via Unsplash,(needs description) (Photo via Unsplash),N
https://upload.wikimedia.org/wikipedia/commons/3/39/Vietnam_War_protesters._1967._Wichita%2C_Kans_-_NARA_-_283625.jpg,wikimedia,Public domain,FREE,Unknown author,photo,1,history-edexcel,"Tet, My Lai and the War at Home, 1968-70",,Photo by Unknown author · public domain · Wikimedia Commons,(needs description) (Photo by Unknown author · public domain · Wikimedia Commons),N
https://upload.wikimedia.org/wikipedia/commons/c/ca/Woodcut_Giving_Alms_to_a_Beggar.jpg,wikimedia,Public domain,FREE,Unknown author,photo,2,history-edexcel,The 'problem' of the poor,,Photo by Unknown author · public domain · Wikimedia Commons,(needs description) (Photo by Unknown author · public domain · Wikimedia Commons),N
https://upload.wikimedia.org/wikipedia/commons/3/3b/Copies_of_the_1979_and_Proposed_1977_Book_of_Common_Prayer.jpg,wikimedia,CC BY-SA 4.0,SHARE-ALIKE,Pbritti,photo,5,history-edexcel,The 1559 religious settlement and the Church of England,,Photo by Pbritti · CC BY-SA 4.0 · Wikimedia Commons,(needs description) (Photo by Pbritti · CC BY-SA 4.0 · Wikimedia Commons),N
https://upload.wikimedia.org/wikipedia/commons/2/2c/Departure_of_King_Henry_VIII_from_Calais_July_XXV_MDXLIV.jpg,wikimedia,Public domain,FREE,James Basire / After Samuel Hieronymus Grimm,photo,1,history-edexcel,The Amicable Grant and the Limits of Wolsey's Power,,Photo by James Basire / After Samuel Hieronymus Grimm · public domain · Wikimedia Commons,(needs description) (Photo by James Basire / After Samuel Hieronymus Grimm · public domain · Wikimedia Commons),N
https://upload.wikimedia.org/wikipedia/commons/2/29/1948_Arab-Israeli_War_%28997008136108005171%29.jpg,wikimedia,CC BY 4.0,ATTRIB-REQUIRED,Benno Rothenberg,photo,1,history-edexcel,"The Arab-Israeli War, 1948–49",,Photo by Benno Rothenberg · CC BY 4.0 · Wikimedia Commons,(needs description) (Photo by Benno Rothenberg · CC BY 4.0 · Wikimedia Commons),N
https://upload.wikimedia.org/wikipedia/commons/4/4f/1956_Hungarian_Revolution_Memorial%2C_Saanich%2C_British_Columbia%2C_Canada_09.jpg,wikimedia,CC BY-SA 4.0,SHARE-ALIKE,Michal Klajban,photo,1,history-edexcel,The Arms Race & the Hungarian Uprising 1956,,Photo by Michal Klajban · CC BY-SA 4.0 · Wikimedia Commons,(needs description) (Photo by Michal Klajban · CC BY-SA 4.0 · Wikimedia Commons),N
https://upload.wikimedia.org/wikipedia/commons/a/a8/Transatlantic_slave_trade.jpg,wikimedia,CC0,FREE,Khobbyyyy,photo,1,history-edexcel,"The Atlantic Economy: Trade, Tobacco and Piracy",,Photo by Khobbyyyy · public domain · Wikimedia Commons,(needs description) (Photo by Khobbyyyy · public domain · Wikimedia Commons),N
https://pub-aeb94e100e5a48f4a133be5bf206aecb.r2.dev/history-edexcel/british-america/lesson-03-hero.jpg,r2,,,,photo,1,history-edexcel,The Atlantic Slave Trade and Plantation Slavery,,Photo via Unsplash,(needs description) (Photo via Unsplash),N
https://upload.wikimedia.org/wikipedia/commons/9/9d/Soviet-R-12-nuclear-ballistic_missile.jpg,wikimedia,Public domain,FREE,Central Intelligence Agency,line-and-wash,5,history-edexcel,The Berlin Wall & the Cuban Missile Crisis,A large ballistic missile is paraded on a transporter past crowds,Illustration after a photo by Central Intelligence Agency · public domain · Wikimedia Commons,A large ballistic missile is paraded on a transporter past crowds (Illustration after a photo by Central Intelligence Agency · public domain · Wikimedia Commons),N
https://pub-aeb94e100e5a48f4a133be5bf206aecb.r2.dev/history/health-people/lesson-04-hero.jpg,r2,,,,photo,4,history-edexcel,The Black Death & Public Health in Medieval England,,Photo via Unsplash,(needs description) (Photo via Unsplash),N
https://upload.wikimedia.org/wikipedia/commons/1/12/The_ruins_of_Bolton_Abbey.jpg,wikimedia,CC0,FREE,Michael D Beckwith,photo,1,history-edexcel,"The Break with Rome, 1529–34",,Photo by Michael D Beckwith · public domain · Wikimedia Commons,(needs description) (Photo by Michael D Beckwith · public domain · Wikimedia Commons),N
https://upload.wikimedia.org/wikipedia/commons/7/73/The_Cow_Boy_1888.jpg,wikimedia,Public domain,FREE,John C. H. Grabill,photo,1,history-edexcel,The Cattle Industry and the Cowboy,,Photo by John C. H. Grabill · public domain · Wikimedia Commons,(needs description) (Photo by John C. H. Grabill · public domain · Wikimedia Commons),N
https://images.unsplash.com/photo-1667751963799-47fd719b4067,unsplash,,,,photo,1,history-edexcel,"The Church, sanctuary and trial by ordeal",,Photo via Unsplash,(needs description) (Photo via Unsplash),N
https://upload.wikimedia.org/wikipedia/commons/a/a2/Spanish_conquistador_style_armour_03.jpg,wikimedia,CC BY-SA 4.0,SHARE-ALIKE,John Martin PERRY,photo,1,history-edexcel,"The Conquistadors Begin: Balboa, Cuba and Magellan",,Photo by John Martin PERRY · CC BY-SA 4.0 · Wikimedia Commons,(needs description) (Photo by John Martin PERRY · CC BY-SA 4.0 · Wikimedia Commons),N
https://upload.wikimedia.org/wikipedia/commons/b/b0/Tintern_Abbey_and_Courtyard.jpg,wikimedia,CC BY-SA 3.0,SHARE-ALIKE,Saffron Blaze,photo,1,history-edexcel,"The Dissolution of the Monasteries, 1535–40",,Photo by Saffron Blaze · CC BY-SA 3.0 · Wikimedia Commons,(needs description) (Photo by Saffron Blaze · CC BY-SA 3.0 · Wikimedia Commons),N
https://images.unsplash.com/photo-1646995894493-8bb9a1588c76,unsplash,,,,photo,1,history-edexcel,"The End of the Mandate and the Creation of Israel, 1945–48",,Photo via Unsplash,(needs description) (Photo via Unsplash),N
https://pub-aeb94e100e5a48f4a133be5bf206aecb.r2.dev/history-edexcel/russia-soviet-union/lesson-02-hero.jpg,r2,,,,photo,1,history-edexcel,The February Revolution,,Photo via Unsplash,(needs description) (Photo via Unsplash),N
https://upload.wikimedia.org/wikipedia/commons/3/3b/Mao-era_Propaganda_Poster_Featuring_Chinese_Typist.jpg,wikimedia,Public domain,FREE,周道悟[1],photo,1,history-edexcel,"The First Five-Year Plan, 1953-57",,Photo by 周道悟[1] · public domain · Wikimedia Commons,(needs description) (Photo by 周道悟[1] · public domain · Wikimedia Commons),N
https://pub-aeb94e100e5a48f4a133be5bf206aecb.r2.dev/history-edexcel/conflict-middle-east/lesson-11-hero.jpg,r2,,,,photo,1,history-edexcel,"The First Intifada and Arafat's Turn, 1987–88",,Photo via Unsplash,(needs description) (Photo via Unsplash),N
https://upload.wikimedia.org/wikipedia/commons/6/65/RIAN_archive_699417_Magnitogorsk_Metallurgical_Combine.jpg,wikimedia,CC BY-SA 3.0,SHARE-ALIKE,Shagin / Иван Шагин,photo,1,history-edexcel,The Five-Year Plans and Soviet Industry,,Photo by Shagin / Иван Шагин · CC BY-SA 3.0 · Wikimedia Commons,(needs description) (Photo by Shagin / Иван Шагин · CC BY-SA 3.0 · Wikimedia Commons),N
https://upload.wikimedia.org/wikipedia/commons/6/67/Major_George_Washington_on_a_white_horse_at_the_Battle_of_the_Monongahela_in_the_French_and_Indian_War.jpg,wikimedia,Public domain,FREE,Junius Brutus Stearns,photo,1,history-edexcel,"The French and Indian War, 1754–63",,Photo by Junius Brutus Stearns · public domain · Wikimedia Commons,(needs description) (Photo by Junius Brutus Stearns · public domain · Wikimedia Commons),N
https://images.unsplash.com/photo-1706550613686-cadd85940ce8,unsplash,,,,photo,1,history-edexcel,The Grand Alliance & the Origins of the Cold War,,Photo via Unsplash,(needs description) (Photo via Unsplash),N
https://upload.wikimedia.org/wikipedia/commons/8/81/The_Negro_in_American_history_%28microform%29_-_men_and_women_eminent_in_the_evolution_of_the_American_of_African_descent_%281914%29_%2814803919393%29.jpg,wikimedia,No restrictions,FREE,Internet Archive Book Images,photo,1,history-edexcel,The Great Awakening and the Enlightenment,,Photo by Internet Archive Book Images · public domain · Wikimedia Commons,(needs description) (Photo by Internet Archive Book Images · public domain · Wikimedia Commons),N
https://images.unsplash.com/photo-1718189663622-d7c24d9af7e4,unsplash,,,,photo,1,history-edexcel,"The Great Famine and Recovery under Liu and Deng, 1959-65",,Photo via Unsplash,(needs description) (Photo via Unsplash),N
https://upload.wikimedia.org/wikipedia/commons/8/86/Sending_officials_to_the_countryside.jpg,wikimedia,Public domain,FREE,赵仰山,photo,2,history-edexcel,"The Great Leap Forward, 1958-62",,Photo by 赵仰山 · public domain · Wikimedia Commons,(needs description) (Photo by 赵仰山 · public domain · Wikimedia Commons),N
https://upload.wikimedia.org/wikipedia/commons/f/fc/Boris_Savinkov_on_trial%2C_1924.jpg,wikimedia,Public domain,FREE,Unknown author,photo,1,history-edexcel,"The Great Terror, the NKVD and the Show Trials",,Photo by Unknown author · public domain · Wikimedia Commons,(needs description) (Photo by Unknown author · public domain · Wikimedia Commons),N
https://upload.wikimedia.org/wikipedia/commons/3/38/Danzigers_cheer_for_Adolf_Hitler_2.jpg,wikimedia,Public domain,FREE,Unknown author,photo,1,history-edexcel,The Growth of Nazi Support 1929–32,,Photo by Unknown author · public domain · Wikimedia Commons,(needs description) (Photo by Unknown author · public domain · Wikimedia Commons),N
https://upload.wikimedia.org/wikipedia/commons/d/dd/Gunpowder_plot_parliament_cellar.jpg,wikimedia,Public domain,FREE,William Capon,photo,1,history-edexcel,The Gunpowder Plot and the start of the Bloody Code,,Photo by William Capon · public domain · Wikimedia Commons,(needs description) (Photo by William Capon · public domain · Wikimedia Commons),N
https://upload.wikimedia.org/wikipedia/commons/3/30/The_Great_Matter.jpg,wikimedia,Public domain,FREE,Emanuel Leutze,photo,1,history-edexcel,The King's Great Matter and Wolsey's Fall,,Photo by Emanuel Leutze · public domain · Wikimedia Commons,(needs description) (Photo by Emanuel Leutze · public domain · Wikimedia Commons),N
https://pub-aeb94e100e5a48f4a133be5bf206aecb.r2.dev/history-edexcel/richard-i-king-john/lesson-06-hero.jpg,r2,,,,photo,1,history-edexcel,The Loss of Normandy: Château Gaillard and 1204,,Photo via Unsplash,(needs description) (Photo via Unsplash),N
https://upload.wikimedia.org/wikipedia/commons/d/d2/South_Yemeni_peacekeeping_force_in_Lebanon%2C_1976-1982.jpg,wikimedia,Public domain,FREE,Unknown author,photo,1,history-edexcel,"The Palestinians and Lebanon, 1974–87",,Photo by Unknown author · public domain · Wikimedia Commons,(needs description) (Photo by Unknown author · public domain · Wikimedia Commons),N
https://upload.wikimedia.org/wikipedia/commons/9/9b/Hospital_ruins_at_Fort_Laramie_National_Historic_Site.jpg,wikimedia,CC BY-SA 4.0,SHARE-ALIKE,Emma MacPherson,photo,2,history-edexcel,The Permanent Indian Frontier and the First Fort Laramie Treaty,,Photo by Emma MacPherson · CC BY-SA 4.0 · Wikimedia Commons,(needs description) (Photo by Emma MacPherson · CC BY-SA 4.0 · Wikimedia Commons),N
https://pub-aeb94e100e5a48f4a133be5bf206aecb.r2.dev/history-edexcel/henry-viii-ministers/lesson-10-hero.jpg,r2,,,,photo,1,history-edexcel,"The Pilgrimage of Grace, 1536",,Photo via Unsplash,(needs description) (Photo via Unsplash),N
https://pub-aeb94e100e5a48f4a133be5bf206aecb.r2.dev/history-edexcel/american-west/lesson-01-hero.jpg,r2,,,,photo,1,history-edexcel,The Plains Nations: Beliefs and Way of Life,,Photo via Unsplash,(needs description) (Photo via Unsplash),N
https://upload.wikimedia.org/wikipedia/commons/3/3c/10_Soviet_Invasion_of_Czechoslovakia_-_Flickr_-_The_Central_Intelligence_Agency.jpg,wikimedia,Public domain,FREE,The Central Intelligence Agency,photo,2,history-edexcel,The Prague Spring & International Reactions,,Photo by The Central Intelligence Agency · public domain · Wikimedia Commons,(needs description) (Photo by The Central Intelligence Agency · public domain · Wikimedia Commons),N
https://upload.wikimedia.org/wikipedia/commons/2/27/THIRD_PROVISIONAL_CABINET_OF_RUSSIA.jpg,wikimedia,Public domain,FREE,Unknown author,photo,1,history-edexcel,The Provisional Government and Dual Power,,Photo by Unknown author · public domain · Wikimedia Commons,(needs description) (Photo by Unknown author · public domain · Wikimedia Commons),N
https://upload.wikimedia.org/wikipedia/commons/4/47/Durham_Cathedral._Interior.jpg,wikimedia,CC BY-SA 3.0,SHARE-ALIKE,Oliver-Bonjoch,photo,1,history-edexcel,"The Revolt of the Northern Earls, 1569–70",,Photo by Oliver-Bonjoch · CC BY-SA 3.0 · Wikimedia Commons,(needs description) (Photo by Oliver-Bonjoch · CC BY-SA 3.0 · Wikimedia Commons),N
https://upload.wikimedia.org/wikipedia/commons/6/6a/Afghanistan_%E2%80%93_Soviet_tank_at_the_firing_position.jpg,wikimedia,CC BY 3.0,ATTRIB-REQUIRED,"Sergey NovikovKirovsk, Murmansk Oblastserg-neo@bk.ru",photo,1,history-edexcel,The Second Cold War: Afghanistan & Reagan’s SDI,,"Photo by Sergey NovikovKirovsk, Murmansk Oblastserg-neo@bk.ru · CC BY 3.0 · Wikimedia Commons","(needs description) (Photo by Sergey NovikovKirovsk, Murmansk Oblastserg-neo@bk.ru · CC BY 3.0 · Wikimedia Commons)",N
https://upload.wikimedia.org/wikipedia/commons/0/09/Six_Day_War._Israeli_soldiers_listening_to_the_order_of_the_day_at_the_end_of_their_advance_on_the_southern_section_in_Sinai._June_1967._D326-124.jpg,wikimedia,CC BY-SA 4.0,SHARE-ALIKE,Creator:Shmuel Bank,photo,1,history-edexcel,"The Six Day War and Its Aftermath, June 1967",,Photo by Creator:Shmuel Bank · CC BY-SA 4.0 · Wikimedia Commons,(needs description) (Photo by Creator:Shmuel Bank · CC BY-SA 4.0 · Wikimedia Commons),N
https://upload.wikimedia.org/wikipedia/commons/9/97/St_Edward_the_Confessor%2C_Detail_-_geograph.org.uk_-_295020.jpg,wikimedia,CC BY-SA 2.0,SHARE-ALIKE,Colin Smith,photo,2,history-edexcel,The Succession Crisis & Rival Claimants,,Photo by Colin Smith · CC BY-SA 2.0 · Wikimedia Commons,(needs description) (Photo by Colin Smith · CC BY-SA 2.0 · Wikimedia Commons),N
https://upload.wikimedia.org/wikipedia/commons/4/49/Philpot%2C_Glyn_Warren%3B_Richard_the_Lionheart_Embarks_on_the_Third_Crusade%3B_Nottingham_City_Museums_and_Galleries.jpg,wikimedia,Public domain,FREE,Glyn Warren Philpot RA (5 October 1884 – 16 December 1937),photo,1,history-edexcel,"The Third Crusade: Causes, Acre and Arsuf",,Photo by Glyn Warren Philpot RA (5 October 1884 – 16 December 1937) · public domain · Wikimedia Commons,(needs description) (Photo by Glyn Warren Philpot RA (5 October 1884 – 16 December 1937) · public domain · Wikimedia Commons),N
https://upload.wikimedia.org/wikipedia/commons/e/e2/Map_of_Meridian_Line_set_under_the_Treaty_of_Tordesillas.jpg,wikimedia,Public domain,FREE,Map by Antonio de Herrera y Tordesillas,photo,1,history-edexcel,The Treaty of Tordesillas and Rivalry with Portugal,,Photo by Map by Antonio de Herrera y Tordesillas · public domain · Wikimedia Commons,(needs description) (Photo by Map by Antonio de Herrera y Tordesillas · public domain · Wikimedia Commons),N
https://upload.wikimedia.org/wikipedia/commons/1/12/The_Berlin_Airlift_1948_-_1949_HU98420.jpg,wikimedia,Public domain,FREE,Unknown photographer,photo,1,history-edexcel,"The Truman Doctrine, Marshall Plan & Berlin Blockade",,Photo by Unknown photographer · public domain · Wikimedia Commons,(needs description) (Photo by Unknown photographer · public domain · Wikimedia Commons),N
https://upload.wikimedia.org/wikipedia/commons/2/22/Revolutionary_War_%28collage%29.jpg,wikimedia,Public domain,FREE,Eugène Lami / Emanuel Leutze / Richard Paton,photo,1,history-edexcel,"The War of Independence, 1775–83",,Photo by Eugène Lami / Emanuel Leutze / Richard Paton · public domain · Wikimedia Commons,(needs description) (Photo by Eugène Lami / Emanuel Leutze / Richard Paton · public domain · Wikimedia Commons),N
https://upload.wikimedia.org/wikipedia/commons/4/47/The_Battle_of_the_Somme_film_image1.jpg,wikimedia,Public domain,FREE,Geoffrey Malins,photo,2,history-edexcel,The Western Front and the Somme 1916,,Photo by Geoffrey Malins · public domain · Wikimedia Commons,(needs description) (Photo by Geoffrey Malins · public domain · Wikimedia Commons),N
https://upload.wikimedia.org/wikipedia/commons/f/f2/Gerlach_Flicke%3B_Henry_Strangwish_%28or_Strangways%29_by_Gerlach_Flicke.jpg,wikimedia,Public domain,FREE,Gerlach Flicke,photo,1,history-edexcel,"The road to war with Spain, 1569–87",,Photo by Gerlach Flicke · public domain · Wikimedia Commons,(needs description) (Photo by Gerlach Flicke · public domain · Wikimedia Commons),N
https://images.unsplash.com/photo-1679175865437-fd4f1744ebd9,unsplash,,,,photo,1,history-edexcel,Thinking Like a Migration Historian,,Photo via Unsplash,(needs description) (Photo via Unsplash),N
https://pub-aeb94e100e5a48f4a133be5bf206aecb.r2.dev/history-edexcel/spain-new-world/lesson-11-hero.jpg,r2,,,,photo,1,history-edexcel,"Viceroys, Encomiendas, Las Casas and the New Laws",,Photo via Unsplash,(needs description) (Photo via Unsplash),N
https://upload.wikimedia.org/wikipedia/commons/e/e7/USN_1142799.jpg,wikimedia,Public domain,FREE,National Archives USN 1142799 photographer PH2 James E. Hoehne,photo,2,history-edexcel,"Vietnamisation, Paris and Why the US Lost, 1969-75",,Photo by National Archives USN 1142799 photographer PH2 James E. Hoehne · public domain · Wikimedia Commons,(needs description) (Photo by National Archives USN 1142799 photographer PH2 James E. Hoehne · public domain · Wikimedia Commons),N
https://upload.wikimedia.org/wikipedia/commons/c/ca/02024_1284_Viking_reenactment.jpg,wikimedia,CC BY-SA 4.0,SHARE-ALIKE,Silar,photo,1,history-edexcel,"Vikings, Anglo-Saxons and the Danelaw, c800–c1066",,Photo by Silar · CC BY-SA 4.0 · Wikimedia Commons,(needs description) (Photo by Silar · CC BY-SA 4.0 · Wikimedia Commons),N
https://upload.wikimedia.org/wikipedia/commons/2/29/Bataille_Waterloo_1815_reconstitution_2011_cuirassier.jpg,wikimedia,CC BY-SA 3.0,SHARE-ALIKE,Myrabella,photo,1,history-edexcel,"Waterloo 1815 and Balaclava 1854: leadership, technology and reporting",,Photo by Myrabella · CC BY-SA 3.0 · Wikimedia Commons,(needs description) (Photo by Myrabella · CC BY-SA 3.0 · Wikimedia Commons),N
https://upload.wikimedia.org/wikipedia/commons/0/0b/PC_Jonas_Mizen_Discovers_Mary_Ann_Nichols_31_August_1888A.jpg,wikimedia,Public domain,FREE,Unknown author,photo,1,history-edexcel,"Whitechapel 1888: housing, poverty and the inner city",,Photo by Unknown author · public domain · Wikimedia Commons,(needs description) (Photo by Unknown author · public domain · Wikimedia Commons),N
https://upload.wikimedia.org/wikipedia/commons/8/80/Statue_of_Thomas_Wolsey_-_Ipswich.jpg,wikimedia,CC BY-SA 4.0,SHARE-ALIKE,Sumit Surai,photo,1,history-edexcel,Wolsey's Domestic Policy and the Justice System,,Photo by Sumit Surai · CC BY-SA 4.0 · Wikimedia Commons,(needs description) (Photo by Sumit Surai · CC BY-SA 4.0 · Wikimedia Commons),N
https://upload.wikimedia.org/wikipedia/commons/6/6f/Statue_of_Cardinal_Thomas_Wolsey_-_geograph.org.uk_-_7659367.jpg,wikimedia,CC BY-SA 2.0,SHARE-ALIKE,Philip Halling,photo,1,history-edexcel,Wolsey's Foreign Policy: Peacemaker or Warmonger?,,Photo by Philip Halling · CC BY-SA 2.0 · Wikimedia Commons,(needs description) (Photo by Philip Halling · CC BY-SA 2.0 · Wikimedia Commons),N
https://upload.wikimedia.org/wikipedia/commons/8/80/King_John_Statue%2C_Egham_-_geograph.org.uk_-_1499910.jpg,wikimedia,CC BY-SA 2.0,SHARE-ALIKE,Colin Smith,photo,1,history-edexcel,"Worsening Relations: Taxation, Plot of 1212 and Bouvines 1214",,Photo by Colin Smith · CC BY-SA 2.0 · Wikimedia Commons,(needs description) (Photo by Colin Smith · CC BY-SA 2.0 · Wikimedia Commons),N
https://upload.wikimedia.org/wikipedia/commons/5/52/Wounded_Knee_aftermath3.jpg,wikimedia,Public domain,FREE,"Trager &amp; Kuhn, Chadron, Nebr.",photo,1,history-edexcel,"Wounded Knee, the Dawes Act and the End of the Frontier",,"Photo by Trager &amp; Kuhn, Chadron, Nebr. · public domain · Wikimedia Commons","(needs description) (Photo by Trager &amp; Kuhn, Chadron, Nebr. · public domain · Wikimedia Commons)",N
https://upload.wikimedia.org/wikipedia/commons/8/89/Henry_VIII%2C_King_of_England_%281491%E2%80%931547%2C_r._1509%E2%80%9347%29_MET_171269.jpg,wikimedia,CC0,FREE,Steven van Herwijck,photo,2,history-edexcel,Young King Henry and the Rise of Wolsey,,Photo by Steven van Herwijck · public domain · Wikimedia Commons,(needs description) (Photo by Steven van Herwijck · public domain · Wikimedia Commons),N
https://images.unsplash.com/photo-1666214276389-393fb7dbc75c,unsplash,,,,photo,1,history-eduqas,Advances in medical knowledge,,Photo via Unsplash,(needs description) (Photo via Unsplash),N
https://upload.wikimedia.org/wikipedia/commons/6/64/Peter_the_Hermit_Preaching_the_First_Crusade.jpg,wikimedia,Public domain,FREE,AnonymousUnknown author,photo,1,history-eduqas,"Birth of the Crusades: the Council of Clermont, 1095",,Photo by AnonymousUnknown author · public domain · Wikimedia Commons,(needs description) (Photo by AnonymousUnknown author · public domain · Wikimedia Commons),N
https://upload.wikimedia.org/wikipedia/commons/e/ea/New_Zealand_soldiers_and_civilians_in_London_at_the_end_of_World_War_I%2C_1918_%283057287398%29.jpg,wikimedia,No restrictions,FREE,National Library NZ on The Commons,photo,1,history-eduqas,Britain in 1918: a country transformed,,Photo by National Library NZ on The Commons · public domain · Wikimedia Commons,(needs description) (Photo by National Library NZ on The Commons · public domain · Wikimedia Commons),N
https://upload.wikimedia.org/wikipedia/commons/0/07/Stakingen%2C_SFA022820530.jpg,wikimedia,Public domain,FREE,Unknown author,photo,1,history-eduqas,Britain in the Twenties,,Photo by Unknown author · public domain · Wikimedia Commons,(needs description) (Photo by Unknown author · public domain · Wikimedia Commons),N
https://upload.wikimedia.org/wikipedia/commons/d/d2/Buying_food_at_Eaton%27s_using_ration_coupons.jpg,wikimedia,Public domain,FREE,John H. Boyd,photo,1,history-eduqas,Britain in the early 1950s: austerity and rationing,,Photo by John H. Boyd · public domain · Wikimedia Commons,(needs description) (Photo by John H. Boyd · public domain · Wikimedia Commons),N
https://upload.wikimedia.org/wikipedia/commons/9/99/Stocks-at-Waterloo-Village.JPG,wikimedia,Public domain,FREE,WallyFromColumbia at English Wikipedia,photo,1,history-eduqas,Causes of crime across the eras,,Photo by WallyFromColumbia at English Wikipedia · public domain · Wikimedia Commons,(needs description) (Photo by WallyFromColumbia at English Wikipedia · public domain · Wikimedia Commons),N
https://upload.wikimedia.org/wikipedia/commons/1/1d/Hundred_years_war_collage.jpg,wikimedia,CC BY-SA 4.0,SHARE-ALIKE,Blaue Max,photo,1,history-eduqas,Causes of the Hundred Years' War,,Photo by Blaue Max · CC BY-SA 4.0 · Wikimedia Commons,(needs description) (Photo by Blaue Max · CC BY-SA 4.0 · Wikimedia Commons),N
https://upload.wikimedia.org/wikipedia/commons/1/18/Knights_of_the_Holy_Ghost_embarking_on_the_crusades.jpg,wikimedia,No restrictions,FREE,"Jacob, P. L., 1806-1884",photo,1,history-eduqas,Causes of war across the eras,,"Photo by Jacob, P. L., 1806-1884 · public domain · Wikimedia Commons","(needs description) (Photo by Jacob, P. L., 1806-1884 · public domain · Wikimedia Commons)",N
https://upload.wikimedia.org/wikipedia/commons/1/1f/Gorymdaith_ddeuddydd_gan_CND_o_Gricieth_i_Flaenau_Ffestiniog_%281453216%29.jpg,wikimedia,CC BY-SA 4.0,SHARE-ALIKE,Geoff Charles,photo,1,history-eduqas,Changing attitudes to authority: the permissive society,,Photo by Geoff Charles · CC BY-SA 4.0 · Wikimedia Commons,(needs description) (Photo by Geoff Charles · CC BY-SA 4.0 · Wikimedia Commons),N
https://images.unsplash.com/photo-1776174550482-fe0b084ac691,unsplash,,,,photo,1,history-eduqas,Children's entertainment over time,,Photo via Unsplash,(needs description) (Photo via Unsplash),N
https://images.unsplash.com/photo-1581320472027-64754a8ffaca,unsplash,,,,photo,1,history-eduqas,"Cinema, TV and screen entertainment from 1920",,Photo via Unsplash,(needs description) (Photo via Unsplash),N
https://upload.wikimedia.org/wikipedia/commons/0/07/Enabling_Act_in_colour.jpg,wikimedia,CC BY-SA 3.0,SHARE-ALIKE,"Unknown, colourised by me",photo,1,history-eduqas,"Consolidation of Nazi power, 1933-1934",,"Photo by Unknown, colourised by me · CC BY-SA 3.0 · Wikimedia Commons","(needs description) (Photo by Unknown, colourised by me · CC BY-SA 3.0 · Wikimedia Commons)",N
https://upload.wikimedia.org/wikipedia/commons/a/ab/P486_Bear-baiting_as_practised_in_the_time_of_Queen_Elizabeth.jpg,wikimedia,Public domain,FREE,John Cassell,photo,1,history-eduqas,Cruelty in sport and entertainment,,Photo by John Cassell · public domain · Wikimedia Commons,(needs description) (Photo by John Cassell · public domain · Wikimedia Commons),N
https://upload.wikimedia.org/wikipedia/commons/1/1a/Krak_des_Chevaliers_22.jpg,wikimedia,CC BY-SA 3.0,SHARE-ALIKE,Bernard Gagnon,photo,1,history-eduqas,Crusading orders and castle technology,,Photo by Bernard Gagnon · CC BY-SA 3.0 · Wikimedia Commons,(needs description) (Photo by Bernard Gagnon · CC BY-SA 3.0 · Wikimedia Commons),N
https://upload.wikimedia.org/wikipedia/commons/6/69/Edwardian_family_group_in_the_garden_%28302275143%29.jpg,wikimedia,CC BY 2.0,ATTRIB-REQUIRED,"whatsthatpicture from Hanwell, London, UK",photo,1,history-eduqas,Culture and fashion in Edwardian Britain,,"Photo by whatsthatpicture from Hanwell, London, UK · CC BY 2.0 · Wikimedia Commons","(needs description) (Photo by whatsthatpicture from Hanwell, London, UK · CC BY 2.0 · Wikimedia Commons)",N
https://upload.wikimedia.org/wikipedia/commons/c/c6/Knights_jousting%2C_lance_tips_breaking.jpg,wikimedia,Public domain,FREE,Pseudopanax at English Wikipedia,photo,1,history-eduqas,Development of sport: medieval to industrial,,Photo by Pseudopanax at English Wikipedia · public domain · Wikimedia Commons,(needs description) (Photo by Pseudopanax at English Wikipedia · public domain · Wikimedia Commons),N
https://upload.wikimedia.org/wikipedia/commons/6/68/BERLIN_AIRLIFT_MEMORIAL_TEMPLEHOF_FLUGHAFEN_BERLIN_GERMANY_APRIL_2012_%287093126135%29.jpg,wikimedia,CC BY-SA 2.0,SHARE-ALIKE,calflier001,photo,1,history-eduqas,"Division of Germany, 1945-1961",,Photo by calflier001 · CC BY-SA 2.0 · Wikimedia Commons,(needs description) (Photo by calflier001 · CC BY-SA 2.0 · Wikimedia Commons),N
https://upload.wikimedia.org/wikipedia/commons/0/0b/President_Ford_and_Soviet_General_Secretary_Leonid_I._Brezhnev_-_NARA_-_7162417.jpg,wikimedia,Public domain,FREE,David Hume Kennerly,photo,1,history-eduqas,"Détente and the end of the Cold War, 1970-1991",,Photo by David Hume Kennerly · public domain · Wikimedia Commons,(needs description) (Photo by David Hume Kennerly · public domain · Wikimedia Commons),N
https://upload.wikimedia.org/wikipedia/commons/5/59/DDR_1980-05._Magdeburg%2C_Deutsche_Demokratische_Republik_%285726411808%29.jpg,wikimedia,CC BY-SA 2.0,SHARE-ALIKE,"Michel Huhardeaux from Brussels, Belgium",photo,1,history-eduqas,East Germany: control and repression,,"Photo by Michel Huhardeaux from Brussels, Belgium · CC BY-SA 2.0 · Wikimedia Commons","(needs description) (Photo by Michel Huhardeaux from Brussels, Belgium · CC BY-SA 2.0 · Wikimedia Commons)",N
https://upload.wikimedia.org/wikipedia/commons/d/dd/Plaque_remembers_William_Cecil_at_Bourne%2C_Lincolnshire_-_geograph.org.uk_-_4511790.jpg,wikimedia,CC BY-SA 2.0,SHARE-ALIKE,Rex Needle,photo,1,history-eduqas,"Elizabethan government: court, Privy Council and Parliament",,Photo by Rex Needle · CC BY-SA 2.0 · Wikimedia Commons,(needs description) (Photo by Rex Needle · CC BY-SA 2.0 · Wikimedia Commons),N
https://upload.wikimedia.org/wikipedia/commons/1/17/Thatcher_and_Bush_-_1990_-_P14935-18A.jpg,wikimedia,Public domain,FREE,This photo was taken by the Presidential photographer.,photo,2,history-eduqas,End of the Thatcher era,,Photo by This photo was taken by the Presidential photographer. · public domain · Wikimedia Commons,(needs description) (Photo by This photo was taken by the Presidential photographer. · public domain · Wikimedia Commons),N
https://upload.wikimedia.org/wikipedia/commons/a/aa/Elizabeth-I-Allegorical-Po.jpg,wikimedia,Public domain,FREE,English School / Unidentified painter,photo,1,history-eduqas,"End of the reign: succession, decline and legacy",,Photo by English School / Unidentified painter · public domain · Wikimedia Commons,(needs description) (Photo by English School / Unidentified painter · public domain · Wikimedia Commons),N
https://upload.wikimedia.org/wikipedia/commons/0/05/Ludwigsburg_-_Poppenweiler_-_Zehntscheuer_-_Ansicht_von_SSO.jpg,wikimedia,CC BY-SA 4.0,SHARE-ALIKE,Roman Eisele,photo,1,history-eduqas,Enforcing law and order: medieval to early modern,,Photo by Roman Eisele · CC BY-SA 4.0 · Wikimedia Commons,(needs description) (Photo by Roman Eisele · CC BY-SA 4.0 · Wikimedia Commons),N
https://images.unsplash.com/photo-1668965098474-9d4e37dce671,unsplash,,,,photo,1,history-eduqas,"England in the fourteenth century: society, church and trade",,Photo via Unsplash,(needs description) (Photo via Unsplash),N
https://images.unsplash.com/photo-1769794370969-eee773593604,unsplash,,,,photo,4,history-eduqas,Exam technique and synthesis,,Photo via Unsplash,(needs description) (Photo via Unsplash),N
https://pub-aeb94e100e5a48f4a133be5bf206aecb.r2.dev/history-eduqas/conflict-upheaval-england-1337-1381/lesson-10.jpg,r2,,,,photo,11,history-eduqas,"Exam technique and synthesis: sources, interpretations and judgements",,Photo via Unsplash,(needs description) (Photo via Unsplash),N
https://images.unsplash.com/photo-1604872423159-61ef082dab75,unsplash,,,,photo,1,history-eduqas,Exam technique: thematic change essays,,Photo via Unsplash,(needs description) (Photo via Unsplash),N
https://pub-aeb94e100e5a48f4a133be5bf206aecb.r2.dev/history-eduqas/entertainment-leisure-britain-c500-present/lesson-09.jpg,r2,,,,photo,1,history-eduqas,Historic environment: Glastonbury Festival c.1970 to the present day,,Photo via Unsplash,(needs description) (Photo via Unsplash),N
https://upload.wikimedia.org/wikipedia/commons/3/38/GOC_Letchworth_085_Letchworth_Garden_City_%2840845921134%29.jpg,wikimedia,CC BY-SA 2.0,SHARE-ALIKE,Peter O'Connor aka anemoneprojectors,photo,1,history-eduqas,Historic environment: Letchworth Garden City,,Photo by Peter O'Connor aka anemoneprojectors · CC BY-SA 2.0 · Wikimedia Commons,(needs description) (Photo by Peter O'Connor aka anemoneprojectors · CC BY-SA 2.0 · Wikimedia Commons),N
https://upload.wikimedia.org/wikipedia/commons/4/45/Albert_Dock%2C_Liverpool_-_geograph.org.uk_-_5058554.jpg,wikimedia,CC BY-SA 2.0,SHARE-ALIKE,Stephen Richards,photo,1,history-eduqas,Historic environment: Policing in Liverpool c.1787-1900,,Photo by Stephen Richards · CC BY-SA 2.0 · Wikimedia Commons,(needs description) (Photo by Stephen Richards · CC BY-SA 2.0 · Wikimedia Commons),N
https://upload.wikimedia.org/wikipedia/commons/0/07/Periscope_-_Chatham_Dockyard_-_geograph.org.uk_-_2516513.jpg,wikimedia,CC BY-SA 2.0,SHARE-ALIKE,Paul Gillett,photo,1,history-eduqas,"Historic environment: Royal Dockyards, Chatham c.1567-1984",,Photo by Paul Gillett · CC BY-SA 2.0 · Wikimedia Commons,(needs description) (Photo by Paul Gillett · CC BY-SA 2.0 · Wikimedia Commons),N
https://images.unsplash.com/photo-1758123340126-33832da1f2ee,unsplash,,,,photo,1,history-eduqas,Holidays and travel over time,,Photo via Unsplash,(needs description) (Photo via Unsplash),N
https://upload.wikimedia.org/wikipedia/commons/b/b0/Arriving_at_Ellis_Island_LCCN97519082.jpg,wikimedia,Public domain,FREE,George Grantham Bain Collection,photo,1,history-eduqas,Immigration and the Red Scare,,Photo by George Grantham Bain Collection · public domain · Wikimedia Commons,(needs description) (Photo by George Grantham Bain Collection · public domain · Wikimedia Commons),N
https://upload.wikimedia.org/wikipedia/commons/4/49/Bundesarchiv_Bild_121-0723%2C_Marburg-Drau%2C_Adolf_Hitler.jpg,wikimedia,CC BY-SA 3.0 de,SHARE-ALIKE,Unknown,photo,1,history-eduqas,Interpretations of Hitler's Germany,,Photo by Unknown · CC BY-SA 3.0 de · Wikimedia Commons,(needs description) (Photo by Unknown · CC BY-SA 3.0 de · Wikimedia Commons),N
https://upload.wikimedia.org/wikipedia/commons/9/95/The_Roaring_Twenties_1939_Lobby_Card.jpg,wikimedia,Public domain,FREE,Warner Bros.,photo,1,history-eduqas,Interpretations: a Nation of Contrasts?,,Photo by Warner Bros. · public domain · Wikimedia Commons,(needs description) (Photo by Warner Bros. · public domain · Wikimedia Commons),N
https://upload.wikimedia.org/wikipedia/commons/7/71/Centro_america%2C_bernardino_de_Sahag%C3%BAn%2C_historia_general_de_las_cosas_de_nueva_espa%C3%B1a%2C_1576-77%2C_cod._m.p._220.JPG,wikimedia,CC BY 3.0,ATTRIB-REQUIRED,Sailko,photo,1,history-eduqas,"Interpretations: discovery, conquest or invasion?",,Photo by Sailko · CC BY 3.0 · Wikimedia Commons,(needs description) (Photo by Sailko · CC BY 3.0 · Wikimedia Commons),N
https://upload.wikimedia.org/wikipedia/commons/2/2a/John_Ball_of_Colchester_Priest_A_leader_of_the_Peasants_revolt_executed_at_St_Albans_15th_July_1381.jpg,wikimedia,CC0,FREE,Spudgun67,photo,1,history-eduqas,Interpretations: was 1381 a failed revolution or a turning point?,,Photo by Spudgun67 · public domain · Wikimedia Commons,(needs description) (Photo by Spudgun67 · public domain · Wikimedia Commons),N
https://images.unsplash.com/photo-1710520908269-ed0c3658c7a0,unsplash,,,,photo,1,history-eduqas,"Khrushchev and de-Stalinisation, 1953-1964",,Photo via Unsplash,(needs description) (Photo via Unsplash),N
https://upload.wikimedia.org/wikipedia/commons/1/1b/Bubonic_plague_victims-mass_grave_in_Martigues%2C_France_1720-1721.jpg,wikimedia,Public domain,FREE,S. Tzortzis,photo,1,history-eduqas,"Legacy of the Black Death: labour, wages and the Statute of Labourers",,Photo by S. Tzortzis · public domain · Wikimedia Commons,(needs description) (Photo by S. Tzortzis · public domain · Wikimedia Commons),N
https://upload.wikimedia.org/wikipedia/commons/1/12/It%27s_All_In_The_Game_Of_Politics%2C_Prime_Minister_Baldwin_in_1929.jpg,wikimedia,Public domain,FREE,The Philadelphia Inquirer,photo,1,history-eduqas,"Life during the Depression, 1929-1939",,Photo by The Philadelphia Inquirer · public domain · Wikimedia Commons,(needs description) (Photo by The Philadelphia Inquirer · public domain · Wikimedia Commons),N
https://upload.wikimedia.org/wikipedia/commons/6/64/Adolf_Hitler%27s_speech_in_the_Reichstag%2C_30_January_1939.jpg,wikimedia,Public domain,FREE,Unknown,photo,1,history-eduqas,Life during the Second World War,,Photo by Unknown · public domain · Wikimedia Commons,(needs description) (Photo by Unknown · public domain · Wikimedia Commons),N
https://upload.wikimedia.org/wikipedia/commons/7/70/Propaganda_wervings_Poster_SS-Freiwilligen-Grenadier-Division_Langemarck_met_opschrift_Vlamingen_alle_in_de_SS_langemarck.jpg,wikimedia,Public domain,FREE,SS-Freiwilligen-Grenadier-Division Langemarck,line-and-wash,5,history-eduqas,"Life under the Nazis, 1933-1939",Two German soldiers with a bayoneted rifle confront a caricatured man displaying a Union Jack,Illustration after a photo by SS-Freiwilligen-Grenadier-Division Langemarck · public domain · Wikimedia Commons,Two German soldiers with a bayoneted rifle confront a caricatured man displaying a Union Jack (Illustration after a photo by SS-Freiwilligen-Grenadier-Division Langemarck · public domain · Wikimedia Commons),N
https://upload.wikimedia.org/wikipedia/commons/f/f0/The_Manner_of_Execution_at_Tyburn.jpg,wikimedia,Public domain,FREE,Unknown author,photo,1,history-eduqas,Methods of punishment: medieval to early modern,,Photo by Unknown author · public domain · Wikimedia Commons,(needs description) (Photo by Unknown author · public domain · Wikimedia Commons),N
https://images.unsplash.com/photo-1690400524283-4e410dce7318,unsplash,,,,photo,1,history-eduqas,"Modern policing: specialisation, technology and community",,Photo via Unsplash,(needs description) (Photo via Unsplash),N
https://images.unsplash.com/photo-1546450334-03038e2eaa39,unsplash,,,,photo,1,history-eduqas,"Modern punishment: rehabilitation, abolition and alternatives",,Photo via Unsplash,(needs description) (Photo via Unsplash),N
https://upload.wikimedia.org/wikipedia/commons/3/39/Hetton_Colliery_Silver_Prize_Band_%2826665856246%29.jpg,wikimedia,No restrictions,FREE,Tyne &amp; Wear Archives &amp; Museums,photo,1,history-eduqas,Music and dance over time,,Photo by Tyne &amp; Wear Archives &amp; Museums · public domain · Wikimedia Commons,(needs description) (Photo by Tyne &amp; Wear Archives &amp; Museums · public domain · Wikimedia Commons),N
https://upload.wikimedia.org/wikipedia/commons/f/f7/Dick_Turpin_and_Tom_King_pottery_figures_02.jpg,wikimedia,CC0,FREE,14GTR,photo,1,history-eduqas,Nature of crimes: industrial to modern,,Photo by 14GTR · public domain · Wikimedia Commons,(needs description) (Photo by 14GTR · public domain · Wikimedia Commons),N
https://upload.wikimedia.org/wikipedia/commons/9/93/William_Powell_Frith_The_Witch_Trial.jpg,wikimedia,Public domain,FREE,unknown artist,photo,1,history-eduqas,Nature of crimes: medieval and early modern,,Photo by unknown artist · public domain · Wikimedia Commons,(needs description) (Photo by unknown artist · public domain · Wikimedia Commons),N
https://upload.wikimedia.org/wikipedia/commons/5/55/Bundesarchiv_Bild_183-J31305%2C_Auszeichnung_des_Hitlerjungen_Willi_H%C3%BCbner.jpg,generated,,generated,,generated (original),4,history-eduqas,Nazi economic and social policy,"A wet, empty market stall on a cobbled street next to a stone building",StudyVault illustration,"A wet, empty market stall on a cobbled street next to a stone building (StudyVault illustration)",N
https://images.unsplash.com/photo-1778046206682-e9a0ecd85aad,unsplash,,,,photo,1,history-eduqas,"Other explorers: Diaz, da Gama, Vespucci and Magellan",,Photo via Unsplash,(needs description) (Photo via Unsplash),N
https://upload.wikimedia.org/wikipedia/commons/6/65/Medieval_ploughing.JPG,wikimedia,Public domain,FREE,Unknown author,photo,1,history-eduqas,Peasant discontent: long and short-term causes,,Photo by Unknown author · public domain · Wikimedia Commons,(needs description) (Photo by Unknown author · public domain · Wikimedia Commons),N
https://upload.wikimedia.org/wikipedia/commons/3/3a/Nixon_Resignation_Speech_1974_with_Alvin_Snyder.jpg,wikimedia,Public domain,FREE,Oliver Atkins,photo,1,history-eduqas,"Political change, 1960-2000: from Kennedy to Clinton",,Photo by Oliver Atkins · public domain · Wikimedia Commons,(needs description) (Photo by Oliver Atkins · public domain · Wikimedia Commons),N
https://upload.wikimedia.org/wikipedia/commons/5/5b/David_Lloyd_George_with_his_dogs_%281537865%29.jpg,wikimedia,CC BY-SA 4.0,SHARE-ALIKE,Geoff Charles,photo,1,history-eduqas,"Political developments: Liberals, Lords and Labour",,Photo by Geoff Charles · CC BY-SA 4.0 · Wikimedia Commons,(needs description) (Photo by Geoff Charles · CC BY-SA 4.0 · Wikimedia Commons),N
https://upload.wikimedia.org/wikipedia/commons/6/61/The_Beatles_arrive_at_JFK_Airport.jpg,wikimedia,Public domain,FREE,"United Press International, photographer unknown",photo,1,history-eduqas,Popular entertainment and fashion: from teddy boys to punk,,"Photo by United Press International, photographer unknown · public domain · Wikimedia Commons","(needs description) (Photo by United Press International, photographer unknown · public domain · Wikimedia Commons)",N
https://pub-aeb94e100e5a48f4a133be5bf206aecb.r2.dev/history/health-people/lesson-13-hero.jpg,r2,,,,photo,5,history-eduqas,"Post-war Britain, 1945-1960",,Photo via Unsplash,(needs description) (Photo via Unsplash),N
https://images.unsplash.com/photo-1686719329383-705232207720,unsplash,,,,photo,1,history-eduqas,"Prison reform: Howard, Fry and the silent and separate systems",,Photo via Unsplash,(needs description) (Photo via Unsplash),N
https://images.unsplash.com/photo-1612574935301-af13ccce9258,unsplash,,,,photo,1,history-eduqas,Public health: modern Britain,,Photo via Unsplash,(needs description) (Photo via Unsplash),N
https://upload.wikimedia.org/wikipedia/commons/6/64/Berlin_1989%2C_Fall_der_Mauer%2C_Chute_du_mur_10.jpg,wikimedia,CC BY-SA 2.0,SHARE-ALIKE,Raphaël Thiémard from Belgique,photo,1,history-eduqas,"Reunification, 1989-1991",,Photo by Raphaël Thiémard from Belgique · CC BY-SA 2.0 · Wikimedia Commons,(needs description) (Photo by Raphaël Thiémard from Belgique · CC BY-SA 2.0 · Wikimedia Commons),N
https://upload.wikimedia.org/wikipedia/commons/b/b9/The_Peasants%27_Revolt_-_Froissart%2C_Chroniques_de_France_et_d%27Angleterre%2C_Book_II_%28c.1460-1480%29%2C_f.165v_-_BL_Royal_MS_18_E_I.jpg,wikimedia,CC0,FREE,unknown artist,photo,1,history-eduqas,Significance of the Peasants' Revolt,,Photo by unknown artist · public domain · Wikimedia Commons,(needs description) (Photo by unknown artist · public domain · Wikimedia Commons),N
https://images.unsplash.com/photo-1759171243034-93f264350610,unsplash,,,,photo,1,history-eduqas,Social and cultural effects of the Crusades on Europe,,Photo via Unsplash,(needs description) (Photo via Unsplash),N
https://upload.wikimedia.org/wikipedia/commons/5/55/Anti_Vietnam_war_demonstration._Vancouver%2C_BC._1968.JPG,wikimedia,CC BY-SA 4.0,SHARE-ALIKE,John Hill,photo,1,history-eduqas,"Social change, 1950-2000",,Photo by John Hill · CC BY-SA 4.0 · Wikimedia Commons,(needs description) (Photo by John Hill · CC BY-SA 4.0 · Wikimedia Commons),N
https://upload.wikimedia.org/wikipedia/commons/7/7b/Elizabeth_I_%28Armada_Portrait%29.jpg,wikimedia,Public domain,FREE,Formerly attributed to George Gower,photo,1,history-eduqas,Sources and interpretations of Elizabeth's reign,,Photo by Formerly attributed to George Gower · public domain · Wikimedia Commons,(needs description) (Photo by Formerly attributed to George Gower · public domain · Wikimedia Commons),N
https://upload.wikimedia.org/wikipedia/commons/b/b3/The_British_Empire_Troops_on_the_Western_Front%2C_1914-1918_Q10219.jpg,wikimedia,Public domain,FREE,David McLellan,photo,1,history-eduqas,Sources and interpretations of empire and war,,Photo by David McLellan · public domain · Wikimedia Commons,(needs description) (Photo by David McLellan · public domain · Wikimedia Commons),N
https://images.unsplash.com/photo-1604089798694-706a1f384677,unsplash,,,,photo,1,history-eduqas,Sources and interpretations: how 1951-79 has been remembered,,Photo via Unsplash,(needs description) (Photo via Unsplash),N
https://images.unsplash.com/photo-1712237286151-09c11ab98db3,unsplash,,,,photo,1,history-eduqas,"Spectator sport and professionalism, 1860-present",,Photo via Unsplash,(needs description) (Photo via Unsplash),N
https://upload.wikimedia.org/wikipedia/commons/3/3d/Vinnytsia_Memorial_victims_Stalin_terror_2.jpg,wikimedia,CC BY-SA 4.0,SHARE-ALIKE,Dgho,photo,1,history-eduqas,"Stalin's terror: purges, show trials and gulag",,Photo by Dgho · CC BY-SA 4.0 · Wikimedia Commons,(needs description) (Photo by Dgho · CC BY-SA 4.0 · Wikimedia Commons),N
https://upload.wikimedia.org/wikipedia/commons/b/be/The_Soviet_Union_1947_CPA_1183_stamp_%28Steel_mill%29.jpg,wikimedia,Public domain,FREE,USSR Post,photo,1,history-eduqas,Stalinist economy: collectivisation and Five Year Plans,,Photo by USSR Post · public domain · Wikimedia Commons,(needs description) (Photo by USSR Post · public domain · Wikimedia Commons),N
https://upload.wikimedia.org/wikipedia/commons/b/b2/Trebuchet_Castelnaud.jpg,wikimedia,CC BY-SA 3.0,SHARE-ALIKE,unknown artist,photo,1,history-eduqas,Technology of warfare: medieval to industrial,,Photo by unknown artist · CC BY-SA 3.0 · Wikimedia Commons,(needs description) (Photo by unknown artist · CC BY-SA 3.0 · Wikimedia Commons),N
https://upload.wikimedia.org/wikipedia/commons/5/5f/Operation_Crossroads_Baker_wide_-colorized.jpg,wikimedia,Public domain,FREE,"Original: United States Department of Defense (either the U.S. Army or the U.S. Navy) This is a retouched picture, which means that it has been digitally altered from its original version. Modifications: picture manager bright. Modifications made by F1jmm.",photo,1,history-eduqas,Technology of warfare: modern and nuclear,,"Photo by Original: United States Department of Defense (either the U.S. Army or the U.S. Navy) This is a retouched picture, which means that it has been digitally altered from its original version. Modifications: picture manager bright. Modifications made by F1jmm. · public domain · Wikimedia Commons","(needs description) (Photo by Original: United States Department of Defense (either the U.S. Army or the U.S. Navy) This is a retouched picture, which means that it has been digitally altered from its original version. Modifications: picture manager bright. Modifications made by F1jmm. · public domain · Wikimedia Commons)",N
https://upload.wikimedia.org/wikipedia/commons/d/df/Conquista-de-Tenochtitlan-Mexico.jpg,wikimedia,Public domain,FREE,Diego Rivera,photo,1,history-eduqas,The Aztec civilization,,Photo by Diego Rivera · public domain · Wikimedia Commons,(needs description) (Photo by Diego Rivera · public domain · Wikimedia Commons),N
https://upload.wikimedia.org/wikipedia/commons/9/99/Postage_stamps_presentation_booklet_for_limited_edition_government_gift_use_of_Iran%2C_official_visit_of_the_Chairman_of_the_Presidium_of_the_Supreme_Soviet_of_the_USSR_Leonid_Brezhnev_in_Iran%2C_november_1963.jpg,wikimedia,Public domain,FREE,scanned by User:Nickpo,photo,1,history-eduqas,"The Brezhnev years and stagnation, 1964-1985",,Photo by scanned by User:Nickpo · public domain · Wikimedia Commons,(needs description) (Photo by scanned by User:Nickpo · public domain · Wikimedia Commons),N
https://upload.wikimedia.org/wikipedia/commons/5/5a/Crac_des_chevaliers_syria.jpeg,wikimedia,CC BY-SA 2.5,SHARE-ALIKE,Xvlun,photo,1,history-eduqas,The Crusader Kingdoms of Outremer,,Photo by Xvlun · CC BY-SA 2.5 · Wikimedia Commons,(needs description) (Photo by Xvlun · CC BY-SA 2.5 · Wikimedia Commons),N
https://upload.wikimedia.org/wikipedia/commons/f/f8/HMS_Conqueror_Forecastle_Guns.jpg,wikimedia,Public domain,FREE,Hudson &amp; Kearns.,photo,1,history-eduqas,The Falklands War and the Miners' Strike,,Photo by Hudson &amp; Kearns. · public domain · Wikimedia Commons,(needs description) (Photo by Hudson &amp; Kearns. · public domain · Wikimedia Commons),N
https://upload.wikimedia.org/wikipedia/commons/3/30/Origin_of_the_First_Crusaders.jpg,wikimedia,CC BY-SA 4.0,SHARE-ALIKE,Charleslincolnshire,photo,1,history-eduqas,The First Crusade: Antioch and Jerusalem,,Photo by Charleslincolnshire · CC BY-SA 4.0 · Wikimedia Commons,(needs description) (Photo by Charleslincolnshire · CC BY-SA 4.0 · Wikimedia Commons),N
https://upload.wikimedia.org/wikipedia/commons/c/c5/London_-_Peter%27s_Hill_-_Carter_Lane_-_National_Firefighters_Memorial_%27Blitz%27_1990_by_John_William_Mills_-_View_North.jpg,wikimedia,CC BY-SA 4.0,SHARE-ALIKE,Txllxt TxllxT,photo,1,history-eduqas,The Home Front in the Second World War,,Photo by Txllxt TxllxT · CC BY-SA 4.0 · Wikimedia Commons,(needs description) (Photo by Txllxt TxllxT · CC BY-SA 4.0 · Wikimedia Commons),N
https://upload.wikimedia.org/wikipedia/commons/a/a2/Lord_Kitchener_en_France.jpg,wikimedia,Public domain,FREE,Unknown author,photo,1,history-eduqas,"The Home Front: recruitment, DORA and propaganda",,Photo by Unknown author · public domain · Wikimedia Commons,(needs description) (Photo by Unknown author · public domain · Wikimedia Commons),N
https://upload.wikimedia.org/wikipedia/commons/e/eb/Boer_War_Troops_Sydney_slnsw.jpg,wikimedia,Public domain,FREE,Unknown author,photo,1,history-eduqas,"The Second Boer War, 1899-1902",,Photo by Unknown author · public domain · Wikimedia Commons,(needs description) (Photo by Unknown author · public domain · Wikimedia Commons),N
https://upload.wikimedia.org/wikipedia/commons/6/6b/Louis_VII_returning_from_the_Crusades.jpg,wikimedia,CC BY-SA 3.0,SHARE-ALIKE,Acer11,photo,1,history-eduqas,The Second Crusade and its failure,,Photo by Acer11 · CC BY-SA 3.0 · Wikimedia Commons,(needs description) (Photo by Acer11 · CC BY-SA 3.0 · Wikimedia Commons),N
https://upload.wikimedia.org/wikipedia/commons/2/2e/Bundesarchiv_Bild_102-08484%2C_Karlsbad%2C_Gustav_Stresemann_mit_Gattin_und_Sohn.jpg,wikimedia,CC BY-SA 3.0 de,SHARE-ALIKE,Unknown,photo,1,history-eduqas,The Stresemann years: a 'golden age'?,,Photo by Unknown · CC BY-SA 3.0 de · Wikimedia Commons,(needs description) (Photo by Unknown · CC BY-SA 3.0 de · Wikimedia Commons),N
https://upload.wikimedia.org/wikipedia/commons/a/af/Free_Derry_Bloody_Sunday_memorial_march.jpg,wikimedia,CC BY-SA 2.0,SHARE-ALIKE,"kitestramuort from garbage city, italy",photo,2,history-eduqas,The Stuttering Seventies,,"Photo by kitestramuort from garbage city, italy · CC BY-SA 2.0 · Wikimedia Commons","(needs description) (Photo by kitestramuort from garbage city, italy · CC BY-SA 2.0 · Wikimedia Commons)",N
https://upload.wikimedia.org/wikipedia/commons/e/e6/Londons_Carnaby_Street%2C_1966.jpg,wikimedia,No restrictions,FREE,The National Archives UK,photo,1,history-eduqas,The Swinging Sixties,,Photo by The National Archives UK · public domain · Wikimedia Commons,(needs description) (Photo by The National Archives UK · public domain · Wikimedia Commons),N
https://upload.wikimedia.org/wikipedia/commons/8/8d/President_Ronald_Reagan_during_a_meeting_with_Prime_Minister_Thatcher_at_10_Downing_Street.jpg,wikimedia,Public domain,FREE,President (1981-1989 : Reagan). White House Photographic Office. 1981-1989,photo,1,history-eduqas,The Thatcher Years: economy and society,,Photo by President (1981-1989 : Reagan). White House Photographic Office. 1981-1989 · public domain · Wikimedia Commons,(needs description) (Photo by President (1981-1989 : Reagan). White House Photographic Office. 1981-1989 · public domain · Wikimedia Commons),N
https://pub-aeb94e100e5a48f4a133be5bf206aecb.r2.dev/history-edexcel/crime-punishment-whitechapel/lesson-08-hero.jpg,r2,,,,photo,2,history-eduqas,The birth of professional policing,,Photo via Unsplash,(needs description) (Photo via Unsplash),N
https://upload.wikimedia.org/wikipedia/commons/d/d9/Food_Queues_Weimar_Republic_1918_Hanover.jpg,wikimedia,Public domain,FREE,"Hanover press photographer, 1918.",photo,2,history-eduqas,"The collapse of Weimar, 1929-1933",,"Photo by Hanover press photographer, 1918. · public domain · Wikimedia Commons","(needs description) (Photo by Hanover press photographer, 1918. · public domain · Wikimedia Commons)",N
https://images.unsplash.com/photo-1536782103660-cd9ce4735ac6,unsplash,,,,photo,1,history-eduqas,"The collapse of the USSR, 1989-1991",,Photo via Unsplash,(needs description) (Photo via Unsplash),N
https://upload.wikimedia.org/wikipedia/commons/3/3c/The_story_of_the_greatest_nations%3B_a_comprehensive_history%2C_extending_from_the_earliest_times_to_the_present%2C_founded_on_the_most_modern_authorities%2C_and_including_chronological_summaries_and_%2814597431119%29.jpg,wikimedia,No restrictions,FREE,Internet Archive Book Images,photo,1,history-eduqas,"The course of the war: Crécy, Calais and Poitiers",,Photo by Internet Archive Book Images · public domain · Wikimedia Commons,(needs description) (Photo by Internet Archive Book Images · public domain · Wikimedia Commons),N
https://upload.wikimedia.org/wikipedia/commons/6/6b/Chalton_-_M1_Motorway_under_construction.txt_1725911_0aaeb0d3.jpg,wikimedia,CC BY-SA 2.0,SHARE-ALIKE,Ben Brooksbank,photo,1,history-eduqas,The end of austerity: 'never had it so good',,Photo by Ben Brooksbank · CC BY-SA 2.0 · Wikimedia Commons,(needs description) (Photo by Ben Brooksbank · CC BY-SA 2.0 · Wikimedia Commons),N
https://upload.wikimedia.org/wikipedia/commons/2/25/The_Conquest_of_Tenochtitlan.jpg,wikimedia,Public domain,FREE,Unknown author,photo,1,history-eduqas,"The fall of the Aztecs, 1520-1521",,Photo by Unknown author · public domain · Wikimedia Commons,(needs description) (Photo by Unknown author · public domain · Wikimedia Commons),N
https://images.unsplash.com/photo-1631816292086-f296d9bb337d,unsplash,,,,photo,1,history-eduqas,The impact of the Spanish conquest,,Photo via Unsplash,(needs description) (Photo via Unsplash),N
https://upload.wikimedia.org/wikipedia/commons/a/a4/Charles_Booth_%284313217683%29.jpg,wikimedia,CC BY 2.0,ATTRIB-REQUIRED,"Simon Harriyott from Uckfield, England",photo,1,history-eduqas,"The need for social reform: Booth, Rowntree and Liberal reforms",,"Photo by Simon Harriyott from Uckfield, England · CC BY 2.0 · Wikimedia Commons","(needs description) (Photo by Simon Harriyott from Uckfield, England · CC BY 2.0 · Wikimedia Commons)",N
https://images.unsplash.com/photo-1775686342509-eed4ec89d2c4,unsplash,,,,photo,1,history-eduqas,The power of the medieval papacy,,Photo via Unsplash,(needs description) (Photo via Unsplash),N
https://upload.wikimedia.org/wikipedia/commons/9/95/Columbus_Taking_Possession.jpg,wikimedia,Public domain,FREE,"L. Prang &amp; Co., Boston",photo,1,history-eduqas,"The voyages of Columbus, 1492-1504",,"Photo by L. Prang &amp; Co., Boston · public domain · Wikimedia Commons","(needs description) (Photo by L. Prang &amp; Co., Boston · public domain · Wikimedia Commons)",N
https://upload.wikimedia.org/wikipedia/commons/6/64/Capitol_at_Dusk_2.jpg,wikimedia,CC BY-SA 3.0,SHARE-ALIKE,Martin Falbisoner,photo,1,history-eduqas,Themes across the period: continuity and change,,Photo by Martin Falbisoner · CC BY-SA 3.0 · Wikimedia Commons,(needs description) (Photo by Martin Falbisoner · CC BY-SA 3.0 · Wikimedia Commons),N
https://images.unsplash.com/photo-1587795901116-fbbdc7e79d6d,unsplash,,,,photo,1,history-eduqas,Themes: change and continuity in health and medicine,,Photo via Unsplash,(needs description) (Photo via Unsplash),N
https://images.unsplash.com/photo-1566584165233-023d7f749655,unsplash,,,,photo,1,history-eduqas,Themes: continuity and change in British entertainment,,Photo via Unsplash,(needs description) (Photo via Unsplash),N
https://upload.wikimedia.org/wikipedia/commons/b/bc/Imperial_War_Museum_North_view_5.jpg,wikimedia,CC BY-SA 4.0,SHARE-ALIKE,Photograph by Mike Peel (www.mikepeel.net).,photo,1,history-eduqas,Themes: continuity and change in British warfare,,Photo by Photograph by Mike Peel (www.mikepeel.net). · CC BY-SA 4.0 · Wikimedia Commons,(needs description) (Photo by Photograph by Mike Peel (www.mikepeel.net). · CC BY-SA 4.0 · Wikimedia Commons),N
https://pub-aeb94e100e5a48f4a133be5bf206aecb.r2.dev/history-edexcel/maos-china/lesson-10-hero.jpg,r2,,,,photo,1,history-eduqas,Themes: continuity and change in Soviet history,,Photo via Unsplash,(needs description) (Photo via Unsplash),N
https://images.unsplash.com/photo-1488747279002-c8523379faaa,unsplash,,,,photo,1,history-eduqas,Themes: continuity and change in twentieth-century Britain,,Photo via Unsplash,(needs description) (Photo via Unsplash),N
https://upload.wikimedia.org/wikipedia/commons/d/dd/The_War_of_the_Nations_WW1_297_FRONT_AND_BACK_AMERICAN_INFANTRYMAN%2C_TRAINING_IN_BAYONET_WORK%2C_SIGHTING_A_RIFLE.jpg,wikimedia,CC0,FREE,O Suave Gigante,photo,1,history-eduqas,Training and recruitment over time,,Photo by O Suave Gigante · public domain · Wikimedia Commons,(needs description) (Photo by O Suave Gigante · public domain · Wikimedia Commons),N
https://upload.wikimedia.org/wikipedia/commons/3/37/Native_American_participants_in_parade%2C_Seattle%2C_ca_1917-ca_1920_%28SEATTLE_4274%29.jpg,wikimedia,Public domain,FREE,Guy Scott,photo,1,history-eduqas,Treatment of Native Americans,,Photo by Guy Scott · public domain · Wikimedia Commons,(needs description) (Photo by Guy Scott · public domain · Wikimedia Commons),N
https://upload.wikimedia.org/wikipedia/commons/9/9d/Gustav_Stresemann_reading_newspapers._Wellcome_V0049849.jpg,wikimedia,CC BY 4.0,ATTRIB-REQUIRED,unknown artist,photo,3,history-eduqas,"Weimar Germany, 1919-1933: a survey",,Photo by unknown artist · CC BY 4.0 · Wikimedia Commons,(needs description) (Photo by unknown artist · CC BY 4.0 · Wikimedia Commons),N
https://images.unsplash.com/photo-1587330979470-3595ac045ab0,unsplash,,,,photo,1,history-eduqas,West Germany: economic recovery and politics,,Photo via Unsplash,(needs description) (Photo via Unsplash),N
https://images.unsplash.com/photo-1631647761576-3b8872a2cebd,unsplash,,,,photo,1,history-eduqas,Why Europeans sailed: motives for the voyages of discovery,,Photo via Unsplash,(needs description) (Photo via Unsplash),N
https://upload.wikimedia.org/wikipedia/commons/b/ba/Suffragettes_taking_part_in_a_pageant_by_the_National_Union_of_Women%E2%80%99s_Suffrage_Societies%2C_June_1908.jpg,wikimedia,Public domain,FREE,Christina Broom died 1939,photo,2,history-eduqas,Women's suffrage: Suffragists and Suffragettes,,Photo by Christina Broom died 1939 · public domain · Wikimedia Commons,(needs description) (Photo by Christina Broom died 1939 · public domain · Wikimedia Commons),N
https://upload.wikimedia.org/wikipedia/commons/2/29/Segregation_1938b.jpg,wikimedia,Public domain,FREE,John Vachon,photo,1,history-ocr,African Americans before Brown v Board,,Photo by John Vachon · public domain · Wikimedia Commons,(needs description) (Photo by John Vachon · public domain · Wikimedia Commons),N
https://upload.wikimedia.org/wikipedia/commons/4/4a/Black_Trumpeter_at_Henry_VIII%27s_Tournament.jpg,generated,,generated,,generated (original),1,history-ocr,"Africans, Asians and other migrants in early modern England","A carved chest, blue and white vase, and a clasped book sit on a wooden table",StudyVault illustration,"A carved chest, blue and white vase, and a clasped book sit on a wooden table (StudyVault illustration)",N
https://upload.wikimedia.org/wikipedia/commons/4/4e/Edward_the_Elder_-_MS_Royal_14_B_VI.jpg,wikimedia,Public domain,FREE,Unknown author,photo,1,history-ocr,Anglo-Saxon kingship c.1000-1066,,Photo by Unknown author · public domain · Wikimedia Commons,(needs description) (Photo by Unknown author · public domain · Wikimedia Commons),N
https://upload.wikimedia.org/wikipedia/commons/e/e9/South_Africa-Johannesburg-Apartheid_Museum001.jpg,wikimedia,CC BY-SA 3.0,SHARE-ALIKE,NJR ZA,photo,1,history-ocr,Apartheid consolidation and the Bantustans,,Photo by NJR ZA · CC BY-SA 3.0 · Wikimedia Commons,(needs description) (Photo by NJR ZA · CC BY-SA 3.0 · Wikimedia Commons),N
https://upload.wikimedia.org/wikipedia/commons/d/db/Sculpture_of_Olaudah_Equiano%2C_the_Queen%27s_House%2C_Greenwich.jpg,wikimedia,CC BY-SA 4.0,SHARE-ALIKE,JRennocks,line-and-wash,1,history-ocr,Atlantic slavery and British ports,A bust of a Black person looking at framed portraits of white men,Illustration after a photo by JRennocks · CC BY-SA 4.0 · Wikimedia Commons,A bust of a Black person looking at framed portraits of white men (Illustration after a photo by JRennocks · CC BY-SA 4.0 · Wikimedia Commons),N
https://upload.wikimedia.org/wikipedia/commons/7/75/India_1835_2_Mohurs.jpg,wikimedia,Public domain,FREE,National Museum of American History,photo,3,history-ocr,"Bank of England, East India Company and the trade revolution",,Photo by National Museum of American History · public domain · Wikimedia Commons,(needs description) (Photo by National Museum of American History · public domain · Wikimedia Commons),N
https://upload.wikimedia.org/wikipedia/commons/a/a4/Steve_Biko_plaque.jpg,wikimedia,CC BY-SA 4.0,SHARE-ALIKE,Megalit,photo,1,history-ocr,"Black Consciousness, Durban strikes and trade unions",,Photo by Megalit · CC BY-SA 4.0 · Wikimedia Commons,(needs description) (Photo by Megalit · CC BY-SA 4.0 · Wikimedia Commons),N
https://upload.wikimedia.org/wikipedia/commons/e/e5/Statue_of_James_VI_-_geograph.org.uk_-_3088204.jpg,wikimedia,CC BY-SA 2.0,SHARE-ALIKE,Sandy Gemmill,photo,1,history-ocr,Border warfare c.1500-c.1600,,Photo by Sandy Gemmill · CC BY-SA 2.0 · Wikimedia Commons,(needs description) (Photo by Sandy Gemmill · CC BY-SA 2.0 · Wikimedia Commons),N
https://upload.wikimedia.org/wikipedia/commons/b/b0/Sir_Anthony_Van_Dyck_-_Charles_I_%281600-49%29_-_Google_Art_Project.jpg,wikimedia,Public domain,FREE,Sir Anthony Van Dyck (1599 - 1641) Details on Google Art Project,photo,1,history-ocr,Charles I's Personal Rule 1629-1640,,Photo by Sir Anthony Van Dyck (1599 - 1641) Details on Google Art Project · public domain · Wikimedia Commons,(needs description) (Photo by Sir Anthony Van Dyck (1599 - 1641) Details on Google Art Project · public domain · Wikimedia Commons),N
https://upload.wikimedia.org/wikipedia/commons/5/58/Passenger_list_header_M.V._%22Empire_Windrush%22%2C_Tilbury_June_1948.jpg,wikimedia,CC BY-SA 4.0,SHARE-ALIKE,Tek monde,line-and-wash,3,history-ocr,Commonwealth migration after 1945,An old ship's passenger list with a London immigration office stamp,Illustration after a photo by Tek monde · CC BY-SA 4.0 · Wikimedia Commons,An old ship's passenger list with a London immigration office stamp (Illustration after a photo by Tek monde · CC BY-SA 4.0 · Wikimedia Commons),N
https://upload.wikimedia.org/wikipedia/commons/a/a1/Bundesarchiv_Bild_102-14367%2C_Berlin%2C_Reichstag%2C_ausgebrannte_Loge.jpg,wikimedia,CC BY-SA 3.0 de,SHARE-ALIKE,Unknown author,line-and-wash,4,history-ocr,Consolidation of Nazi power 1933-1934,Two uniformed soldiers stand in a damaged room with debris,Illustration after a photo by Unknown author · CC BY-SA 3.0 de · Wikimedia Commons,Two uniformed soldiers stand in a damaged room with debris (Illustration after a photo by Unknown author · CC BY-SA 3.0 de · Wikimedia Commons),N
https://upload.wikimedia.org/wikipedia/commons/a/a5/The_Edward_Lloyd_Family.jpg,wikimedia,Public domain,FREE,Charles Willson Peale,photo,1,history-ocr,"Consumerism, coffee houses and political activism",,Photo by Charles Willson Peale · public domain · Wikimedia Commons,(needs description) (Photo by Charles Willson Peale · public domain · Wikimedia Commons),N
https://upload.wikimedia.org/wikipedia/commons/a/ac/Niall_Andrews_and_Nelson_Mandela%2C_June_1990.jpg,wikimedia,Attribution,ATTRIB-REQUIRED,European Union,photo,1,history-ocr,"Cuito Cuanavale, de Klerk and the negotiation begins",,Photo by European Union · Attribution · Wikimedia Commons,(needs description) (Photo by European Union · Attribution · Wikimedia Commons),N
https://upload.wikimedia.org/wikipedia/commons/8/8e/Courtroom_sketch_of_2_German_Admirals_created_during_the_Trial_of_German_Major_War_Criminals_at_Nuremberg_-_Ed_Vebell.jpg,wikimedia,Public domain,FREE,Ed Vebell,line-and-wash,1,history-ocr,De-Nazification and divided Germany 1945-1955,"Two men in suits, one in uniform, and a speaker's podium with a microphone",Illustration after a photo by Ed Vebell · public domain · Wikimedia Commons,"Two men in suits, one in uniform, and a speaker's podium with a microphone (Illustration after a photo by Ed Vebell · public domain · Wikimedia Commons)",N
https://images.unsplash.com/photo-1627920769541-daa658ed6b59,unsplash,,,,photo,1,history-ocr,Deng's Four Modernisations and economic reform,,Photo via Unsplash,(needs description) (Photo via Unsplash),N
https://upload.wikimedia.org/wikipedia/commons/9/9e/Debating_chamber%2C_Scottish_Parliament_%2831-05-2006%29.jpg,wikimedia,CC BY-SA 3.0,SHARE-ALIKE,User:pschemp,photo,1,history-ocr,Devolution and coalition government,,Photo by User:pschemp · CC BY-SA 3.0 · Wikimedia Commons,(needs description) (Photo by User:pschemp · CC BY-SA 3.0 · Wikimedia Commons),N
https://images.unsplash.com/photo-1698594576842-2c52cad09e0e,unsplash,,,,photo,1,history-ocr,Election 1994 and the new South Africa,,Photo via Unsplash,(needs description) (Photo via Unsplash),N
https://upload.wikimedia.org/wikipedia/commons/7/7a/Mayflower_in_Plymouth_Harbor%2C_by_William_Halsall.jpg,wikimedia,Public domain,FREE,William Halsall,photo,1,history-ocr,Emigration from the British Isles,,Photo by William Halsall · public domain · Wikimedia Commons,(needs description) (Photo by William Halsall · public domain · Wikimedia Commons),N
https://images.unsplash.com/photo-1705733070505-e54e61ad0187,unsplash,,,,line-and-wash,1,history-ocr,End of the war and its international legacy,A helicopter's cockpit and nose with the number 086 visible,Illustration after a photo via Unsplash,A helicopter's cockpit and nose with the number 086 visible (Illustration after a photo via Unsplash),N
https://upload.wikimedia.org/wikipedia/commons/f/fa/Bayeux_Tapestry_32-33_comet_Halley_Harold.jpg,wikimedia,Public domain,FREE,Myrabella,line-and-wash,1,history-ocr,England before 1066 and the Norman impact on migration,"A crowned king with a raised sword, people pointing at a comet",Illustration after a photo by Myrabella · public domain · Wikimedia Commons,"A crowned king with a raised sword, people pointing at a comet (Illustration after a photo by Myrabella · public domain · Wikimedia Commons)",N
https://images.unsplash.com/photo-1760372883575-b603cc48a4ec,unsplash,,,,photo,1,history-ocr,Establishing communist rule and early purges,,Photo via Unsplash,(needs description) (Photo via Unsplash),N
https://upload.wikimedia.org/wikipedia/commons/1/1c/Betty_Friedan_LOC.jpg,wikimedia,Public domain,FREE,Bernard Gotfryd,photo,1,history-ocr,Feminism and the women's movement,,Photo by Bernard Gotfryd · public domain · Wikimedia Commons,(needs description) (Photo by Bernard Gotfryd · public domain · Wikimedia Commons),N
https://upload.wikimedia.org/wikipedia/commons/b/b1/Edward_Radclyffe_-_Battle_of_Naseby_-_B1998.14.672_-_Yale_Center_for_British_Art.jpg,wikimedia,CC0,FREE,Edward Radclyffe,photo,1,history-ocr,First Civil War 1642-1646,,Photo by Edward Radclyffe · public domain · Wikimedia Commons,(needs description) (Photo by Edward Radclyffe · public domain · Wikimedia Commons),N
https://upload.wikimedia.org/wikipedia/commons/6/60/RIAN_archive_2251_Destroyed_Stalingrad_does_not_give_up.jpg,wikimedia,CC BY-SA 3.0,SHARE-ALIKE,Zelma / Георгий Зельма,line-and-wash,1,history-ocr,Germany at war 1939-1945,"A devastated city lies in ruins, viewed through the gaps of broken walls",Illustration after a photo by Zelma / Георгий Зельма · CC BY-SA 3.0 · Wikimedia Commons,"A devastated city lies in ruins, viewed through the gaps of broken walls (Illustration after a photo by Zelma / Георгий Зельма · CC BY-SA 3.0 · Wikimedia Commons)",N
https://upload.wikimedia.org/wikipedia/commons/e/ea/William_III_and_Mary_II.jpg,wikimedia,Public domain,FREE,Unknown author,photo,2,history-ocr,Glorious Revolution and the Hanoverian succession,,Photo by Unknown author · public domain · Wikimedia Commons,(needs description) (Photo by Unknown author · public domain · Wikimedia Commons),N
https://images.unsplash.com/photo-1557318379-f02669f08d17,unsplash,,,,photo,1,history-ocr,Hundred Flowers and Anti-Rightist Campaigns,,Photo via Unsplash,(needs description) (Photo via Unsplash),N
https://upload.wikimedia.org/wikipedia/commons/2/21/Scottish_Parliament_Debating_Chamber_1.jpg,wikimedia,CC BY-SA 4.0,SHARE-ALIKE,Colin,line-and-wash,2,history-ocr,Ideas of Englishness and Britishness over time,The debating chamber of the Scottish Parliament,Illustration after a photo by Colin · CC BY-SA 4.0 · Wikimedia Commons,The debating chamber of the Scottish Parliament (Illustration after a photo by Colin · CC BY-SA 4.0 · Wikimedia Commons),N
https://upload.wikimedia.org/wikipedia/commons/1/14/Carte_postale_Sacco_et_Vanzetti.jpg,wikimedia,CC BY-SA 4.0,SHARE-ALIKE,Secours rouge international (SRI),line-and-wash,1,history-ocr,"Immigration, the Red Scare and nativism","Portraits of Nicola Sacco and Bartolomeo Vanzetti, with handcuffed hands behind bars",Illustration after a photo by Secours rouge international (SRI) · CC BY-SA 4.0 · Wikimedia Commons,"Portraits of Nicola Sacco and Bartolomeo Vanzetti, with handcuffed hands behind bars (Illustration after a photo by Secours rouge international (SRI) · CC BY-SA 4.0 · Wikimedia Commons)",N
https://upload.wikimedia.org/wikipedia/commons/b/be/Strype%2C_map_of_Whitechapel%2C_1720.jpg,wikimedia,Public domain,FREE,John Strype,line-and-wash,1,history-ocr,"Industrial Britain: Irish, Scottish and Eastern European migrants","A historical map shows urban buildings, fields, and a marked area of wavy ground",Illustration after a photo by John Strype · public domain · Wikimedia Commons,"A historical map shows urban buildings, fields, and a marked area of wavy ground (Illustration after a photo by John Strype · public domain · Wikimedia Commons)",N
https://upload.wikimedia.org/wikipedia/commons/6/60/Boycott_Apartheid_Bus%2C_London%2C_UK._1989.jpg,wikimedia,CC BY 2.0,ATTRIB-REQUIRED,"rahuldlucca (R. Barraez D´Lucca from Carracas, Venezuela)",photo,1,history-ocr,International isolation and the Anti-Apartheid Movement,,"Photo by rahuldlucca (R. Barraez D´Lucca from Carracas, Venezuela) · CC BY 2.0 · Wikimedia Commons","(needs description) (Photo by rahuldlucca (R. Barraez D´Lucca from Carracas, Venezuela) · CC BY 2.0 · Wikimedia Commons)",N
https://upload.wikimedia.org/wikipedia/commons/2/25/The_River_Boyne_Flows_Through_Drogheda_%282803522345%29.jpg,wikimedia,CC BY-SA 2.0,SHARE-ALIKE,"William Murphy from Dublin, Ireland",photo,1,history-ocr,Ireland 1688-1691 and the Jacobite threat,,"Photo by William Murphy from Dublin, Ireland · CC BY-SA 2.0 · Wikimedia Commons","(needs description) (Photo by William Murphy from Dublin, Ireland · CC BY-SA 2.0 · Wikimedia Commons)",N
https://upload.wikimedia.org/wikipedia/commons/8/82/Soay_Sheep%2C_Culloden_Moor_-_geograph.org.uk_-_59546.jpg,wikimedia,CC BY-SA 2.0,SHARE-ALIKE,Kirsty Smith,photo,1,history-ocr,Jacobite rebellions and imperial wars,,Photo by Kirsty Smith · CC BY-SA 2.0 · Wikimedia Commons,(needs description) (Photo by Kirsty Smith · CC BY-SA 2.0 · Wikimedia Commons),N
https://upload.wikimedia.org/wikipedia/commons/e/e2/Woman%27s_Spitalfields_silk_damask_shoes_with_buckles_1740s.jpg,wikimedia,Public domain,FREE,Unknown author,line-and-wash,1,history-ocr,Jewish readmission and Huguenot refugees,A pair of green 18th-century style buckle shoes,Illustration after a photo by Unknown author · public domain · Wikimedia Commons,A pair of green 18th-century style buckle shoes (Illustration after a photo by Unknown author · public domain · Wikimedia Commons),N
https://upload.wikimedia.org/wikipedia/commons/e/ee/York_Castle_Clifford%27s_Tower_2007.jpg,wikimedia,Public domain,FREE,Steven Fruitsmaak,line-and-wash,1,history-ocr,Jews in medieval England 1066-1290,A round stone castle stands on top of a large mound,Illustration after a photo by Steven Fruitsmaak · public domain · Wikimedia Commons,A round stone castle stands on top of a large mound (Illustration after a photo by Steven Fruitsmaak · public domain · Wikimedia Commons),N
https://upload.wikimedia.org/wikipedia/commons/a/ac/Ku_Klux_Klan_Virginia_1922_Parade.jpg,generated,,generated,,generated (original),3,history-ocr,"Jim Crow, the Klan and racial violence","Two contrasting water fountains are shown, one clean and one rusty",StudyVault illustration,"Two contrasting water fountains are shown, one clean and one rusty (StudyVault illustration)",N
https://upload.wikimedia.org/wikipedia/commons/2/2c/Kenilworth_Castle_keep_2016.jpg,wikimedia,CC BY-SA 4.0,SHARE-ALIKE,DeFacto,photo,2,history-ocr,Kenilworth Castle in the Civil War,,Photo by DeFacto · CC BY-SA 4.0 · Wikimedia Commons,(needs description) (Photo by DeFacto · CC BY-SA 4.0 · Wikimedia Commons),N
https://upload.wikimedia.org/wikipedia/commons/d/d9/Kenilworth_Castle_Great_Hall_from_the_east_2016.jpg,wikimedia,CC BY-SA 4.0,SHARE-ALIKE,DeFacto,photo,1,history-ocr,Kenilworth Castle: location and physical fabric,,Photo by DeFacto · CC BY-SA 4.0 · Wikimedia Commons,(needs description) (Photo by DeFacto · CC BY-SA 4.0 · Wikimedia Commons),N
https://upload.wikimedia.org/wikipedia/commons/b/b9/Battle_of_Agincourt%2C_St._Alban%27s_Chronicle_by_Thomas_Walsingham.jpg,wikimedia,Public domain,FREE,"Unknown - Ms 6 f.243 Battle of Agincourt, 1415, English with Flemish illuminations, from the 'St. Alban's Chronicle' by Thomas Walsingham (vellum), English School, (15th century)",photo,2,history-ocr,Late medieval warfare c.1290-c.1450,,"Photo by Unknown - Ms 6 f.243 Battle of Agincourt, 1415, English with Flemish illuminations, from the 'St. Alban's Chronicle' by Thomas Walsingham (vellum), English School, (15th century) · public domain · Wikimedia Commons","(needs description) (Photo by Unknown - Ms 6 f.243 Battle of Agincourt, 1415, English with Flemish illuminations, from the 'St. Alban's Chronicle' by Thomas Walsingham (vellum), English School, (15th century) · public domain · Wikimedia Commons)",N
https://upload.wikimedia.org/wikipedia/commons/c/c1/Red_Guards.jpg,wikimedia,Public domain,FREE,Red Guards (China),photo,2,history-ocr,Launching the Cultural Revolution 1966-69,,Photo by Red Guards (China) · public domain · Wikimedia Commons,(needs description) (Photo by Red Guards (China) · public domain · Wikimedia Commons),N
https://upload.wikimedia.org/wikipedia/commons/1/14/Godfrey_C._Hindley_-_John_Lilburne_on_the_pillory_at_Westminster%2C_1638.jpg,wikimedia,Public domain,FREE,Creator:Godfrey C. Hindley,photo,1,history-ocr,"Levellers, Diggers and radical religion",,Photo by Creator:Godfrey C. Hindley · public domain · Wikimedia Commons,(needs description) (Photo by Creator:Godfrey C. Hindley · public domain · Wikimedia Commons),N
https://upload.wikimedia.org/wikipedia/commons/1/1f/Lollards_QE4_126.jpg,wikimedia,Public domain,FREE,Various photographers for Cassell &amp; Co.,photo,1,history-ocr,"Lollards, Luther and English criticism of the church",,Photo by Various photographers for Cassell &amp; Co. · public domain · Wikimedia Commons,(needs description) (Photo by Various photographers for Cassell &amp; Co. · public domain · Wikimedia Commons),N
https://upload.wikimedia.org/wikipedia/commons/e/ee/Magna_Carta_%28British_Library_Cotton_MS_Augustus_II.106%29.jpg,wikimedia,Public domain,FREE,Original authors were the barons and King John of England. Uploaded by Earthsound.,photo,4,history-ocr,Magna Carta and the emergence of Parliament 1199-1399,,Photo by Original authors were the barons and King John of England. Uploaded by Earthsound. · public domain · Wikimedia Commons,(needs description) (Photo by Original authors were the barons and King John of England. Uploaded by Earthsound. · public domain · Wikimedia Commons),N
https://upload.wikimedia.org/wikipedia/commons/5/5b/Malcolm_X_Ireland.jpg,wikimedia,CC BY-SA 4.0,SHARE-ALIKE,Mike Alewitz,photo,1,history-ocr,"Malcolm X, Black Power and radical movements",,Photo by Mike Alewitz · CC BY-SA 4.0 · Wikimedia Commons,(needs description) (Photo by Mike Alewitz · CC BY-SA 4.0 · Wikimedia Commons),N
https://upload.wikimedia.org/wikipedia/commons/9/93/Tiananmen_Square.jpg,wikimedia,CC BY 2.0,ATTRIB-REQUIRED,"Yo Hibino from Lafayette IN, United States",photo,1,history-ocr,"Mao's death, the Gang of Four and the Democracy Wall",,"Photo by Yo Hibino from Lafayette IN, United States · CC BY 2.0 · Wikimedia Commons","(needs description) (Photo by Yo Hibino from Lafayette IN, United States · CC BY 2.0 · Wikimedia Commons)",N
https://upload.wikimedia.org/wikipedia/commons/f/fa/Joseph_McCarthy.jpg,wikimedia,Public domain,FREE,United Press,photo,1,history-ocr,McCarthyism,,Photo by United Press · public domain · Wikimedia Commons,(needs description) (Photo by United Press · public domain · Wikimedia Commons),N
https://upload.wikimedia.org/wikipedia/commons/f/f1/Floral_Tributes_to_Stephen_Lawrence_in_Eltham_in_2023_%2803%29.jpg,wikimedia,CC BY-SA 4.0,SHARE-ALIKE,Doyle of London,line-and-wash,1,history-ocr,Multicultural Britain 1981-2010,"A memorial stone for Stephen Lawrence with flowers, candles, and a wooden cross",Illustration after a photo by Doyle of London · CC BY-SA 4.0 · Wikimedia Commons,"A memorial stone for Stephen Lawrence with flowers, candles, and a wooden cross (Illustration after a photo by Doyle of London · CC BY-SA 4.0 · Wikimedia Commons)",N
https://images.unsplash.com/photo-1560969185-ee68ef9080c0,unsplash,,,,line-and-wash,1,history-ocr,"NATO, Warsaw Pact and the Berlin Wall",The Berlin Wall and a wire fence show a large gap in the middle,Illustration after a photo via Unsplash,The Berlin Wall and a wire fence show a large gap in the middle (Illustration after a photo via Unsplash),N
https://upload.wikimedia.org/wikipedia/commons/2/29/Turner%2C_The_Battle_of_Trafalgar_%281822%29.jpg,wikimedia,Public domain,FREE,J. M. W. Turner,photo,2,history-ocr,Napoleonic wars and Victorian imperial conflicts,,Photo by J. M. W. Turner · public domain · Wikimedia Commons,(needs description) (Photo by J. M. W. Turner · public domain · Wikimedia Commons),N
https://upload.wikimedia.org/wikipedia/commons/8/83/Native_Americans_protesting_against_Donald_Trump_%2831589034624%29.jpg,wikimedia,CC BY 2.0,ATTRIB-REQUIRED,"Fibonacci Blue from Minnesota, USA",photo,1,history-ocr,"Native Americans, Chicanos and other civil rights movements",,"Photo by Fibonacci Blue from Minnesota, USA · CC BY 2.0 · Wikimedia Commons","(needs description) (Photo by Fibonacci Blue from Minnesota, USA · CC BY 2.0 · Wikimedia Commons)",N
https://upload.wikimedia.org/wikipedia/commons/0/06/The_day_after_Kristallnacht.jpg,wikimedia,Public domain,FREE,Unknown author,line-and-wash,2,history-ocr,"Opposition, persecution and the racial state","A shop window is shattered, with men walking past",Illustration after a photo by Unknown author · public domain · Wikimedia Commons,"A shop window is shattered, with men walking past (Illustration after a photo by Unknown author · public domain · Wikimedia Commons)",N
https://upload.wikimedia.org/wikipedia/commons/5/5b/1984_PW_Botha_inspects_the_guard_of_honour.jpg,wikimedia,CC BY-SA 2.0,SHARE-ALIKE,Ian Barbour,photo,1,history-ocr,P.W. Botha's State of Emergency and total strategy,,Photo by Ian Barbour · CC BY-SA 2.0 · Wikimedia Commons,(needs description) (Photo by Ian Barbour · CC BY-SA 2.0 · Wikimedia Commons),N
https://upload.wikimedia.org/wikipedia/commons/8/88/Sampford_Courtenay-_St._Andrews_Church_%28geograph_4926858%29.jpg,wikimedia,CC BY-SA 2.0,SHARE-ALIKE,Michael Garlick,photo,1,history-ocr,Parish reaction and the Prayer Book Rebellion,,Photo by Michael Garlick · CC BY-SA 2.0 · Wikimedia Commons,(needs description) (Photo by Michael Garlick · CC BY-SA 2.0 · Wikimedia Commons),N
https://upload.wikimedia.org/wikipedia/commons/4/47/Jimmy_Carter_and_Margaret_Thatcher_in_1979.jpg,wikimedia,Public domain,FREE,Unknown photographer,photo,2,history-ocr,"Pressure groups, Thatcher and challenges to Parliament",,Photo by Unknown photographer · public domain · Wikimedia Commons,(needs description) (Photo by Unknown photographer · public domain · Wikimedia Commons),N
https://upload.wikimedia.org/wikipedia/commons/b/b5/Labor_unions_hold_anti-prohibition_meeting.jpg,wikimedia,Public domain,FREE,Unknown author,line-and-wash,1,history-ocr,"Prohibition: causes, enforcement and failure","A crowd of people march, many carrying blank placards",Illustration after a photo by Unknown author · public domain · Wikimedia Commons,"A crowd of people march, many carrying blank placards (Illustration after a photo by Unknown author · public domain · Wikimedia Commons)",N
https://upload.wikimedia.org/wikipedia/commons/0/09/Figure_and_plaque_of_Oliver_Cromwell.jpg,wikimedia,CC0,FREE,14GTR,photo,1,history-ocr,Protectorate 1653-1658,,Photo by 14GTR · public domain · Wikimedia Commons,(needs description) (Photo by 14GTR · public domain · Wikimedia Commons),N
https://upload.wikimedia.org/wikipedia/commons/f/f3/New_Deal_collage.jpg,generated,,generated,,generated (original),1,history-ocr,Reactions to the New Deal,A long line of men queues outside a grand building with columns and a dome,StudyVault illustration,A long line of men queues outside a grand building with columns and a dome (StudyVault illustration),N
https://upload.wikimedia.org/wikipedia/commons/0/0c/Window_Smashing_Campaign.jpg,wikimedia,No restrictions,FREE,LSE Library,photo,1,history-ocr,Reform Acts and the expansion of the franchise 1832-1928,,Photo by LSE Library · public domain · Wikimedia Commons,(needs description) (Photo by LSE Library · public domain · Wikimedia Commons),N
https://upload.wikimedia.org/wikipedia/commons/1/17/Maximum_Security_Prison%2C_Robben_Island_%2802%29.jpg,wikimedia,CC BY-SA 4.0,SHARE-ALIKE,Moheen Reeyad,photo,1,history-ocr,Rivonia Trial and the long silence,,Photo by Moheen Reeyad · CC BY-SA 4.0 · Wikimedia Commons,(needs description) (Photo by Moheen Reeyad · CC BY-SA 4.0 · Wikimedia Commons),N
https://upload.wikimedia.org/wikipedia/commons/c/c6/SlavesForSaleNewOrleans1861.jpeg,wikimedia,Public domain,FREE,Not credited,photo,1,history-ocr,Royal African Company and the slave economy,,Photo by Not credited · public domain · Wikimedia Commons,(needs description) (Photo by Not credited · public domain · Wikimedia Commons),N
https://images.unsplash.com/photo-1687790132115-1f528a771698,unsplash,,,,photo,1,history-ocr,Rump Parliament and the rise of Cromwell 1649-1653,,Photo via Unsplash,(needs description) (Photo via Unsplash),N
https://upload.wikimedia.org/wikipedia/commons/a/a0/Glencoe_valley_-_geograph.org.uk_-_2488216.jpg,wikimedia,CC BY-SA 2.0,SHARE-ALIKE,Peter S,photo,1,history-ocr,Scotland 1688-1715: Glencoe to Union,,Photo by Peter S · CC BY-SA 2.0 · Wikimedia Commons,(needs description) (Photo by Peter S · CC BY-SA 2.0 · Wikimedia Commons),N
https://upload.wikimedia.org/wikipedia/commons/8/83/Murder_at_Sharpeville_21_March_1960.jpg,wikimedia,CC BY-SA 3.0,SHARE-ALIKE,"Godfrey Rubens (painter and photographer) .mw-parser-output .messagebox{margin:4px 0;width:auto;border-collapse:collapse;border:2px solid var(--border-color-progressive,#6485d1);background-color:var(--background-color-neutral-subtle,#fbfcff);color:var(--color-base,#202122);box-sizing:border-box;border-inline-start-width:8px}.mw-parser-output .messagebox.mbox-small{font-size:88%;line-height:1.25em}.mw-parser-output .mbox-warning,.mw-parser-output .mbox-speedy{border:2px solid var(--border-color-error,#b22222);background:var(--background-color-error-subtle,#ffdbdb);border-inline-start-width:8px}.mw-parser-output .mbox-serious,.mw-parser-output .mbox-delete,.mw-parser-output .mbox-stop{border:2px solid var(--border-color-error,#b22222);border-inline-start-width:8px}.mw-parser-output .mbox-issue,.mw-parser-output .mbox-content{border:2px solid #f28500;background:var(--background-color-warning-subtle,#ffe);border-inline-start-width:8px}.mw-parser-output .mbox-query,.mw-parser-output .mbox-style{border:2px solid #f4c430;background:var(--background-color-warning-subtle,#ffe);border-inline-start-width:8px}.mw-parser-output .mbox-shit{border:2px solid #960;border-inline-start-width:8px}.mw-parser-output .mbox-license{border:2px solid #88a;border-inline-start-width:initial}.mw-parser-output .mbox-legal{border:2px solid var(--border-color-notice,#666);background:var(--background-color-base,#fff);border-inline-start-width:8px}.mw-parser-output .mbox-honor{border:2px solid #ca3;background:var(--background-color-warning-subtle,#fcf4db);border-inline-start-width:8px}.mw-parser-output .mbox-growth{border:2px solid #8d4;background:var(--background-color-success-subtle,#d5fdf4);border-inline-start-width:8px}.mw-parser-output .mbox-move{border:2px solid #93c;border-inline-start-width:8px}.mw-parser-output .mbox-protection,.mw-parser-output .mbox-message{border:2px solid var(--border-color-base,#aaa);border-inline-start-width:8px}.mw-parser-output .messagebox .mbox-text{border:none;padding:0.25em 0.9em;width:100%}.mw-parser-output .messagebox .mbox-image{border:none;padding:2px 0 2px 0.9em;text-align:center}.mw-parser-output .messagebox .mbox-imageright{border:none;padding:2px 0.9em 2px 0;text-align:center}.mw-parser-output .messagebox .mbox-empty-cell{border:none;padding:0;width:1px}.mw-parser-output .messagebox .mbox-invalid-type{text-align:center}@media(min-width:720px){.mw-parser-output .messagebox{margin:4px 10%}.mw-parser-output .messagebox.mbox-small{clear:right;float:right;margin:4px 0 4px 1em;width:238px}}body.skin--responsive .mw-parser-output table.messagebox img{max-width:none!important}This work is free and may be used by anyone for any purpose. If you wish to use this content, you do not need to request permission as long as you follow any licensing requirements mentioned on this page. The Wikimedia Foundation has received an e-mail confirming that the copyright holder has approved publication under the terms mentioned on this page. This correspondence has been reviewed by a Volunteer Response Team (VRT) member and stored in our permission archive. The correspondence is available to trusted volunteers as ticket #2009032410048598. If you have questions about the archived correspondence, please use the VRT noticeboard. Ticket link: https://ticket.wikimedia.org/otrs/index.pl?Action=AgentTicketZoom&amp;TicketNumber=2009032410048598 Find other files from the same ticket:",photo,1,history-ocr,Sharpeville and the turn to armed struggle,,"Photo by Godfrey Rubens (painter and photographer) .mw-parser-output .messagebox{margin:4px 0;width:auto;border-collapse:collapse;border:2px solid var(--border-color-progressive,#6485d1);background-color:var(--background-color-neutral-subtle,#fbfcff);color:var(--color-base,#202122);box-sizing:border-box;border-inline-start-width:8px}.mw-parser-output .messagebox.mbox-small{font-size:88%;line-height:1.25em}.mw-parser-output .mbox-warning,.mw-parser-output .mbox-speedy{border:2px solid var(--border-color-error,#b22222);background:var(--background-color-error-subtle,#ffdbdb);border-inline-start-width:8px}.mw-parser-output .mbox-serious,.mw-parser-output .mbox-delete,.mw-parser-output .mbox-stop{border:2px solid var(--border-color-error,#b22222);border-inline-start-width:8px}.mw-parser-output .mbox-issue,.mw-parser-output .mbox-content{border:2px solid #f28500;background:var(--background-color-warning-subtle,#ffe);border-inline-start-width:8px}.mw-parser-output .mbox-query,.mw-parser-output .mbox-style{border:2px solid #f4c430;background:var(--background-color-warning-subtle,#ffe);border-inline-start-width:8px}.mw-parser-output .mbox-shit{border:2px solid #960;border-inline-start-width:8px}.mw-parser-output .mbox-license{border:2px solid #88a;border-inline-start-width:initial}.mw-parser-output .mbox-legal{border:2px solid var(--border-color-notice,#666);background:var(--background-color-base,#fff);border-inline-start-width:8px}.mw-parser-output .mbox-honor{border:2px solid #ca3;background:var(--background-color-warning-subtle,#fcf4db);border-inline-start-width:8px}.mw-parser-output .mbox-growth{border:2px solid #8d4;background:var(--background-color-success-subtle,#d5fdf4);border-inline-start-width:8px}.mw-parser-output .mbox-move{border:2px solid #93c;border-inline-start-width:8px}.mw-parser-output .mbox-protection,.mw-parser-output .mbox-message{border:2px solid var(--border-color-base,#aaa);border-inline-start-width:8px}.mw-parser-output .messagebox .mbox-text{border:none;padding:0.25em 0.9em;width:100%}.mw-parser-output .messagebox .mbox-image{border:none;padding:2px 0 2px 0.9em;text-align:center}.mw-parser-output .messagebox .mbox-imageright{border:none;padding:2px 0.9em 2px 0;text-align:center}.mw-parser-output .messagebox .mbox-empty-cell{border:none;padding:0;width:1px}.mw-parser-output .messagebox .mbox-invalid-type{text-align:center}@media(min-width:720px){.mw-parser-output .messagebox{margin:4px 10%}.mw-parser-output .messagebox.mbox-small{clear:right;float:right;margin:4px 0 4px 1em;width:238px}}body.skin--responsive .mw-parser-output table.messagebox img{max-width:none!important}This work is free and may be used by anyone for any purpose. If you wish to use this content, you do not need to request permission as long as you follow any licensing requirements mentioned on this page. The Wikimedia Foundation has received an e-mail confirming that the copyright holder has approved publication under the terms mentioned on this page. This correspondence has been reviewed by a Volunteer Response Team (VRT) member and stored in our permission archive. The correspondence is available to trusted volunteers as ticket #2009032410048598. If you have questions about the archived correspondence, please use the VRT noticeboard. Ticket link: https://ticket.wikimedia.org/otrs/index.pl?Action=AgentTicketZoom&amp;TicketNumber=2009032410048598 Find other files from the same ticket: · CC BY-SA 3.0 · Wikimedia Commons","(needs description) (Photo by Godfrey Rubens (painter and photographer) .mw-parser-output .messagebox{margin:4px 0;width:auto;border-collapse:collapse;border:2px solid var(--border-color-progressive,#6485d1);background-color:var(--background-color-neutral-subtle,#fbfcff);color:var(--color-base,#202122);box-sizing:border-box;border-inline-start-width:8px}.mw-parser-output .messagebox.mbox-small{font-size:88%;line-height:1.25em}.mw-parser-output .mbox-warning,.mw-parser-output .mbox-speedy{border:2px solid var(--border-color-error,#b22222);background:var(--background-color-error-subtle,#ffdbdb);border-inline-start-width:8px}.mw-parser-output .mbox-serious,.mw-parser-output .mbox-delete,.mw-parser-output .mbox-stop{border:2px solid var(--border-color-error,#b22222);border-inline-start-width:8px}.mw-parser-output .mbox-issue,.mw-parser-output .mbox-content{border:2px solid #f28500;background:var(--background-color-warning-subtle,#ffe);border-inline-start-width:8px}.mw-parser-output .mbox-query,.mw-parser-output .mbox-style{border:2px solid #f4c430;background:var(--background-color-warning-subtle,#ffe);border-inline-start-width:8px}.mw-parser-output .mbox-shit{border:2px solid #960;border-inline-start-width:8px}.mw-parser-output .mbox-license{border:2px solid #88a;border-inline-start-width:initial}.mw-parser-output .mbox-legal{border:2px solid var(--border-color-notice,#666);background:var(--background-color-base,#fff);border-inline-start-width:8px}.mw-parser-output .mbox-honor{border:2px solid #ca3;background:var(--background-color-warning-subtle,#fcf4db);border-inline-start-width:8px}.mw-parser-output .mbox-growth{border:2px solid #8d4;background:var(--background-color-success-subtle,#d5fdf4);border-inline-start-width:8px}.mw-parser-output .mbox-move{border:2px solid #93c;border-inline-start-width:8px}.mw-parser-output .mbox-protection,.mw-parser-output .mbox-message{border:2px solid var(--border-color-base,#aaa);border-inline-start-width:8px}.mw-parser-output .messagebox .mbox-text{border:none;padding:0.25em 0.9em;width:100%}.mw-parser-output .messagebox .mbox-image{border:none;padding:2px 0 2px 0.9em;text-align:center}.mw-parser-output .messagebox .mbox-imageright{border:none;padding:2px 0.9em 2px 0;text-align:center}.mw-parser-output .messagebox .mbox-empty-cell{border:none;padding:0;width:1px}.mw-parser-output .messagebox .mbox-invalid-type{text-align:center}@media(min-width:720px){.mw-parser-output .messagebox{margin:4px 10%}.mw-parser-output .messagebox.mbox-small{clear:right;float:right;margin:4px 0 4px 1em;width:238px}}body.skin--responsive .mw-parser-output table.messagebox img{max-width:none!important}This work is free and may be used by anyone for any purpose. If you wish to use this content, you do not need to request permission as long as you follow any licensing requirements mentioned on this page. The Wikimedia Foundation has received an e-mail confirming that the copyright holder has approved publication under the terms mentioned on this page. This correspondence has been reviewed by a Volunteer Response Team (VRT) member and stored in our permission archive. The correspondence is available to trusted volunteers as ticket #2009032410048598. If you have questions about the archived correspondence, please use the VRT noticeboard. Ticket link: https://ticket.wikimedia.org/otrs/index.pl?Action=AgentTicketZoom&amp;TicketNumber=2009032410048598 Find other files from the same ticket: · CC BY-SA 3.0 · Wikimedia Commons)",N
https://upload.wikimedia.org/wikipedia/commons/c/c4/Charles_I_and_Henrietta_Maria_MET_DP823578.jpg,wikimedia,CC0,FREE,Wenceslaus Hollar / After Anthony van Dyck,photo,1,history-ocr,Slide to civil war 1640-1642,,Photo by Wenceslaus Hollar / After Anthony van Dyck · public domain · Wikimedia Commons,(needs description) (Photo by Wenceslaus Hollar / After Anthony van Dyck · public domain · Wikimedia Commons),N
https://upload.wikimedia.org/wikipedia/commons/9/9a/1949_Mao_and_family_plus_Jiang_Qing.jpg,wikimedia,Public domain,FREE,Unknown author,photo,2,history-ocr,"Social policies, women and education under Mao",,Photo by Unknown author · public domain · Wikimedia Commons,(needs description) (Photo by Unknown author · public domain · Wikimedia Commons),N
https://upload.wikimedia.org/wikipedia/commons/b/b6/Kenilworth_Castle_in_snow.jpg,wikimedia,CC BY-SA 4.0,SHARE-ALIKE,DeFacto,photo,1,history-ocr,Source skills for Kenilworth and Personal Rule,,Photo by DeFacto · CC BY-SA 4.0 · Wikimedia Commons,(needs description) (Photo by DeFacto · CC BY-SA 4.0 · Wikimedia Commons),N
https://upload.wikimedia.org/wikipedia/commons/5/5f/Great_Parchment_Book_if_Waterford.jpg,wikimedia,CC BY-SA 4.0,SHARE-ALIKE,Luistxo,photo,1,history-ocr,Source skills for Kenilworth and the Reformation,,Photo by Luistxo · CC BY-SA 4.0 · Wikimedia Commons,(needs description) (Photo by Luistxo · CC BY-SA 4.0 · Wikimedia Commons),N
https://upload.wikimedia.org/wikipedia/commons/e/e5/Student_signs_at_Soweto_uprising.jpg,wikimedia,Public domain,FREE,Unknown author,photo,1,history-ocr,Soweto Uprising and youth resistance,,Photo by Unknown author · public domain · Wikimedia Commons,(needs description) (Photo by Unknown author · public domain · Wikimedia Commons),N
https://upload.wikimedia.org/wikipedia/commons/a/ae/Brick_Lane%2C_Spitalfields%2C_London_-_geograph.org.uk_-_983451.jpg,wikimedia,CC BY-SA 2.0,SHARE-ALIKE,Christine Matthews,photo,1,history-ocr,"Spitalfields: Irish, Jewish and Bangladeshi communities",,Photo by Christine Matthews · CC BY-SA 2.0 · Wikimedia Commons,(needs description) (Photo by Christine Matthews · CC BY-SA 2.0 · Wikimedia Commons),N
https://upload.wikimedia.org/wikipedia/commons/d/d7/Christ_Church%2C_Cosway_Street.jpg,wikimedia,CC BY-SA 2.0,SHARE-ALIKE,Stephen Richards,photo,1,history-ocr,Spitalfields: site introduction and Huguenot weavers,,Photo by Stephen Richards · CC BY-SA 2.0 · Wikimedia Commons,(needs description) (Photo by Stephen Richards · CC BY-SA 2.0 · Wikimedia Commons),N
https://upload.wikimedia.org/wikipedia/commons/b/b9/Aneurin_Bevan_at_a_national_meeting_in_Corwen_Pavillion_%281451252%29.jpg,wikimedia,CC BY-SA 4.0,SHARE-ALIKE,Geoff Charles,photo,1,history-ocr,"State, war and welfare 1914-1979",,Photo by Geoff Charles · CC BY-SA 4.0 · Wikimedia Commons,(needs description) (Photo by Geoff Charles · CC BY-SA 4.0 · Wikimedia Commons),N
https://upload.wikimedia.org/wikipedia/commons/d/da/Manifestation_des_nazis_%C3%A0_Berlin_-_le_d%C3%A9fil%C3%A9_devant_l%27immeuble_des_communistes_-_btv1b9051113z.jpg,wikimedia,Public domain,FREE,Robert Sennecke Internationaler Illustrations Verlag. Agence photographique (commanditaire),line-and-wash,1,history-ocr,The Depression and the rise of the Nazis 1929-1933,Nazi marchers with swastika flags parade past saluting people on a street,Illustration after a photo by Robert Sennecke Internationaler Illustrations Verlag. Agence photographique (commanditaire) · public domain · Wikimedia Commons,Nazi marchers with swastika flags parade past saluting people on a street (Illustration after a photo by Robert Sennecke Internationaler Illustrations Verlag. Agence photographique (commanditaire) · public domain · Wikimedia Commons),N
https://pub-aeb94e100e5a48f4a133be5bf206aecb.r2.dev/history/america/lesson-07-hero.jpg,r2,,,,line-and-wash,2,history-ocr,The First and Second New Deals,Four men are laying paving stones on the ground,Illustration after a photo via Unsplash,Four men are laying paving stones on the ground (Illustration after a photo via Unsplash),N
https://upload.wikimedia.org/wikipedia/commons/6/6c/Unemployed_men_queued_outside_a_depression_soup_kitchen_opened_in_Chicago_by_Al_Capone%2C_02-1931_-_NARA_-_541927.jpg,wikimedia,Public domain,FREE,Unknown author,line-and-wash,1,history-ocr,The Great Depression and Hoover's response,"A long line of men waits outside a building with a visible ""FREE"" sign",Illustration after a photo by Unknown author · public domain · Wikimedia Commons,"A long line of men waits outside a building with a visible ""FREE"" sign (Illustration after a photo by Unknown author · public domain · Wikimedia Commons)",N
https://pub-aeb94e100e5a48f4a133be5bf206aecb.r2.dev/history/conflict-tension/lesson 5 hero.jpg,generated,,generated,,generated (original),3,history-ocr,The League of Nations in the 1920s,"A grand, empty room with a large, round conference table",StudyVault illustration,"A grand, empty room with a large, round conference table (StudyVault illustration)",N
https://upload.wikimedia.org/wikipedia/commons/8/86/Antique_Shop_Nazi_Officer_Hats.jpg,wikimedia,CC BY-SA 4.0,SHARE-ALIKE,Noah Wulf,line-and-wash,1,history-ocr,The Nazi terror state,Two Nazi SS and German military peaked caps with emblems,Illustration after a photo by Noah Wulf · CC BY-SA 4.0 · Wikimedia Commons,Two Nazi SS and German military peaked caps with emblems (Illustration after a photo by Noah Wulf · CC BY-SA 4.0 · Wikimedia Commons),N
https://pub-aeb94e100e5a48f4a133be5bf206aecb.r2.dev/history/america/lesson-08-hero.jpg,r2,,,,line-and-wash,3,history-ocr,The Second World War and civil rights,Two factory workers assemble metal parts using machinery,Illustration after a photo via Unsplash,Two factory workers assemble metal parts using machinery (Illustration after a photo via Unsplash),N
https://upload.wikimedia.org/wikipedia/commons/d/df/SP4_Orman_J._Orborn_inspects_equipment_in_a_Vietcong_base_camp_during_a_search_and_destroy_mission_north_of_Phu_Loi.jpg,wikimedia,Public domain,FREE,SP5 James Harmon,line-and-wash,1,history-ocr,The Vietnam War 1965-1973,"A soldier prepares a grenade launcher, surrounded by grenades in a jungle",Illustration after a photo by SP5 James Harmon · public domain · Wikimedia Commons,"A soldier prepares a grenade launcher, surrounded by grenades in a jungle (Illustration after a photo by SP5 James Harmon · public domain · Wikimedia Commons)",N
https://images.unsplash.com/photo-1641218803472-ca97ceae73c4,unsplash,,,,line-and-wash,1,history-ocr,The Weimar Republic 1925-1928,"The Reichstag building, Germany's parliament, flying German flags",Illustration after a photo via Unsplash,"The Reichstag building, Germany's parliament, flying German flags (Illustration after a photo via Unsplash)",N
https://upload.wikimedia.org/wikipedia/commons/f/f1/Welch-McCarthy-Hearings.jpg,wikimedia,Public domain,FREE,United States Senate,photo,1,history-ocr,The post-war Red Scare,,Photo by United States Senate · public domain · Wikimedia Commons,(needs description) (Photo by United States Senate · public domain · Wikimedia Commons),N
https://upload.wikimedia.org/wikipedia/commons/4/48/Lavenham%2C_St_Peter_and_St._Paul%27s_Church%2C_North_clerestory_-_geograph.org.uk_-_5863016.jpg,wikimedia,CC BY-SA 2.0,SHARE-ALIKE,Michael Garlick,photo,1,history-ocr,The pre-Reformation English Church c.1520,,Photo by Michael Garlick · CC BY-SA 2.0 · Wikimedia Commons,(needs description) (Photo by Michael Garlick · CC BY-SA 2.0 · Wikimedia Commons),N
https://images.unsplash.com/photo-1608657282686-e37977274671,unsplash,,,,photo,1,history-ocr,"Tibet, propaganda and the Mao cult",,Photo via Unsplash,(needs description) (Photo via Unsplash),N
https://upload.wikimedia.org/wikipedia/commons/e/e7/Berlin_Airlift_Memorial_at_National_Memorial_Arboretum.jpg,wikimedia,CC BY 3.0,ATTRIB-REQUIRED,NMAguide,line-and-wash,2,history-ocr,"Truman Doctrine, Marshall Plan and divided Germany",An eagle statue on a monument with a prominent pink flowering tree,Illustration after a photo by NMAguide · CC BY 3.0 · Wikimedia Commons,An eagle statue on a monument with a prominent pink flowering tree (Illustration after a photo by NMAguide · CC BY 3.0 · Wikimedia Commons),N
https://images.unsplash.com/photo-1486299267070-83823f5448dd,unsplash,,,,photo,1,history-ocr,Tudor monarchy and Parliament,,Photo via Unsplash,(needs description) (Photo via Unsplash),N
https://upload.wikimedia.org/wikipedia/commons/d/d1/Bundesarchiv_Bild_183-S69279%2C_London%2C_Ankunft_j%C3%BCdische_Fl%C3%BCchtlinge.jpg,wikimedia,CC BY-SA 3.0 de,SHARE-ALIKE,Unknown,line-and-wash,1,history-ocr,Two world wars and inter-war migration,People disembarking a ship using a gangplank,Illustration after a photo by Unknown · CC BY-SA 3.0 de · Wikimedia Commons,People disembarking a ship using a gangplank (Illustration after a photo by Unknown · CC BY-SA 3.0 de · Wikimedia Commons),N
https://upload.wikimedia.org/wikipedia/commons/5/53/WWII_London_Blitz_East_London.jpg,wikimedia,CC BY-SA 2.0,SHARE-ALIKE,The original uploader was Sue Wallace at English Wikipedia.,photo,1,history-ocr,Two world wars and total war 1914-1945,,Photo by The original uploader was Sue Wallace at English Wikipedia. · CC BY-SA 2.0 · Wikimedia Commons,(needs description) (Photo by The original uploader was Sue Wallace at English Wikipedia. · CC BY-SA 2.0 · Wikimedia Commons),N
https://images.unsplash.com/photo-1503539680555-732099a55a56,unsplash,,,,line-and-wash,2,history-ocr,US involvement in Vietnam 1954-1965,"A vast complex of traditional red-roofed buildings amidst trees, lakes, and distant mountains",Illustration after a photo via Unsplash,"A vast complex of traditional red-roofed buildings amidst trees, lakes, and distant mountains (Illustration after a photo via Unsplash)",N
https://upload.wikimedia.org/wikipedia/commons/a/a3/George_Lambert_%28c.1700-1765%29_-_The_Ruins_of_Rievaulx_Abbey%2C_Yorkshire_-_1265_-_Government_Art_Collection.jpg,wikimedia,Public domain,FREE,George Lambert,photo,1,history-ocr,Valor Ecclesiasticus and Visitation of the Monasteries,,Photo by George Lambert · public domain · Wikimedia Commons,(needs description) (Photo by George Lambert · public domain · Wikimedia Commons),N
https://upload.wikimedia.org/wikipedia/commons/1/16/Vietnam_Moratorium_protesters_1970.jpg,wikimedia,CC BY-SA 3.0,SHARE-ALIKE,ASIO,photo,1,history-ocr,"Vietnam protests, Great Society and Nixon's America",,Photo by ASIO · CC BY-SA 3.0 · Wikimedia Commons,(needs description) (Photo by ASIO · CC BY-SA 3.0 · Wikimedia Commons),N
https://upload.wikimedia.org/wikipedia/commons/1/1e/Lindisfarne_Priory_2016-05-29.jpg,wikimedia,CC BY 4.0,ATTRIB-REQUIRED,August Schwerdfeger,photo,1,history-ocr,Viking raids on Anglo-Saxon England 790-1066,,Photo by August Schwerdfeger · CC BY 4.0 · Wikimedia Commons,(needs description) (Photo by August Schwerdfeger · CC BY 4.0 · Wikimedia Commons),N
https://upload.wikimedia.org/wikipedia/commons/5/50/Classroom_with_students.JPG,wikimedia,CC BY-SA 3.0,SHARE-ALIKE,Jeff chenqinyi,photo,1,history-ocr,"Women, education and the One Child Policy",,Photo by Jeff chenqinyi · CC BY-SA 3.0 · Wikimedia Commons,(needs description) (Photo by Jeff chenqinyi · CC BY-SA 3.0 · Wikimedia Commons),N
https://upload.wikimedia.org/wikipedia/commons/b/bb/Women_practice_voting_in_Dayton_Oct._27%2C_1920.jpg,wikimedia,Public domain,FREE,Unknown author,line-and-wash,1,history-ocr,"Women, the Sheppard-Towner Act and the 19th Amendment",Women and men are voting at a polling place,Illustration after a photo by Unknown author · public domain · Wikimedia Commons,Women and men are voting at a polling place (Illustration after a photo by Unknown author · public domain · Wikimedia Commons),N
https://images.unsplash.com/photo-1516554646385-7642248096d1,unsplash,,,,photo,1,hospitality-catering,Food Service Styles & Residential Services,,Photo via Unsplash,(needs description) (Photo via Unsplash),N
https://upload.wikimedia.org/wikipedia/commons/6/67/Quadri%27s_Head_Waiter_2_%289052335082%29.jpg,wikimedia,CC BY 2.0,ATTRIB-REQUIRED,Son of Groucho from Scotland,photo,1,hospitality-catering,Front & Back of House Operations,,Photo by Son of Groucho from Scotland · CC BY 2.0 · Wikimedia Commons,(needs description) (Photo by Son of Groucho from Scotland · CC BY 2.0 · Wikimedia Commons),N
https://images.unsplash.com/photo-1617118600610-dcdf743b3dfc,unsplash,,,,photo,1,hospitality-catering,Health & Safety Legislation,,Photo via Unsplash,(needs description) (Photo via Unsplash),N
https://images.unsplash.com/photo-1622385270661-34a5b7a99406,unsplash,,,,photo,1,hospitality-catering,Job Roles & the Kitchen Brigade,,Photo via Unsplash,(needs description) (Photo via Unsplash),N
https://images.unsplash.com/photo-1606774714485-cc178f8e6dec,unsplash,,,,photo,1,hospitality-catering,"Symptoms, Prevention & the Environmental Health Officer",,Photo via Unsplash,(needs description) (Photo via Unsplash),N
https://images.unsplash.com/photo-1555244162-803834f70033,unsplash,,,,photo,1,hospitality-catering,Types of Hospitality & Catering Provision,,Photo via Unsplash,(needs description) (Photo via Unsplash),N
https://images.unsplash.com/photo-1771499194141-329333b53841,unsplash,,,,photo,1,hospitality-catering,Working Conditions & Employment,,Photo via Unsplash,(needs description) (Photo via Unsplash),N
https://images.unsplash.com/photo-1544244015-0df4b3ffc6b0,unsplash,,,,photo,1,it-ocr,Choosing Devices and Distribution Channels for an Audience,,Photo via Unsplash,(needs description) (Photo via Unsplash),N
https://pub-aeb94e100e5a48f4a133be5bf206aecb.r2.dev/it-ocr/it-in-the-digital-world/lesson-04.jpg,r2,,,,photo,1,it-ocr,"Data Collection, Storage & Testing",,Photo via Unsplash,(needs description) (Photo via Unsplash),N
https://images.unsplash.com/photo-1676285437303-744ef82a0263,unsplash,,,,photo,1,it-ocr,Design Tools for IT Solutions,,Photo via Unsplash,(needs description) (Photo via Unsplash),N
https://images.unsplash.com/photo-1512439408685-2e399291a4e6,unsplash,,,,photo,1,it-ocr,Hardware Considerations for Designing Interfaces,,Photo via Unsplash,(needs description) (Photo via Unsplash),N
https://images.unsplash.com/photo-1706508395810-6592e9b8a91c,unsplash,,,,photo,1,it-ocr,Human Computer Interface (HCI) in Everyday Life,,Photo via Unsplash,(needs description) (Photo via Unsplash),N
https://images.unsplash.com/photo-1725780214598-7869e79698ea,unsplash,,,,photo,1,it-ocr,Operating Systems and Digital Platforms,,Photo via Unsplash,(needs description) (Photo via Unsplash),N
https://images.unsplash.com/photo-1644088379091-d574269d422f,unsplash,,,,photo,1,it-ocr,The Internet of Everything (IoE),,Photo via Unsplash,(needs description) (Photo via Unsplash),N
https://images.unsplash.com/photo-1699034398854-8c2075667a04,unsplash,,,,photo,1,it-ocr,User Interaction Methods and Digital Interactivity,,Photo via Unsplash,(needs description) (Photo via Unsplash),N
https://images.unsplash.com/photo-1610079732288-72a77bd816c9,unsplash,,,,photo,1,l12-construction-built-environment,Building Elements and Construction Materials,,Photo via Unsplash,(needs description) (Photo via Unsplash),N
https://images.unsplash.com/uploads/14123892966835548e7bd/14369636,unsplash,,,,photo,1,l12-construction-built-environment,Building Structures and Forms,,Photo via Unsplash,(needs description) (Photo via Unsplash),N
https://images.unsplash.com/photo-1701850009190-2859ba2aeea6,unsplash,,,,photo,1,l12-construction-built-environment,Construction Trades and Careers,,Photo via Unsplash,(needs description) (Photo via Unsplash),N
https://images.unsplash.com/photo-1567954970774-58d6aa6c50dc,unsplash,,,,photo,1,l12-construction-built-environment,Health and Safety Law and Risk,,Photo via Unsplash,(needs description) (Photo via Unsplash),N
https://images.unsplash.com/photo-1542621334-a254cf47733d,unsplash,,,,photo,2,l12-construction-built-environment,Professional and Trade Roles,,Photo via Unsplash,(needs description) (Photo via Unsplash),N
https://images.unsplash.com/photo-1660330589257-813305a4a383,unsplash,,,,photo,1,l12-construction-built-environment,Renewable Technologies,,Photo via Unsplash,(needs description) (Photo via Unsplash),N
https://images.unsplash.com/photo-1451976426598-a7593bd6d0b2,unsplash,,,,photo,1,l12-construction-built-environment,Sustainable Construction Methods,,Photo via Unsplash,(needs description) (Photo via Unsplash),N
https://images.unsplash.com/photo-1517089152318-42ec560349c0,unsplash,,,,photo,1,l12-construction-built-environment,The Built Environment Life Cycle,,Photo via Unsplash,(needs description) (Photo via Unsplash),N
https://images.unsplash.com/photo-1599707254554-027aeb4deacd,unsplash,,,,photo,1,l12-construction-built-environment,The Built Environment Sector,,Photo via Unsplash,(needs description) (Photo via Unsplash),N
https://images.unsplash.com/photo-1591955506264-3f5a6834570a,unsplash,,,,photo,1,l12-construction-built-environment,Types of Building and Structure,,Photo via Unsplash,(needs description) (Photo via Unsplash),N
https://images.unsplash.com/photo-1626471671222-9d89fe4c2668,unsplash,,,,photo,1,l12-construction-built-environment,Working Safely on Site,,Photo via Unsplash,(needs description) (Photo via Unsplash),N
https://images.unsplash.com/photo-1628234114673-64a27d39fcb8,unsplash,,,,photo,1,l12-ict,Data Capture and Error Checking,,Photo via Unsplash,(needs description) (Photo via Unsplash),N
https://images.unsplash.com/photo-1551288049-bebda4e38f71,unsplash,,,,photo,1,l12-ict,"Data, Information and Fit for Purpose",,Photo via Unsplash,(needs description) (Photo via Unsplash),N
https://images.unsplash.com/photo-1518770660439-4636190af475,unsplash,,,,photo,1,l12-ict,Hardware Devices and Components,,Photo via Unsplash,(needs description) (Photo via Unsplash),N
https://images.unsplash.com/photo-1486312338219-ce68d2c6f44d,unsplash,,,,photo,1,l12-ict,"Moral, Ethical and Legal Issues",,Photo via Unsplash,(needs description) (Photo via Unsplash),N
https://images.unsplash.com/photo-1691435828932-911a7801adfb,unsplash,,,,photo,1,l12-ict,Networks and Connectivity,,Photo via Unsplash,(needs description) (Photo via Unsplash),N
https://images.unsplash.com/photo-1614064641938-3bbee52942c7,unsplash,,,,photo,1,l12-ict,Protecting Information,,Photo via Unsplash,(needs description) (Photo via Unsplash),N
https://images.unsplash.com/photo-1563013544-824ae1b704d3,unsplash,,,,photo,1,l12-ict,Services Provided by IT,,Photo via Unsplash,(needs description) (Photo via Unsplash),N
https://images.unsplash.com/photo-1588196749597-9ff075ee6b5b,unsplash,,,,photo,1,l12-ict,"Society, Environment and Digital Footprint",,Photo via Unsplash,(needs description) (Photo via Unsplash),N
https://images.unsplash.com/photo-1548092372-0d1bd40894a3,unsplash,,,,photo,1,l12-ict,Threats to Information,,Photo via Unsplash,(needs description) (Photo via Unsplash),N
https://images.unsplash.com/photo-1498050108023-c5249f4df085,unsplash,,,,photo,1,l12-ict,Types of Software,,Photo via Unsplash,(needs description) (Photo via Unsplash),N
https://images.unsplash.com/photo-1543286386-2e659306cd6c,unsplash,,,,photo,3,l12-retail-business,Aims of Retail Businesses,,Photo via Unsplash,(needs description) (Photo via Unsplash),N
https://images.unsplash.com/photo-1707157284454-553ef0a4ed0d,unsplash,,,,photo,1,l12-retail-business,Calculating Retail Business Data,,Photo via Unsplash,(needs description) (Photo via Unsplash),N
https://images.unsplash.com/photo-1481437156560-3205f6a55735,unsplash,,,,photo,1,l12-retail-business,External Factors and Seasonality,,Photo via Unsplash,(needs description) (Photo via Unsplash),N
https://images.unsplash.com/photo-1587293852726-70cdb56c2866,unsplash,,,,photo,2,l12-retail-business,Functional Areas and the Supply Chain,,Photo via Unsplash,(needs description) (Photo via Unsplash),N
https://images.unsplash.com/photo-1542744173-8e7e53415bb0,unsplash,,,,photo,1,l12-retail-business,Interpreting Data and Making Judgements,,Photo via Unsplash,(needs description) (Photo via Unsplash),N
https://images.unsplash.com/photo-1591696205602-2f950c417cb9,unsplash,,,,photo,1,l12-retail-business,Retail Data and Its Formats,,Photo via Unsplash,(needs description) (Photo via Unsplash),N
https://images.unsplash.com/photo-1548345680-f5475ea5df84,unsplash,,,,photo,5,l12-retail-business,Retail Location,,Photo via Unsplash,(needs description) (Photo via Unsplash),N
https://images.unsplash.com/photo-1567958451986-2de427a4a0be,unsplash,,,,photo,1,l12-retail-business,Scale and Ownership of Retail Businesses,,Photo via Unsplash,(needs description) (Photo via Unsplash),N
https://images.unsplash.com/photo-1531152369337-1d0b0b9ef20d,unsplash,,,,photo,1,l12-retail-business,The Competitive Environment,,Photo via Unsplash,(needs description) (Photo via Unsplash),N
https://images.unsplash.com/photo-1483985988355-763728e1935b,unsplash,,,,photo,1,l12-retail-business,Types of Retail Business and Activity,,Photo via Unsplash,(needs description) (Photo via Unsplash),N
https://images.unsplash.com/photo-1544367567-0f2fcb009e0b,unsplash,,,,photo,1,l12-sport-and-coaching-principles,Components of Health and Fitness,,Photo via Unsplash,(needs description) (Photo via Unsplash),N
https://images.unsplash.com/photo-1666886573559-6ad307474d01,unsplash,,,,photo,1,l12-sport-and-coaching-principles,Factors to Consider Before Training,,Photo via Unsplash,(needs description) (Photo via Unsplash),N
https://images.unsplash.com/photo-1641337221253-fdc7237f6b61,unsplash,,,,photo,1,l12-sport-and-coaching-principles,Long-Term Adaptations of Exercise,,Photo via Unsplash,(needs description) (Photo via Unsplash),N
https://images.unsplash.com/photo-1628678172909-13a7209c7d62,unsplash,,,,photo,1,l12-sport-and-coaching-principles,Measuring Health and Fitness,,Photo via Unsplash,(needs description) (Photo via Unsplash),N
https://images.unsplash.com/photo-1461896836934-ffe607ba8211,unsplash,,,,photo,1,l12-sport-and-coaching-principles,Short-Term Effects of Exercise,,Photo via Unsplash,(needs description) (Photo via Unsplash),N
https://images.unsplash.com/photo-1555708982-8645ec9ce3cc,unsplash,,,,photo,1,l12-sport-and-coaching-principles,The Functions of Body Systems,,Photo via Unsplash,(needs description) (Photo via Unsplash),N
https://images.unsplash.com/photo-1517836357463-d25dfeac3438,unsplash,,,,photo,1,l12-sport-and-coaching-principles,The Principles of Training,,Photo via Unsplash,(needs description) (Photo via Unsplash),N
https://images.unsplash.com/photo-1530210124550-912dc1381cb8,unsplash,,,,photo,1,l12-sport-and-coaching-principles,The Structure of Body Systems,,Photo via Unsplash,(needs description) (Photo via Unsplash),N
https://images.unsplash.com/photo-1502904550040-7534597429ae,unsplash,,,,photo,1,l12-sport-and-coaching-principles,Training Methods,,Photo via Unsplash,(needs description) (Photo via Unsplash),N
https://images.unsplash.com/photo-1585757318177-0570a997dc3a,unsplash,,,,photo,1,l12-sport-and-coaching-principles,Why Fitness Testing Is Important,,Photo via Unsplash,(needs description) (Photo via Unsplash),N
https://images.unsplash.com/photo-1730791481089-d9141907deb2,unsplash,,,,photo,1,media-studies-aqa,Active and Passive Audiences and Uses & Gratifications Theory,,Photo via Unsplash,(needs description) (Photo via Unsplash),N
https://pub-aeb94e100e5a48f4a133be5bf206aecb.r2.dev/french-aqa/popular-culture/lesson-02-hero.jpg,r2,,,,photo,1,media-studies-aqa,Audience Interpretation and Hall's Reception Theory,,Photo via Unsplash,(needs description) (Photo via Unsplash),N
https://images.unsplash.com/photo-1501386761578-eac5c94b800a,unsplash,,,,photo,1,media-studies-aqa,Categorising and Measuring Audiences,,Photo via Unsplash,(needs description) (Photo via Unsplash),N
https://images.unsplash.com/photo-1553377102-3c44d7e701bd,unsplash,,,,photo,1,media-studies-aqa,"Codes, Conventions, Genre and Intertextuality",,Photo via Unsplash,(needs description) (Photo via Unsplash),N
https://images.unsplash.com/photo-1574375927938-d5a98e8ffe85,unsplash,,,,photo,1,media-studies-aqa,Convergence and the Cross-Platform Media Landscape,,Photo via Unsplash,(needs description) (Photo via Unsplash),N
https://images.unsplash.com/photo-1626814026160-2237a95fc5a0,unsplash,,,,photo,2,media-studies-aqa,"Gender, Stereotypes and the Mulvey Male Gaze",,Photo via Unsplash,(needs description) (Photo via Unsplash),N
https://images.unsplash.com/photo-1605663864774-748f5f858a08,unsplash,,,,photo,1,media-studies-aqa,"Media Practices, Identity and Fandom",,Photo via Unsplash,(needs description) (Photo via Unsplash),N
https://images.unsplash.com/photo-1582675053918-347dd7cf5807,unsplash,,,,photo,1,media-studies-aqa,"Narrative Theory: Propp, Todorov and Audience Engagement",,Photo via Unsplash,(needs description) (Photo via Unsplash),N
https://images.unsplash.com/photo-1581092787765-e3feb951d987,unsplash,,,,photo,1,media-studies-aqa,"Producer Choices, Persuasion and Misrepresentation",,Photo via Unsplash,(needs description) (Photo via Unsplash),N
https://images.unsplash.com/photo-1581092802858-671713398c0b,unsplash,,,,photo,1,media-studies-aqa,Production Processes and Working Practices,,Photo via Unsplash,(needs description) (Photo via Unsplash),N
https://images.unsplash.com/photo-1621276336795-925346853745,unsplash,,,,photo,1,media-studies-aqa,"Reception, Active Audiences and Aberrant Readings",,Photo via Unsplash,(needs description) (Photo via Unsplash),N
https://images.unsplash.com/photo-1684323791567-23def41cd39d,unsplash,,,,photo,1,media-studies-aqa,"Semiotics: Signs, Codes and Connotation",,Photo via Unsplash,(needs description) (Photo via Unsplash),N
https://images.unsplash.com/photo-1485846234645-a62644f84728,unsplash,,,,photo,1,media-studies-aqa,"Targeting Audiences: Marketing, Trailers and Viral Campaigns",,Photo via Unsplash,(needs description) (Photo via Unsplash),N
https://images.unsplash.com/photo-1522860747050-bb0c1af38ae9,unsplash,,,,photo,1,media-studies-aqa,"Viewpoints, Self-Representation and the Social Significance of Representation",,Photo via Unsplash,(needs description) (Photo via Unsplash),N
https://upload.wikimedia.org/wikipedia/commons/8/8c/REAPER_Digital_Audio_Workstation.jpg,wikimedia,CC BY-SA 4.0,SHARE-ALIKE,REAPER Digital Audio Workstation,photo,1,music-technology,Creating Audio with a DAW & Health and Safety,,Photo by REAPER Digital Audio Workstation · CC BY-SA 4.0 · Wikimedia Commons,(needs description) (Photo by REAPER Digital Audio Workstation · CC BY-SA 4.0 · Wikimedia Commons),N
https://images.unsplash.com/photo-1627769198570-c686bcf416da,unsplash,,,,photo,1,music-technology,DAW Hardware Components,,Photo via Unsplash,(needs description) (Photo via Unsplash),N
https://images.unsplash.com/photo-1673479871012-2e00fbcce058,unsplash,,,,photo,1,music-technology,DAW Software Functions,,Photo via Unsplash,(needs description) (Photo via Unsplash),N
https://images.unsplash.com/photo-1775825094682-37d3bc3baff3,unsplash,,,,photo,1,music-technology,"Marketing, Promotion & Distribution",,Photo via Unsplash,(needs description) (Photo via Unsplash),N
https://images.unsplash.com/photo-1569082249875-0fb4dcec26ce,unsplash,,,,photo,1,music-technology,Mixing & Stereo Mixdowns,,Photo via Unsplash,(needs description) (Photo via Unsplash),N
https://upload.wikimedia.org/wikipedia/commons/e/ef/Tascam-16Track.jpg,wikimedia,Public domain,FREE,"Iainf 05:35, 18 June 2006 (UTC)",photo,1,music-technology,Planning & Undertaking Multitrack Recordings,,"Photo by Iainf 05:35, 18 June 2006 (UTC) · public domain · Wikimedia Commons","(needs description) (Photo by Iainf 05:35, 18 June 2006 (UTC) · public domain · Wikimedia Commons)",N
https://images.unsplash.com/photo-1619107372089-9b05ed524774,unsplash,,,,photo,2,physical-education-aqa,Aerobic and Anaerobic Exercise,,Photo via Unsplash,(needs description) (Photo via Unsplash),N
https://pub-aeb94e100e5a48f4a133be5bf206aecb.r2.dev/physical-education-aqa/socio-cultural-influences-and-wellbeing/lesson-16-hero.jpg,r2,,,,photo,1,physical-education-aqa,"Energy, Diet, Nutrition and Hydration",,Photo via Unsplash,(needs description) (Photo via Unsplash),N
https://images.unsplash.com/photo-1659081469066-c88ca2dec240,unsplash,,,,photo,1,physical-education-aqa,Feedback in Sporting Performance,,Photo via Unsplash,(needs description) (Photo via Unsplash),N
https://pub-aeb94e100e5a48f4a133be5bf206aecb.r2.dev/physical-education-aqa/human-body-and-movement/lesson-11-hero.jpg,r2,,,,photo,1,physical-education-aqa,Fitness Testing: Procedures and Validity,,Photo via Unsplash,(needs description) (Photo via Unsplash),N
https://pub-aeb94e100e5a48f4a133be5bf206aecb.r2.dev/physical-education-aqa/socio-cultural-influences-and-wellbeing/lesson-08-hero.jpg,r2,,,,photo,1,physical-education-aqa,Guidance for Beginners and Elite Performers,,Photo via Unsplash,(needs description) (Photo via Unsplash),N
https://images.unsplash.com/photo-1655855438678-e1d77c8abd31,unsplash,,,,photo,1,physical-education-aqa,Information Processing in Sport,,Photo via Unsplash,(needs description) (Photo via Unsplash),N
https://images.unsplash.com/photo-1758521960392-fe9c9e35aa1f,unsplash,,,,photo,2,physical-education-aqa,Methods of Training,,Photo via Unsplash,(needs description) (Photo via Unsplash),N
https://images.unsplash.com/photo-1622147459102-8a0f3727e4c4,unsplash,,,,photo,2,physical-education-aqa,Performance Enhancing Drugs and Blood Doping,,Photo via Unsplash,(needs description) (Photo via Unsplash),N
https://pub-aeb94e100e5a48f4a133be5bf206aecb.r2.dev/physical-education-aqa/human-body-and-movement/lesson-13-hero.jpg,r2,,,,photo,1,physical-education-aqa,"Personality, Aggression and Motivation",,Photo via Unsplash,(needs description) (Photo via Unsplash),N
https://images.unsplash.com/photo-1770219287080-9c73532fa878,unsplash,,,,photo,2,physical-education-aqa,Planes and Axes of Movement,,Photo via Unsplash,(needs description) (Photo via Unsplash),N
https://upload.wikimedia.org/wikipedia/commons/e/e9/Mara_Friton_2006.jpg,wikimedia,CC BY-SA 3.0,SHARE-ALIKE,Armin Kuebelbeck,photo,2,physical-education-aqa,"Skill, Ability and the Classification of Skills",,Photo by Armin Kuebelbeck · CC BY-SA 3.0 · Wikimedia Commons,(needs description) (Photo by Armin Kuebelbeck · CC BY-SA 3.0 · Wikimedia Commons),N
https://images.unsplash.com/photo-1716463312211-cc87066c129f,unsplash,,,,photo,2,physical-education-aqa,Spectator Behaviour and Hooliganism,,Photo via Unsplash,(needs description) (Photo via Unsplash),N
https://images.unsplash.com/photo-1758526387507-b27e5f7ed0fb,unsplash,,,,photo,2,physical-education-aqa,Synovial Joints and Types of Movement,,Photo via Unsplash,(needs description) (Photo via Unsplash),N
https://pub-aeb94e100e5a48f4a133be5bf206aecb.r2.dev/physical-education-aqa/socio-cultural-influences-and-wellbeing/lesson-10-hero.jpg,r2,,,,photo,1,physical-education-aqa,Technology in Sport,,Photo via Unsplash,(needs description) (Photo via Unsplash),N
https://upload.wikimedia.org/wikipedia/commons/8/81/Didactic_model_of_respiratory_system-FMVZ_USP-12.jpeg,wikimedia,CC BY-SA 4.0,SHARE-ALIKE,Wagner Souza e Silva,photo,2,physical-education-aqa,The Respiratory System and Gas Exchange,,Photo by Wagner Souza e Silva · CC BY-SA 4.0 · Wikimedia Commons,(needs description) (Photo by Wagner Souza e Silva · CC BY-SA 4.0 · Wikimedia Commons),N
https://pub-aeb94e100e5a48f4a133be5bf206aecb.r2.dev/physical-education-edexcel/fitness-and-body-systems/lesson-07-hero.jpg,r2,,,,photo,1,physical-education-edexcel,Aerobic and Anaerobic Exercise,,Photo via Unsplash,(needs description) (Photo via Unsplash),N
https://upload.wikimedia.org/wikipedia/commons/a/a3/Muscle_Tissue_Skeletal_Muscle_Fibers_%2841241952644%29.jpg,wikimedia,CC0,FREE,Berkshire Community College Bioscience Image Library,photo,1,physical-education-edexcel,Antagonistic Pairs and Muscle Fibre Types,,Photo by Berkshire Community College Bioscience Image Library · public domain · Wikimedia Commons,(needs description) (Photo by Berkshire Community College Bioscience Image Library · public domain · Wikimedia Commons),N
https://pub-aeb94e100e5a48f4a133be5bf206aecb.r2.dev/physical-education-edexcel/health-and-performance/lesson-04-hero.jpg,r2,,,,photo,1,physical-education-edexcel,Classification of Skills and Practice Structures,,Photo via Unsplash,(needs description) (Photo via Unsplash),N
https://pub-aeb94e100e5a48f4a133be5bf206aecb.r2.dev/physical-education-edexcel/health-and-performance/lesson-03-hero.jpg,r2,,,,photo,1,physical-education-edexcel,"Diet, Nutrition and Hydration",,Photo via Unsplash,(needs description) (Photo via Unsplash),N
https://images.unsplash.com/photo-1759489036027-44eac680741a,unsplash,,,,photo,2,physical-education-edexcel,Engagement Patterns in Sport,,Photo via Unsplash,(needs description) (Photo via Unsplash),N
https://images.unsplash.com/photo-1555301989-b1a6b0f1c0b0,unsplash,,,,photo,2,physical-education-edexcel,Ethical Behaviour and Deviance in Sport,,Photo via Unsplash,(needs description) (Photo via Unsplash),N
https://pub-aeb94e100e5a48f4a133be5bf206aecb.r2.dev/physical-education-edexcel/fitness-and-body-systems/lesson-13-hero.jpg,r2,,,,photo,1,physical-education-edexcel,Fitness Tests and Interpreting Results,,Photo via Unsplash,(needs description) (Photo via Unsplash),N
https://pub-aeb94e100e5a48f4a133be5bf206aecb.r2.dev/physical-education-edexcel/health-and-performance/lesson-06-hero.jpg,r2,,,,photo,1,physical-education-edexcel,Guidance and Feedback in Sport,,Photo via Unsplash,(needs description) (Photo via Unsplash),N
https://images.unsplash.com/photo-1510017803434-a899398421b3,unsplash,,,,photo,1,physical-education-edexcel,"Health, Fitness and Components of Fitness",,Photo via Unsplash,(needs description) (Photo via Unsplash),N
https://pub-aeb94e100e5a48f4a133be5bf206aecb.r2.dev/physical-education-edexcel/fitness-and-body-systems/lesson-16-hero.jpg,r2,,,,photo,1,physical-education-edexcel,"Injury Prevention, PARQ, RICE and PEDs",,Photo via Unsplash,(needs description) (Photo via Unsplash),N
https://images.unsplash.com/photo-1576091160550-2173dba999ef,unsplash,,,,photo,1,physical-education-edexcel,Interpreting Data on Health and Participation,,Photo via Unsplash,(needs description) (Photo via Unsplash),N
https://images.unsplash.com/photo-1615505368758-8a3af2a4c379,unsplash,,,,photo,1,physical-education-edexcel,"Joints, Ligaments and Tendons",,Photo via Unsplash,(needs description) (Photo via Unsplash),N
https://images.unsplash.com/photo-1521804906057-1df8fdb718b7,unsplash,,,,photo,1,physical-education-edexcel,Lever Systems and Mechanical Advantage,,Photo via Unsplash,(needs description) (Photo via Unsplash),N
https://images.unsplash.com/photo-1527099908998-5b73a5fe2a0d,unsplash,,,,photo,3,physical-education-edexcel,Lifestyle Choices and Sedentary Living,,Photo via Unsplash,(needs description) (Photo via Unsplash),N
https://images.unsplash.com/photo-1507398941214-572c25f4b1dc,unsplash,,,,photo,1,physical-education-edexcel,Long-Term Effects of Training,,Photo via Unsplash,(needs description) (Photo via Unsplash),N
https://images.unsplash.com/photo-1483721310020-03333e577078,unsplash,,,,photo,1,physical-education-edexcel,Mental Preparation for Performance,,Photo via Unsplash,(needs description) (Photo via Unsplash),N
https://images.unsplash.com/photo-1571019614242-c5c5dee9f50b,unsplash,,,,photo,1,physical-education-edexcel,Methods of Training and Their Effects,,Photo via Unsplash,(needs description) (Photo via Unsplash),N
https://images.unsplash.com/photo-1434682881908-b43d0467b798,unsplash,,,,photo,1,physical-education-edexcel,Muscle Types and Major Muscles,,Photo via Unsplash,(needs description) (Photo via Unsplash),N
https://pub-aeb94e100e5a48f4a133be5bf206aecb.r2.dev/physical-education-edexcel/health-and-performance/lesson-11-hero.jpg,r2,,,,photo,1,physical-education-edexcel,Performance Enhancing Drugs (Recap and Application),,Photo via Unsplash,(needs description) (Photo via Unsplash),N
https://images.unsplash.com/photo-1509924023100-a470ace3c89e,unsplash,,,,photo,1,physical-education-edexcel,"Physical, Emotional and Social Wellbeing",,Photo via Unsplash,(needs description) (Photo via Unsplash),N
https://pub-aeb94e100e5a48f4a133be5bf206aecb.r2.dev/physical-education-edexcel/fitness-and-body-systems/lesson-11-hero.jpg,r2,,,,photo,1,physical-education-edexcel,Planes and Axes of Movement,,Photo via Unsplash,(needs description) (Photo via Unsplash),N
https://images.unsplash.com/photo-1599058917212-d750089bc07e,unsplash,,,,photo,1,physical-education-edexcel,Principles of Training and Programme Design,,Photo via Unsplash,(needs description) (Photo via Unsplash),N
https://images.unsplash.com/photo-1589380905297-abf6a0a8e450,unsplash,,,,photo,1,physical-education-edexcel,Revision Synthesis: Component 2 Synoptic Practice,,Photo via Unsplash,(needs description) (Photo via Unsplash),N
https://pub-aeb94e100e5a48f4a133be5bf206aecb.r2.dev/physical-education-edexcel/fitness-and-body-systems/lesson-08-hero.jpg,r2,,,,photo,1,physical-education-edexcel,Short-Term Effects of Exercise,,Photo via Unsplash,(needs description) (Photo via Unsplash),N
https://pub-aeb94e100e5a48f4a133be5bf206aecb.r2.dev/physical-education-edexcel/fitness-and-body-systems/lesson-05-hero.jpg,r2,,,,photo,1,physical-education-edexcel,The Cardiovascular System and Exercise,,Photo via Unsplash,(needs description) (Photo via Unsplash),N
https://pub-aeb94e100e5a48f4a133be5bf206aecb.r2.dev/physical-education-edexcel/fitness-and-body-systems/lesson-06-hero.jpg,r2,,,,photo,1,physical-education-edexcel,The Respiratory System and Gas Exchange,,Photo via Unsplash,(needs description) (Photo via Unsplash),N
https://pub-aeb94e100e5a48f4a133be5bf206aecb.r2.dev/physical-education-edexcel/fitness-and-body-systems/lesson-01-hero.jpg,r2,,,,photo,1,physical-education-edexcel,The Skeleton: Functions and Structure,,Photo via Unsplash,(needs description) (Photo via Unsplash),N
https://images.unsplash.com/photo-1765518806051-02c674f01aab,unsplash,,,,photo,3,physical-education-ocr,"Commercialisation, Sponsorship and the Media",,Photo via Unsplash,(needs description) (Photo via Unsplash),N
https://pub-aeb94e100e5a48f4a133be5bf206aecb.r2.dev/physical-education-aqa/human-body-and-movement/lesson-10-hero.jpg,r2,,,,photo,2,physical-education-ocr,Components of Fitness and Fitness Tests,,Photo via Unsplash,(needs description) (Photo via Unsplash),N
https://images.unsplash.com/photo-1676300186581-6dbe4c15adb3,unsplash,,,,photo,1,physical-education-ocr,"Diet, Nutrition and Hydration",,Photo via Unsplash,(needs description) (Photo via Unsplash),N
https://images.unsplash.com/photo-1705635833952-1464f94fc316,unsplash,,,,photo,2,physical-education-ocr,Engagement Patterns in Physical Activity and Sport,,Photo via Unsplash,(needs description) (Photo via Unsplash),N
https://pub-aeb94e100e5a48f4a133be5bf206aecb.r2.dev/physical-education-aqa/socio-cultural-influences-and-wellbeing/lesson-11-hero.jpg,r2,,,,photo,2,physical-education-ocr,"Ethics in Sport: Sportsmanship, Gamesmanship and Deviance",,Photo via Unsplash,(needs description) (Photo via Unsplash),N
https://images.unsplash.com/photo-1774557937787-2b8de51da593,unsplash,,,,photo,3,physical-education-ocr,Goal Setting and SMART Targets,,Photo via Unsplash,(needs description) (Photo via Unsplash),N
https://pub-aeb94e100e5a48f4a133be5bf206aecb.r2.dev/physical-education-aqa/socio-cultural-influences-and-wellbeing/lesson-14-hero.jpg,r2,,,,photo,2,physical-education-ocr,"Health, Fitness and Wellbeing",,Photo via Unsplash,(needs description) (Photo via Unsplash),N
https://pub-aeb94e100e5a48f4a133be5bf206aecb.r2.dev/physical-education-aqa/socio-cultural-influences-and-wellbeing/lesson-06-hero.jpg,r2,,,,photo,2,physical-education-ocr,Mental Preparation Techniques,,Photo via Unsplash,(needs description) (Photo via Unsplash),N
https://images.unsplash.com/photo-1605296867424-35fc25c9212a,unsplash,,,,photo,2,physical-education-ocr,Muscles and Antagonistic Pairs,,Photo via Unsplash,(needs description) (Photo via Unsplash),N
https://images.unsplash.com/photo-1627738641656-aebd944716cb,unsplash,,,,photo,2,physical-education-ocr,Preventing Injury in Physical Activity,,Photo via Unsplash,(needs description) (Photo via Unsplash),N
https://images.unsplash.com/photo-1608138403974-95b81bf5dd05,unsplash,,,,photo,2,physical-education-ocr,Principles of Training and FITT,,Photo via Unsplash,(needs description) (Photo via Unsplash),N
https://pub-aeb94e100e5a48f4a133be5bf206aecb.r2.dev/physical-education-aqa/socio-cultural-influences-and-wellbeing/lesson-15-hero.jpg,r2,,,,photo,2,physical-education-ocr,Sedentary Lifestyle and Consequences,,Photo via Unsplash,(needs description) (Photo via Unsplash),N
https://images.unsplash.com/photo-1571019613454-1cb2f99b2d8b,unsplash,,,,photo,2,physical-education-ocr,Short and Long Term Effects of Exercise,,Photo via Unsplash,(needs description) (Photo via Unsplash),N
https://images.unsplash.com/photo-1769107291645-3351b8717283,unsplash,,,,photo,1,physical-education-ocr,The Cardiovascular System and Pathway of Blood,,Photo via Unsplash,(needs description) (Photo via Unsplash),N
https://pub-aeb94e100e5a48f4a133be5bf206aecb.r2.dev/physical-education-aqa/human-body-and-movement/lesson-01-hero.jpg,r2,,,,photo,2,physical-education-ocr,The Skeletal System: Bones and Functions,,Photo via Unsplash,(needs description) (Photo via Unsplash),N
https://images.unsplash.com/photo-1630521301804-84bed5b0288a,unsplash,,,,photo,1,physical-education-ocr,Types of Feedback in Sport,,Photo via Unsplash,(needs description) (Photo via Unsplash),N
https://images.unsplash.com/photo-1529932398402-e0b30f66a559,unsplash,,,,photo,1,physical-education-ocr,Types of Guidance in Sport,,Photo via Unsplash,(needs description) (Photo via Unsplash),N
https://upload.wikimedia.org/wikipedia/commons/5/5e/ST_vs_Gloucester_-_Warm-up_-_03.JPG,wikimedia,CC BY-SA 3.0,SHARE-ALIKE,PierreSelim,photo,2,physical-education-ocr,Warm Up and Cool Down,,Photo by PierreSelim · CC BY-SA 3.0 · Wikimedia Commons,(needs description) (Photo by PierreSelim · CC BY-SA 3.0 · Wikimedia Commons),N
https://images.unsplash.com/photo-1607619056574-7b8d3ee536b2,unsplash,,,,photo,1,psychology-aqa,"Addiction: Characteristics, Theories and Therapies",,Photo via Unsplash,(needs description) (Photo via Unsplash),N
https://upload.wikimedia.org/wikipedia/commons/9/91/CT_and_MRI_scan_of_the_brain_with_melioidosis.jpg,wikimedia,CC BY 4.0,ATTRIB-REQUIRED,"Wei-yuan Huang, Gang Wu, Feng Chen, Meng-meng Li and Jian-jun Li",photo,1,psychology-aqa,An Introduction to Neuropsychology,,"Photo by Wei-yuan Huang, Gang Wu, Feng Chen, Meng-meng Li and Jian-jun Li · CC BY 4.0 · Wikimedia Commons","(needs description) (Photo by Wei-yuan Huang, Gang Wu, Feng Chen, Meng-meng Li and Jian-jun Li · CC BY 4.0 · Wikimedia Commons)",N
https://images.unsplash.com/photo-1494627344499-afd1027ee1f5,unsplash,,,,photo,1,psychology-aqa,Bystander Behaviour and Piliavin's Study,,Photo via Unsplash,(needs description) (Photo via Unsplash),N
https://images.unsplash.com/photo-1523495338267-31cbca7759e2,unsplash,,,,photo,1,psychology-aqa,Clinical Depression: Characteristics and Theories,,Photo via Unsplash,(needs description) (Photo via Unsplash),N
https://images.unsplash.com/photo-1573358695783-005699a7fc94,unsplash,,,,photo,1,psychology-aqa,Conformity and Asch's Study,,Photo via Unsplash,(needs description) (Photo via Unsplash),N
https://upload.wikimedia.org/wikipedia/commons/5/55/Confed-Cup_2005_-_Laolawelle.JPG,wikimedia,CC BY-SA 3.0,SHARE-ALIKE,Florian K,photo,1,psychology-aqa,Crowd and Collective Behaviour,,Photo by Florian K · CC BY-SA 3.0 · Wikimedia Commons,(needs description) (Photo by Florian K · CC BY-SA 3.0 · Wikimedia Commons),N
https://pub-aeb94e100e5a48f4a133be5bf206aecb.r2.dev/maths/statistics/lesson-01-hero.jpg,r2,,,,photo,4,psychology-aqa,Data Handling and Descriptive Statistics,,Photo via Unsplash,(needs description) (Photo via Unsplash),N
https://images.unsplash.com/photo-1617791160536-598cf32026fb,unsplash,,,,photo,1,psychology-aqa,Early Brain Development,,Photo via Unsplash,(needs description) (Photo via Unsplash),N
https://images.unsplash.com/photo-1501290741922-b56c0d0884af,unsplash,,,,photo,1,psychology-aqa,Experimental Methods and Designs,,Photo via Unsplash,(needs description) (Photo via Unsplash),N
https://images.unsplash.com/photo-1494869042583-f6c911f04b4c,unsplash,,,,photo,1,psychology-aqa,Factors Affecting Perception,,Photo via Unsplash,(needs description) (Photo via Unsplash),N
https://images.unsplash.com/photo-1686925131684-70ea6f680cd6,unsplash,,,,photo,1,psychology-aqa,Gibson's Direct Theory of Perception,,Photo via Unsplash,(needs description) (Photo via Unsplash),N
https://images.unsplash.com/photo-1573500758697-c9cf976308d8,unsplash,,,,photo,1,psychology-aqa,Human and Animal Communication,,Photo via Unsplash,(needs description) (Photo via Unsplash),N
https://images.unsplash.com/photo-1512314889357-e157c22f938d,unsplash,,,,photo,1,psychology-aqa,"Hypotheses, Variables and Sampling",,Photo via Unsplash,(needs description) (Photo via Unsplash),N
https://images.unsplash.com/photo-1620924721217-93fd71e354ff,unsplash,,,,photo,1,psychology-aqa,Interventions and Therapies for Depression,,Photo via Unsplash,(needs description) (Photo via Unsplash),N
https://images.unsplash.com/photo-1440288736878-766bd5839edb,unsplash,,,,photo,1,psychology-aqa,Language and Thought,,Photo via Unsplash,(needs description) (Photo via Unsplash),N
https://images.unsplash.com/photo-1613618958001-ee9ad8f01f9c,unsplash,,,,photo,1,psychology-aqa,Mental Health in Context,,Photo via Unsplash,(needs description) (Photo via Unsplash),N
https://pub-aeb94e100e5a48f4a133be5bf206aecb.r2.dev/french-aqa/people-and-lifestyle/lesson-08-hero.jpg,r2,,,,photo,1,psychology-aqa,"Mindset, Learning Styles and Willingham",,Photo via Unsplash,(needs description) (Photo via Unsplash),N
https://images.unsplash.com/photo-1716833322865-56bae681995c,unsplash,,,,photo,1,psychology-aqa,Neurons and Synaptic Transmission,,Photo via Unsplash,(needs description) (Photo via Unsplash),N
https://images.unsplash.com/photo-1573497620053-ea5300f94f21,unsplash,,,,photo,2,psychology-aqa,Non-Experimental Methods and Correlation,,Photo via Unsplash,(needs description) (Photo via Unsplash),N
https://images.unsplash.com/photo-1680204438561-81754a196285,unsplash,,,,photo,1,psychology-aqa,Non-Verbal Communication,,Photo via Unsplash,(needs description) (Photo via Unsplash),N
https://images.unsplash.com/photo-1608396941316-ea89219bd56e,unsplash,,,,photo,1,psychology-aqa,Obedience: Milgram and the Authoritarian Personality,,Photo via Unsplash,(needs description) (Photo via Unsplash),N
https://images.unsplash.com/photo-1647687663833-fcc91fd99792,unsplash,,,,photo,1,psychology-aqa,Piaget in Education: Conservation and Egocentrism,,Photo via Unsplash,(needs description) (Photo via Unsplash),N
https://images.unsplash.com/photo-1541692641319-981cc79ee10a,unsplash,,,,photo,1,psychology-aqa,Piaget's Theory of Cognitive Development,,Photo via Unsplash,(needs description) (Photo via Unsplash),N
https://upload.wikimedia.org/wikipedia/commons/c/c9/Research_Integrity.jpg,wikimedia,CC BY-SA 4.0,SHARE-ALIKE,ElkeDebrie,photo,1,psychology-aqa,"Planning, Procedures and Ethics",,Photo by ElkeDebrie · CC BY-SA 4.0 · Wikimedia Commons,(needs description) (Photo by ElkeDebrie · CC BY-SA 4.0 · Wikimedia Commons),N
https://images.unsplash.com/photo-1719650592946-55163c4994cb,unsplash,,,,photo,1,psychology-aqa,Processes and Types of Memory,,Photo via Unsplash,(needs description) (Photo via Unsplash),N
https://images.unsplash.com/photo-1730804518415-75297e8d2a41,unsplash,,,,photo,1,psychology-aqa,Reconstructive Memory and Accuracy,,Photo via Unsplash,(needs description) (Photo via Unsplash),N
https://images.unsplash.com/photo-1771015138470-ef2fa9f08b2b,unsplash,,,,photo,1,psychology-aqa,"Sensation, Perception and Depth Cues",,Photo via Unsplash,(needs description) (Photo via Unsplash),N
https://images.unsplash.com/photo-1597392582469-a697322d5c16,unsplash,,,,photo,1,psychology-aqa,Serial Position and Murdock's Study,,Photo via Unsplash,(needs description) (Photo via Unsplash),N
https://images.unsplash.com/photo-1544383835-bda2bc66a55d,unsplash,,,,photo,1,psychology-aqa,The Multi-Store Model of Memory,,Photo via Unsplash,(needs description) (Photo via Unsplash),N
https://upload.wikimedia.org/wikipedia/commons/e/e4/Daqing_Science_and_Technology_Museum_optical_illusion_pillars.jpg,wikimedia,CC BY-SA 3.0,SHARE-ALIKE,Jason Zhang,photo,1,psychology-aqa,Visual Illusions and Gregory's Constructivist Theory,,Photo by Jason Zhang · CC BY-SA 3.0 · Wikimedia Commons,(needs description) (Photo by Jason Zhang · CC BY-SA 3.0 · Wikimedia Commons),N
https://upload.wikimedia.org/wikipedia/commons/2/25/Pro-Choice_Rally_and_Press_Conference_Chicago_Illinois_3-4-20_5576_%2849621225296%29.jpg,wikimedia,Public domain,FREE,Charles Edward Miller,photo,1,religious-studies,Abortion and Euthanasia,,Photo by Charles Edward Miller · public domain · Wikimedia Commons,(needs description) (Photo by Charles Edward Miller · public domain · Wikimedia Commons),N
https://upload.wikimedia.org/wikipedia/commons/d/d9/Various_types%2C_etc._Mohammedan_%28i.e.%2C_Muslim%29_funeral._LOC_matpc.05280.jpg,wikimedia,Public domain,FREE,Matson Collection,photo,1,religious-studies,Akhirah: Life After Death,,Photo by Matson Collection · public domain · Wikimedia Commons,(needs description) (Photo by Matson Collection · public domain · Wikimedia Commons),N
https://pub-aeb94e100e5a48f4a133be5bf206aecb.r2.dev/religious-education/islam-beliefs/lesson-03-hero.jpg,r2,,,,photo,2,religious-studies,Angels and Predestination,,Photo via Unsplash,(needs description) (Photo via Unsplash),N
https://upload.wikimedia.org/wikipedia/commons/3/35/Cole_Thomas_Expulsion_from_the_Garden_of_Eden_1828.jpg,wikimedia,Public domain,FREE,Thomas Cole,photo,3,religious-studies,"Creation, the Afterlife & Judgement",,Photo by Thomas Cole · public domain · Wikimedia Commons,(needs description) (Photo by Thomas Cole · public domain · Wikimedia Commons),N
https://pub-aeb94e100e5a48f4a133be5bf206aecb.r2.dev/religious-education/theme-b-religion-life/lesson-05-hero.jpg,r2,,,,photo,1,religious-studies,Death and an Afterlife,,Photo via Unsplash,(needs description) (Photo via Unsplash),N
https://upload.wikimedia.org/wikipedia/commons/6/66/FamiliaOjeda.JPG,wikimedia,CC BY-SA 3.0,SHARE-ALIKE,Ojedamd,photo,2,religious-studies,Families and Contemporary Family Issues,,Photo by Ojedamd · CC BY-SA 3.0 · Wikimedia Commons,(needs description) (Photo by Ojedamd · CC BY-SA 3.0 · Wikimedia Commons),N
https://upload.wikimedia.org/wikipedia/commons/a/a4/Eid_Prayer_Congregation.jpg,wikimedia,CC BY-SA 4.0,SHARE-ALIKE,Jubersahel,photo,1,religious-studies,Festivals and Commemorations,,Photo by Jubersahel · CC BY-SA 4.0 · Wikimedia Commons,(needs description) (Photo by Jubersahel · CC BY-SA 4.0 · Wikimedia Commons),N
https://baipckgywpnwapobwtsy.supabase.co/storage/v1/object/public/pipeline-uploads/hero-uploads/d21f64a2-ca53-4235-bb64-48f179ed552c/brett-jordan-tlBf6x2l-gU-unsplash.jpg,other,,,,photo,1,religious-studies,Forgiveness,,Photo via Unsplash,(needs description) (Photo via Unsplash),N
https://upload.wikimedia.org/wikipedia/commons/0/0e/Suffragette_Parade%2C_23_October_1915.jpg,wikimedia,CC BY 4.0,ATTRIB-REQUIRED,Bain News Service,photo,1,religious-studies,"Gender Equality, Prejudice and Discrimination",,Photo by Bain News Service · CC BY 4.0 · Wikimedia Commons,(needs description) (Photo by Bain News Service · CC BY 4.0 · Wikimedia Commons),N
https://upload.wikimedia.org/wikipedia/commons/3/30/The_Good_and_Evil_Angels_Tate_Blake.jpg,wikimedia,Public domain,FREE,William Blake,photo,3,religious-studies,"Good, Evil & Reasons for Crime",,Photo by William Blake · public domain · Wikimedia Commons,(needs description) (Photo by William Blake · public domain · Wikimedia Commons),N
https://upload.wikimedia.org/wikipedia/commons/1/17/Supplicating_Pilgrim_at_Masjid_Al_Haram._Mecca%2C_Saudi_Arabia.jpg,wikimedia,CC BY-SA 2.5,SHARE-ALIKE,Ali Mansuri,photo,4,religious-studies,Hajj,,Photo by Ali Mansuri · CC BY-SA 2.5 · Wikimedia Commons,(needs description) (Photo by Ali Mansuri · CC BY-SA 2.5 · Wikimedia Commons),N
https://pub-aeb94e100e5a48f4a133be5bf206aecb.r2.dev/religious-education/christianity-beliefs/lesson-03-hero.jpg,r2,,,,photo,2,religious-studies,"Incarnation, Crucifixion & Resurrection",,Photo via Unsplash,(needs description) (Photo via Unsplash),N
https://upload.wikimedia.org/wikipedia/commons/9/90/Kabood_%28Blue%29_mosque%2C_Tabriz%2C_Iran.jpg,wikimedia,CC BY-SA 4.0,SHARE-ALIKE,Hameddaeipic,photo,2,religious-studies,Key Beliefs: Sunni and Shi'a Islam,,Photo by Hameddaeipic · CC BY-SA 4.0 · Wikimedia Commons,(needs description) (Photo by Hameddaeipic · CC BY-SA 4.0 · Wikimedia Commons),N
https://upload.wikimedia.org/wikipedia/commons/c/c0/St._Peter_preaching_the_gospel_LCCN2008675433.jpg,wikimedia,Public domain,FREE,"Carpi, Ugo da, 1480-approximately 1532, artist; Polidoro, da Caravaggio, approximately 1495-approximately 1543, artist",photo,1,religious-studies,"Mission, Evangelism and World Poverty",,"Photo by Carpi, Ugo da, 1480-approximately 1532, artist; Polidoro, da Caravaggio, approximately 1495-approximately 1543, artist · public domain · Wikimedia Commons","(needs description) (Photo by Carpi, Ugo da, 1480-approximately 1532, artist; Polidoro, da Caravaggio, approximately 1495-approximately 1543, artist · public domain · Wikimedia Commons)",N
https://pub-aeb94e100e5a48f4a133be5bf206aecb.r2.dev/religious-education/theme-d-peace-conflict/lesson-04-hero.jpg,r2,,,,photo,1,religious-studies,Nuclear Weapons and Weapons of Mass Destruction,,Photo via Unsplash,(needs description) (Photo via Unsplash),N
https://pub-aeb94e100e5a48f4a133be5bf206aecb.r2.dev/religious-education/theme-d-peace-conflict/lesson-05-hero.jpg,r2,,,,photo,1,religious-studies,Peacemaking and Responses to Victims of War,,Photo via Unsplash,(needs description) (Photo via Unsplash),N
https://upload.wikimedia.org/wikipedia/commons/d/d3/Lourdes_15_aout_2009.JPG,wikimedia,CC BY-SA 3.0,SHARE-ALIKE,Darreenvt,photo,2,religious-studies,Pilgrimage and Celebrations,,Photo by Darreenvt · CC BY-SA 3.0 · Wikimedia Commons,(needs description) (Photo by Darreenvt · CC BY-SA 3.0 · Wikimedia Commons),N
https://pub-aeb94e100e5a48f4a133be5bf206aecb.r2.dev/religious-education/islam-beliefs/lesson-04-hero.jpg,r2,,,,photo,2,religious-studies,Prophethood and the Holy Books,,Photo via Unsplash,(needs description) (Photo via Unsplash),N
https://upload.wikimedia.org/wikipedia/commons/4/41/Pietro_Antonio_Novelli_Sakramente_Beichte.jpg,wikimedia,Public domain,FREE,Pietro Antonio Novelli (1729–1804),photo,1,religious-studies,Sin and Salvation,,Photo by Pietro Antonio Novelli (1729–1804) · public domain · Wikimedia Commons,(needs description) (Photo by Pietro Antonio Novelli (1729–1804) · public domain · Wikimedia Commons),N
https://pub-aeb94e100e5a48f4a133be5bf206aecb.r2.dev/religious-education/islam-beliefs/lesson-02-hero.jpg,r2,,,,photo,2,religious-studies,Tawhid and the Nature of Allah,,Photo via Unsplash,(needs description) (Photo via Unsplash),N
https://upload.wikimedia.org/wikipedia/commons/7/7d/%281%29Mission_Australia_Denham_Street_Surry_Hills.jpg,wikimedia,CC BY 3.0,ATTRIB-REQUIRED,"Sardaka (talk) 07:31, 11 April 2014 (UTC)",photo,1,religious-studies,The Church in the Local Community,,"Photo by Sardaka (talk) 07:31, 11 April 2014 (UTC) · CC BY 3.0 · Wikimedia Commons","(needs description) (Photo by Sardaka (talk) 07:31, 11 April 2014 (UTC) · CC BY 3.0 · Wikimedia Commons)",N
https://upload.wikimedia.org/wikipedia/commons/2/2f/SQ_Lethal_Injection_Room.jpg,wikimedia,Public domain,FREE,CACorrections (California Department of Corrections and Rehabilitation),photo,3,religious-studies,The Death Penalty,,Photo by CACorrections (California Department of Corrections and Rehabilitation) · public domain · Wikimedia Commons,(needs description) (Photo by CACorrections (California Department of Corrections and Rehabilitation) · public domain · Wikimedia Commons),N
https://pub-aeb94e100e5a48f4a133be5bf206aecb.r2.dev/religious-education/islam-practices/lesson-01-hero.jpg,r2,,,,photo,2,religious-studies,"The Five Pillars, Shahadah and Salah",,Photo via Unsplash,(needs description) (Photo via Unsplash),N
https://upload.wikimedia.org/wikipedia/commons/e/ea/Stained-glass_Antwerp_4.jpg,wikimedia,CC BY-SA 4.0,SHARE-ALIKE,Alvesgaspar,photo,2,religious-studies,The Nature of God & the Trinity,,Photo by Alvesgaspar · CC BY-SA 4.0 · Wikimedia Commons,(needs description) (Photo by Alvesgaspar · CC BY-SA 4.0 · Wikimedia Commons),N
https://upload.wikimedia.org/wikipedia/commons/8/87/Lutheran_baptism.jpg,wikimedia,CC0,FREE,keskieve,photo,2,religious-studies,The Sacraments: Baptism and Holy Communion,,Photo by keskieve · public domain · Wikimedia Commons,(needs description) (Photo by keskieve · public domain · Wikimedia Commons),N
https://upload.wikimedia.org/wikipedia/commons/6/6c/Anti_Racism_London_2016_protester.jpg,wikimedia,CC0,FREE,Garry Knight,photo,2,religious-studies,Weapons of Mass Destruction & Peacemaking,,Photo by Garry Knight · public domain · Wikimedia Commons,(needs description) (Photo by Garry Knight · public domain · Wikimedia Commons),N
https://upload.wikimedia.org/wikipedia/commons/2/24/Worship_at_The_Prayer_Room_Missions_Base.jpg,wikimedia,CC BY-SA 4.0,SHARE-ALIKE,KERlizabeth,photo,2,religious-studies,Worship and Prayer,,Photo by KERlizabeth · CC BY-SA 4.0 · Wikimedia Commons,(needs description) (Photo by KERlizabeth · CC BY-SA 4.0 · Wikimedia Commons),N
https://upload.wikimedia.org/wikipedia/commons/d/dc/Fasting.JPG,wikimedia,CC BY-SA 3.0,SHARE-ALIKE,Arisdp,photo,2,religious-studies,Zakah and Sawm,,Photo by Arisdp · CC BY-SA 3.0 · Wikimedia Commons,(needs description) (Photo by Arisdp · CC BY-SA 3.0 · Wikimedia Commons),N
https://pub-aeb94e100e5a48f4a133be5bf206aecb.r2.dev/religious-education/theme-b-religion-life/lesson-03-hero.jpg,r2,,,,photo,2,religious-studies-aqa,Abortion & Euthanasia,,Photo via Unsplash,(needs description) (Photo via Unsplash),N
https://upload.wikimedia.org/wikipedia/commons/0/03/Gurudwara_Bara_Sikh_Sangat_Granth_Sahib.jpg,wikimedia,CC BY-SA 4.0,SHARE-ALIKE,DeepanjanGhosh,photo,1,religious-studies-aqa,"Akhand Path, Langar and Nam Japna",,Photo by DeepanjanGhosh · CC BY-SA 4.0 · Wikimedia Commons,(needs description) (Photo by DeepanjanGhosh · CC BY-SA 4.0 · Wikimedia Commons),N
https://images.unsplash.com/photo-1714525287722-71ffa49a1aa3,unsplash,,,,photo,2,religious-studies-aqa,"Amrit Sanskar, the Khalsa and the Five Ks",,Photo via Unsplash,(needs description) (Photo via Unsplash),N
https://images.unsplash.com/photo-1713423280062-14dafc107ba9,unsplash,,,,photo,1,religious-studies-aqa,Arguments Against the Existence of God,,Photo via Unsplash,(needs description) (Photo via Unsplash),N
https://upload.wikimedia.org/wikipedia/commons/2/2f/Saint-Pierre_cathedral%2C_Geneva_-_Stained_glass_windows_in_the_Chapelle_des_Maccab%C3%A9es_-_Details.jpg,wikimedia,CC BY-SA 4.0,SHARE-ALIKE,Terragio67,photo,1,religious-studies-aqa,Arguments For the Existence of God,,Photo by Terragio67 · CC BY-SA 4.0 · Wikimedia Commons,(needs description) (Photo by Terragio67 · CC BY-SA 4.0 · Wikimedia Commons),N
https://upload.wikimedia.org/wikipedia/commons/b/bb/Six_realms_of_samsara%2C_Haw_Par_Villa_%2814790856811%29.jpg,wikimedia,CC BY 2.0,ATTRIB-REQUIRED,Jnzl's Photos,photo,2,religious-studies-aqa,"Atman, Samsara, Karma and Moksha",,Photo by Jnzl's Photos · CC BY 2.0 · Wikimedia Commons,(needs description) (Photo by Jnzl's Photos · CC BY 2.0 · Wikimedia Commons),N
https://upload.wikimedia.org/wikipedia/commons/a/a2/Hampi%2C_Virupaksha_Temple%2C_Brahmin_priest%2C_Karnataka%2C_India.jpg,wikimedia,CC BY 4.0,ATTRIB-REQUIRED,Vyacheslav Argenberg,photo,1,religious-studies-aqa,Brahman and the Three Features of the Divine,,Photo by Vyacheslav Argenberg · CC BY 4.0 · Wikimedia Commons,(needs description) (Photo by Vyacheslav Argenberg · CC BY 4.0 · Wikimedia Commons),N
https://images.unsplash.com/photo-1592749643902-92e0fbaa83ea,unsplash,,,,photo,1,religious-studies-aqa,Catholic Social Teaching: Loving Our Neighbour,,Photo via Unsplash,(needs description) (Photo via Unsplash),N
https://upload.wikimedia.org/wikipedia/commons/4/46/Royal_Wedding_Stockholm_2010-Slottsbacken-05_edit.jpg,wikimedia,CC BY-SA 3.0,SHARE-ALIKE,Holger Motzkau,photo,2,religious-studies-aqa,Contraception & Same-Sex Relationships,,Photo by Holger Motzkau · CC BY-SA 3.0 · Wikimedia Commons,(needs description) (Photo by Holger Motzkau · CC BY-SA 3.0 · Wikimedia Commons),N
https://images.unsplash.com/photo-1576016770956-debb63d92058,unsplash,,,,photo,1,religious-studies-aqa,Creation and the Dignity of the Human Person,,Photo via Unsplash,(needs description) (Photo via Unsplash),N
https://images.unsplash.com/photo-1770234848813-2c49a36e09cc,unsplash,,,,photo,1,religious-studies-aqa,"Death, Funeral Rites and Festivals",,Photo via Unsplash,(needs description) (Photo via Unsplash),N
https://images.unsplash.com/photo-1652218033698-9b77cebf6cca,unsplash,,,,photo,1,religious-studies-aqa,Dietary Laws and Festivals,,Photo via Unsplash,(needs description) (Photo via Unsplash),N
https://upload.wikimedia.org/wikipedia/commons/3/3d/Plaque_with_the_five_precepts_engraved%2C_Lumbini_Park%2C_Nepal.jpg,wikimedia,CC BY-SA 4.0,SHARE-ALIKE,Farang Rak Tham,photo,1,religious-studies-aqa,Ethics in Daily Life: Precepts and Perfections,,Photo by Farang Rak Tham · CC BY-SA 4.0 · Wikimedia Commons,(needs description) (Photo by Farang Rak Tham · CC BY-SA 4.0 · Wikimedia Commons),N
https://upload.wikimedia.org/wikipedia/commons/b/b2/Condoms_-_Teen_Facts.jpg,wikimedia,CC BY-SA 2.0,SHARE-ALIKE,Ryan Somma,photo,2,religious-studies-aqa,"Families, Gender Roles & Equality",,Photo by Ryan Somma · CC BY-SA 2.0 · Wikimedia Commons,(needs description) (Photo by Ryan Somma · CC BY-SA 2.0 · Wikimedia Commons),N
https://images.unsplash.com/photo-1578154450695-aa2f8d2b10a2,unsplash,,,,photo,1,religious-studies-aqa,"Family Life: Birth, Bar and Bat Mitzvah, Marriage and Mourning",,Photo via Unsplash,(needs description) (Photo via Unsplash),N
https://images.unsplash.com/photo-1629517075327-ea4849a5b081,unsplash,,,,photo,1,religious-studies-aqa,"Festivals, Birth and Naming Ceremonies",,Photo via Unsplash,(needs description) (Photo via Unsplash),N
https://images.unsplash.com/photo-1603228254119-e6a4d095dc59,unsplash,,,,photo,1,religious-studies-aqa,Festivals: Diwali and Holi,,Photo via Unsplash,(needs description) (Photo via Unsplash),N
https://upload.wikimedia.org/wikipedia/commons/e/e4/Neasden_Temple_-_Shree_Swaminarayan_Hindu_Mandir_-_Power_Plant.jpg,wikimedia,CC BY 2.0,ATTRIB-REQUIRED,CGP Grey,photo,1,religious-studies-aqa,Focuses of Worship and the Murti,,Photo by CGP Grey · CC BY 2.0 · Wikimedia Commons,(needs description) (Photo by CGP Grey · CC BY 2.0 · Wikimedia Commons),N
https://upload.wikimedia.org/wikipedia/commons/f/f3/Areszt_%C5%9Bledczy_w_Zabrzu.jpg,wikimedia,CC BY 4.0,ATTRIB-REQUIRED,Krzysztof Popławski,photo,3,religious-studies-aqa,Forgiveness & Corporal Punishment,,Photo by Krzysztof Popławski · CC BY 4.0 · Wikimedia Commons,(needs description) (Photo by Krzysztof Popławski · CC BY 4.0 · Wikimedia Commons),N
https://images.unsplash.com/photo-1595243463577-246625b9df35,unsplash,,,,photo,1,religious-studies-aqa,"Human Life, Sikh Virtues and Mukti",,Photo via Unsplash,(needs description) (Photo via Unsplash),N
https://upload.wikimedia.org/wikipedia/commons/2/2b/Return_of_the_Prodigal_Son_by_Rembrandt_01_by_shakko.jpg,wikimedia,CC BY-SA 4.0,SHARE-ALIKE,shakko,photo,1,religious-studies-aqa,Incarnation and Redemption,,Photo by shakko · CC BY-SA 4.0 · Wikimedia Commons,(needs description) (Photo by shakko · CC BY-SA 4.0 · Wikimedia Commons),N
https://baipckgywpnwapobwtsy.supabase.co/storage/v1/object/public/pipeline-uploads/hero-uploads/5cd591ad-b5bb-4adb-ac6f-eaf60f0d1271/hatice-guven-yesilyurt-qw_fvOuxE7A-unsplash.jpg,other,,,,photo,2,religious-studies-aqa,Jihad & Islamic Festivals,,Photo via Unsplash,(needs description) (Photo via Unsplash),N
https://images.unsplash.com/photo-1580501170888-80668882ca0c,unsplash,,,,photo,1,religious-studies-aqa,Life After Death and the Messiah,,Photo via Unsplash,(needs description) (Photo via Unsplash),N
https://images.unsplash.com/photo-1770291794343-0bc0a9f9d159,unsplash,,,,photo,1,religious-studies-aqa,Life After Death and the Seven Sacraments,,Photo via Unsplash,(needs description) (Photo via Unsplash),N
https://images.unsplash.com/photo-1659177147979-103a1fb2f336,unsplash,,,,photo,1,religious-studies-aqa,"Meditation: Samatha, Vipassana and Visualisation",,Photo via Unsplash,(needs description) (Photo via Unsplash),N
https://upload.wikimedia.org/wikipedia/commons/b/b9/0556jfRizal_Avenue_Church_of_Christ_Worldwide_Santa_Cruz_Manilafvf_10.jpg,wikimedia,Public domain,FREE,Judgefloro,photo,1,religious-studies-aqa,"Mission, Evangelism & the Worldwide Church",,Photo by Judgefloro · public domain · Wikimedia Commons,(needs description) (Photo by Judgefloro · public domain · Wikimedia Commons),N
https://images.unsplash.com/photo-1654099067467-c18c8dec1df4,unsplash,,,,photo,1,religious-studies-aqa,"Mission, Evangelism and Catholic Charities",,Photo via Unsplash,(needs description) (Photo via Unsplash),N
https://upload.wikimedia.org/wikipedia/commons/8/86/Bar_Mitzvah_%28Jerusalem%2C_2013%29_%288683269256%29.jpg,wikimedia,CC BY 2.0,ATTRIB-REQUIRED,Paul Arps from The Netherlands,photo,1,religious-studies-aqa,"Moral Principles, Mitzvot and Pikuach Nefesh",,Photo by Paul Arps from The Netherlands · CC BY 2.0 · Wikimedia Commons,(needs description) (Photo by Paul Arps from The Netherlands · CC BY 2.0 · Wikimedia Commons),N
https://upload.wikimedia.org/wikipedia/commons/8/89/Approaching_the_Universe%27s_origins_PSZ2_G138.61-10.84.jpg,wikimedia,CC BY 4.0,ATTRIB-REQUIRED,"ESA/Hubble &amp; NASA, RELICS",photo,2,religious-studies-aqa,Origins of the Universe & Human Life,,"Photo by ESA/Hubble &amp; NASA, RELICS · CC BY 4.0 · Wikimedia Commons","(needs description) (Photo by ESA/Hubble &amp; NASA, RELICS · CC BY 4.0 · Wikimedia Commons)",N
https://pub-aeb94e100e5a48f4a133be5bf206aecb.r2.dev/religious-education/theme-d-peace-conflict/lesson-01-hero.jpg,r2,,,,photo,2,religious-studies-aqa,"Peace, Justice & Forgiveness",,Photo via Unsplash,(needs description) (Photo via Unsplash),N
https://upload.wikimedia.org/wikipedia/commons/2/21/18580315_Another_Miracle_-_Bernadette_Soubirous_-_The_Magnet_%28London%29.jpg,wikimedia,Public domain,FREE,"The Magnet (London newspaper, 1858)",photo,1,religious-studies-aqa,Pilgrimage and the Funeral Rite,,"Photo by The Magnet (London newspaper, 1858) · public domain · Wikimedia Commons","(needs description) (Photo by The Magnet (London newspaper, 1858) · public domain · Wikimedia Commons)",N
https://images.unsplash.com/photo-1716805825299-70bcd837605e,unsplash,,,,photo,1,religious-studies-aqa,Places of Worship and Puja,,Photo via Unsplash,(needs description) (Photo via Unsplash),N
https://images.unsplash.com/photo-1551821387-36cd96449c9a,unsplash,,,,photo,1,religious-studies-aqa,Prayer and Popular Piety,,Photo via Unsplash,(needs description) (Photo via Unsplash),N
https://upload.wikimedia.org/wikipedia/commons/6/6f/Capone%E2%80%99s_criminal_record_in_1932.jpg,wikimedia,Public domain,FREE,FBI / United States Bureau of Prisons,photo,2,religious-studies-aqa,"Punishment: Aims, Types & the Death Penalty",,Photo by FBI / United States Bureau of Prisons · public domain · Wikimedia Commons,(needs description) (Photo by FBI / United States Bureau of Prisons · public domain · Wikimedia Commons),N
https://upload.wikimedia.org/wikipedia/commons/a/a6/Gay_act_up_nyc_manhattan.jpg,wikimedia,CC BY-SA 4.0,SHARE-ALIKE,MACMILLAN,photo,2,religious-studies-aqa,"Relationships, Marriage & Divorce",,Photo by MACMILLAN · CC BY-SA 4.0 · Wikimedia Commons,(needs description) (Photo by MACMILLAN · CC BY-SA 4.0 · Wikimedia Commons),N
https://images.unsplash.com/photo-1749737352276-01f1b261b258,unsplash,,,,photo,1,religious-studies-aqa,"Revelation: Visions, Miracles and Nature",,Photo via Unsplash,(needs description) (Photo via Unsplash),N
https://upload.wikimedia.org/wikipedia/commons/c/cd/Langar.jpg,wikimedia,CC BY-SA 3.0,SHARE-ALIKE,Harisingh at en.wikipedia,photo,2,religious-studies-aqa,Sewa and the Sangat,,Photo by Harisingh at en.wikipedia · CC BY-SA 3.0 · Wikimedia Commons,(needs description) (Photo by Harisingh at en.wikipedia · CC BY-SA 3.0 · Wikimedia Commons),N
https://upload.wikimedia.org/wikipedia/commons/d/df/Shabbat_Candles.jpg,wikimedia,CC BY-SA 3.0,SHARE-ALIKE,Olaf.herfurth,photo,1,religious-studies-aqa,"Shabbat, Home Worship and Sacred Texts",,Photo by Olaf.herfurth · CC BY-SA 3.0 · Wikimedia Commons,(needs description) (Photo by Olaf.herfurth · CC BY-SA 3.0 · Wikimedia Commons),N
https://upload.wikimedia.org/wikipedia/commons/1/1f/St_Thomas%27s_church%2C_Salisbury_-_doom_painting_-_geograph.org.uk_-_5944917.jpg,wikimedia,CC BY-SA 2.0,SHARE-ALIKE,Stephen Craven,photo,2,religious-studies-aqa,"Sin, Salvation & Atonement",,Photo by Stephen Craven · CC BY-SA 2.0 · Wikimedia Commons,(needs description) (Photo by Stephen Craven · CC BY-SA 2.0 · Wikimedia Commons),N
https://images.unsplash.com/photo-1603913545912-55ea145c2115,unsplash,,,,photo,1,religious-studies-aqa,Social Justice and Racial Discrimination,,Photo via Unsplash,(needs description) (Photo via Unsplash),N
https://images.unsplash.com/photo-1599414479727-b4159ba20bf4,unsplash,,,,photo,1,religious-studies-aqa,The Buddha and the Four Noble Truths,,Photo via Unsplash,(needs description) (Photo via Unsplash),N
https://upload.wikimedia.org/wikipedia/commons/7/7a/Abraham_serving_the_angels%2C_Rembrandt_van_Rijn%2C_1646%2C_private_collection%2C_USA.jpg,wikimedia,Public domain,FREE,Rembrandt,photo,1,religious-studies-aqa,"The Covenant: Abraham, Moses and the Promised Land",,Photo by Rembrandt · public domain · Wikimedia Commons,(needs description) (Photo by Rembrandt · public domain · Wikimedia Commons),N
https://images.unsplash.com/photo-1682703174034-f9de5333d7d0,unsplash,,,,photo,1,religious-studies-aqa,The Dhamma and the Three Marks of Existence,,Photo via Unsplash,(needs description) (Photo via Unsplash),N
https://images.unsplash.com/photo-1721019036691-f428362b0dde,unsplash,,,,photo,1,religious-studies-aqa,The Eightfold Path and Buddhist Ethics,,Photo via Unsplash,(needs description) (Photo via Unsplash),N
https://upload.wikimedia.org/wikipedia/commons/3/36/Hopetoun_falls.jpg,wikimedia,CC BY-SA 3.0,SHARE-ALIKE,Diliff,photo,2,religious-studies-aqa,The Environment & Animal Rights,,Photo by Diliff · CC BY-SA 3.0 · Wikimedia Commons,(needs description) (Photo by Diliff · CC BY-SA 3.0 · Wikimedia Commons),N
https://images.unsplash.com/photo-1527221579996-0de6d1ae2069,unsplash,,,,photo,1,religious-studies-aqa,The Four Aims of Life and Dharma,,Photo via Unsplash,(needs description) (Photo via Unsplash),N
https://images.unsplash.com/photo-1676490081752-2cd8404a8609,unsplash,,,,photo,1,religious-studies-aqa,The Gurdwara: Worship and Community,,Photo via Unsplash,(needs description) (Photo via Unsplash),N
https://images.unsplash.com/photo-1608746377208-9162f075b386,unsplash,,,,photo,1,religious-studies-aqa,The Human Personality and Human Destiny,,Photo via Unsplash,(needs description) (Photo via Unsplash),N
https://images.unsplash.com/photo-1655701550428-c9bdce04bb49,unsplash,,,,photo,1,religious-studies-aqa,The Nature of God and the Mool Mantra,,Photo via Unsplash,(needs description) (Photo via Unsplash),N
https://images.unsplash.com/photo-1664997432332-4a3e2c7a379a,unsplash,,,,photo,1,religious-studies-aqa,The Nature of God and the Shekhinah,,Photo via Unsplash,(needs description) (Photo via Unsplash),N
https://upload.wikimedia.org/wikipedia/commons/4/41/Sikh_pilgrim_at_the_Golden_Temple_%28Harmandir_Sahib%29_in_Amritsar%2C_India.jpg,wikimedia,CC BY-SA 4.0,SHARE-ALIKE,Paulrudd,photo,1,religious-studies-aqa,The Oneness of Humanity and Equality,,Photo by Paulrudd · CC BY-SA 4.0 · Wikimedia Commons,(needs description) (Photo by Paulrudd · CC BY-SA 4.0 · Wikimedia Commons),N
https://upload.wikimedia.org/wikipedia/commons/c/c4/Princes_Road_Synagogue_Nave.jpg,wikimedia,CC0,FREE,Michael D Beckwith,photo,1,religious-studies-aqa,The Synagogue and Public Worship,,Photo by Michael D Beckwith · public domain · Wikimedia Commons,(needs description) (Photo by Michael D Beckwith · public domain · Wikimedia Commons),N
https://images.unsplash.com/photo-1693134322630-8c3510d215f6,unsplash,,,,photo,1,religious-studies-aqa,"The Tri-murti, Deities and Avatars",,Photo via Unsplash,(needs description) (Photo via Unsplash),N
https://images.unsplash.com/photo-1722979830401-fd878aad76fe,unsplash,,,,photo,1,religious-studies-aqa,The Trinity and the Nicene Creed,,Photo via Unsplash,(needs description) (Photo via Unsplash),N
https://pub-aeb94e100e5a48f4a133be5bf206aecb.r2.dev/religious-education/theme-d-peace-conflict/lesson-02-hero.jpg,r2,,,,photo,2,religious-studies-aqa,"War: Just War, Holy War & Pacifism",,Photo via Unsplash,(needs description) (Photo via Unsplash),N
https://images.unsplash.com/photo-1592028617171-1087690b3575,unsplash,,,,photo,1,religious-studies-aqa,"Wealth, Poverty and the Uses of Money",,Photo via Unsplash,(needs description) (Photo via Unsplash),N
https://images.unsplash.com/photo-1736166007108-0f23dc54066b,unsplash,,,,photo,1,religious-studies-aqa,Worship at Home and the Mandir,,Photo via Unsplash,(needs description) (Photo via Unsplash),N
https://pub-aeb94e100e5a48f4a133be5bf206aecb.r2.dev/religious-studies-edexcel/paper-2-sikhism/lesson-04-hero.jpg,r2,,,,photo,1,religious-studies-edexcel,"Akhand Path, Gurpurbs and Sikh Ceremonies",,Photo via Unsplash,(needs description) (Photo via Unsplash),N
https://images.unsplash.com/photo-1526677504211-233c8477c61b,unsplash,,,,photo,1,religious-studies-edexcel,Akhirah: Life After Death and the Day of Judgement,,Photo via Unsplash,(needs description) (Photo via Unsplash),N
https://pub-aeb94e100e5a48f4a133be5bf206aecb.r2.dev/religious-studies-edexcel/paper-4-quran/lesson-01-hero.jpg,r2,,,,photo,1,religious-studies-edexcel,"Allah in the Qur'an: Al-Fatiha, Tawhid and the 99 Names",,Photo via Unsplash,(needs description) (Photo via Unsplash),N
https://images.unsplash.com/photo-1609599006353-e629aaabfeae,unsplash,,,,photo,1,religious-studies-edexcel,"Angels, Predestination and Akhirah",,Photo via Unsplash,(needs description) (Photo via Unsplash),N
https://images.unsplash.com/photo-1509773896068-7fd415d91e2e,unsplash,,,,photo,1,religious-studies-edexcel,"Believers, Creation and Humanity as Khalifah",,Photo via Unsplash,(needs description) (Photo via Unsplash),N
https://upload.wikimedia.org/wikipedia/commons/e/e9/Lord_Bishnu-Shesh_Narayan.JPG,wikimedia,CC BY-SA 4.0,SHARE-ALIKE,Ksssshl,photo,1,religious-studies-edexcel,"Brahman, the Three Aspects of the Divine and the Deities",,Photo by Ksssshl · CC BY-SA 4.0 · Wikimedia Commons,(needs description) (Photo by Ksssshl · CC BY-SA 4.0 · Wikimedia Commons),N
https://upload.wikimedia.org/wikipedia/commons/9/9a/Buddhist_Festivals%2CSongkran_Day.jpg,wikimedia,CC BY-SA 4.0,SHARE-ALIKE,Donavanik,photo,1,religious-studies-edexcel,"Buddhist Worship: Temples, Puja, Death Rites and Festivals",,Photo by Donavanik · CC BY-SA 4.0 · Wikimedia Commons,(needs description) (Photo by Donavanik · CC BY-SA 4.0 · Wikimedia Commons),N
https://images.unsplash.com/photo-1698822079732-501a7e06860f,unsplash,,,,photo,1,religious-studies-edexcel,"Catholic Beliefs: Trinity, Incarnation and Creation",,Photo via Unsplash,(needs description) (Photo via Unsplash),N
https://pub-aeb94e100e5a48f4a133be5bf206aecb.r2.dev/religious-studies-edexcel/paper-1-catholic-christianity/lesson-05-hero.jpg,r2,,,,photo,1,religious-studies-edexcel,"Catholic Social Teaching, Mission and Funeral Rite",,Photo via Unsplash,(needs description) (Photo via Unsplash),N
https://images.unsplash.com/photo-1616548321627-3c1d17305545,unsplash,,,,photo,1,religious-studies-edexcel,"Christian Beliefs: God, Creation and Jesus",,Photo via Unsplash,(needs description) (Photo via Unsplash),N
https://pub-aeb94e100e5a48f4a133be5bf206aecb.r2.dev/religious-studies-edexcel/paper-1-christianity/lesson-04-hero.jpg,r2,,,,photo,1,religious-studies-edexcel,"Christian Worship, Sacraments and Prayer",,Photo via Unsplash,(needs description) (Photo via Unsplash),N
https://images.unsplash.com/photo-1457139621581-298d1801c832,unsplash,,,,photo,1,religious-studies-edexcel,"Christian Worship, Sacraments and Prayer",,Photo via Unsplash,(needs description) (Photo via Unsplash),N
https://images.unsplash.com/photo-1576063513230-e65b5ed1a3a0,unsplash,,,,photo,3,religious-studies-edexcel,"Contraception, Divorce, Gender Equality and Discrimination",,Photo via Unsplash,(needs description) (Photo via Unsplash),N
https://images.unsplash.com/photo-1602797992680-57a4964033e9,unsplash,,,,photo,1,religious-studies-edexcel,"Contraception, Divorce, Gender Equality and Discrimination",,Photo via Unsplash,(needs description) (Photo via Unsplash),N
https://images.unsplash.com/photo-1574513828599-a4fefc82fe7d,unsplash,,,,photo,1,religious-studies-edexcel,"Dawud, Maryam, Isa and the Mission of Muhammad",,Photo via Unsplash,(needs description) (Photo via Unsplash),N
https://upload.wikimedia.org/wikipedia/commons/8/8d/Christus_op_de_berg_met_zijn_discipelen%2C_RP-P-1961-712.jpg,wikimedia,CC0,FREE,Rijksmuseum,photo,1,religious-studies-edexcel,"Discipleship: The Call, the Cost and Living It Today",,Photo by Rijksmuseum · public domain · Wikimedia Commons,(needs description) (Photo by Rijksmuseum · public domain · Wikimedia Commons),N
https://upload.wikimedia.org/wikipedia/commons/7/73/Garden_Eden.jpg,wikimedia,CC BY-SA 4.0,SHARE-ALIKE,Friendly hunting,photo,2,religious-studies-edexcel,Eschatology and the Problem of Evil,,Photo by Friendly hunting · CC BY-SA 4.0 · Wikimedia Commons,(needs description) (Photo by Friendly hunting · CC BY-SA 4.0 · Wikimedia Commons),N
https://images.unsplash.com/photo-1604062214763-e3942d5b7b3e,unsplash,,,,photo,1,religious-studies-edexcel,Eschatology and the Problem of Evil,,Photo via Unsplash,(needs description) (Photo via Unsplash),N
https://upload.wikimedia.org/wikipedia/commons/b/b9/Doom_painting_in_St_Thomas_Church_Salisbury.JPG,wikimedia,CC BY-SA 3.0,SHARE-ALIKE,Nessino,photo,1,religious-studies-edexcel,"Eschatology: Life After Death, Resurrection and Purgatory",,Photo by Nessino · CC BY-SA 3.0 · Wikimedia Commons,(needs description) (Photo by Nessino · CC BY-SA 3.0 · Wikimedia Commons),N
https://upload.wikimedia.org/wikipedia/commons/a/ae/The_spinning_of_the_prayer_wheels.jpg,wikimedia,CC BY-SA 4.0,SHARE-ALIKE,Chandrasen Yadav (Chacky yen),photo,1,religious-studies-edexcel,"Human Life, Ethics and Worship in Buddhism",,Photo by Chandrasen Yadav (Chacky yen) · CC BY-SA 4.0 · Wikimedia Commons,(needs description) (Photo by Chandrasen Yadav (Chacky yen) · CC BY-SA 4.0 · Wikimedia Commons),N
https://pub-aeb94e100e5a48f4a133be5bf206aecb.r2.dev/religious-studies-edexcel/paper-1-catholic-christianity/lesson-02-hero.jpg,r2,,,,photo,1,religious-studies-edexcel,"Incarnation, Paschal Mystery and Salvation",,Photo via Unsplash,(needs description) (Photo via Unsplash),N
https://upload.wikimedia.org/wikipedia/commons/6/61/Baptism_of_Christ_Baptistery_Florence_copy.jpg,wikimedia,CC0,FREE,Jebulon,photo,1,religious-studies-edexcel,"Jesus as Messiah, Son of Man and the Baptism",,Photo by Jebulon · public domain · Wikimedia Commons,(needs description) (Photo by Jebulon · public domain · Wikimedia Commons),N
https://images.unsplash.com/photo-1681213641718-62006dac06fa,unsplash,,,,photo,3,religious-studies-edexcel,Jihad and Islamic Festivals,,Photo via Unsplash,(needs description) (Photo via Unsplash),N
https://images.unsplash.com/photo-1587617425953-9075d28b8c46,unsplash,,,,photo,1,religious-studies-edexcel,"Justice, Shirk and Shari'ah Law",,Photo via Unsplash,(needs description) (Photo via Unsplash),N
https://upload.wikimedia.org/wikipedia/commons/5/53/Newly_Married_%285950763383%29.jpg,wikimedia,CC BY-SA 2.0,SHARE-ALIKE,"Helgi Halldórsson from Reykjavík, Iceland",photo,1,religious-studies-edexcel,"Marriage, Sexual Relationships and Family",,"Photo by Helgi Halldórsson from Reykjavík, Iceland · CC BY-SA 2.0 · Wikimedia Commons","(needs description) (Photo by Helgi Halldórsson from Reykjavík, Iceland · CC BY-SA 2.0 · Wikimedia Commons)",N
https://images.unsplash.com/photo-1673073220743-ee78b02eb029,unsplash,,,,photo,1,religious-studies-edexcel,"Marriage, Sexual Relationships and Family in Islam",,Photo via Unsplash,(needs description) (Photo via Unsplash),N
https://upload.wikimedia.org/wikipedia/commons/9/98/Saint_Raphael_Catholic_Church_%28Springfield%2C_Ohio%29_-_stained_glass%2C_Jesus_calms_the_storm%2C_detail.jpg,wikimedia,CC BY-SA 4.0,SHARE-ALIKE,Nheyob,photo,1,religious-studies-edexcel,Miracles of Jesus in Mark,,Photo by Nheyob · CC BY-SA 4.0 · Wikimedia Commons,(needs description) (Photo by Nheyob · CC BY-SA 4.0 · Wikimedia Commons),N
https://images.unsplash.com/photo-1720540545556-25e05e801c3c,unsplash,,,,photo,1,religious-studies-edexcel,"Paschal Mystery, Salvation and Eschatology",,Photo via Unsplash,(needs description) (Photo via Unsplash),N
https://images.unsplash.com/photo-1590668402673-b8afe98adf5b,unsplash,,,,photo,1,religious-studies-edexcel,"Peter's Confession, the Transfiguration and Conflicts of Jesus",,Photo via Unsplash,(needs description) (Photo via Unsplash),N
https://images.unsplash.com/photo-1528357136257-0c25517acfea,unsplash,,,,photo,1,religious-studies-edexcel,"Pilgrimage, Catholic Social Teaching and Mission",,Photo via Unsplash,(needs description) (Photo via Unsplash),N
https://images.unsplash.com/photo-1641070496163-0c04c91ddc67,unsplash,,,,photo,1,religious-studies-edexcel,"Pilgrimage, Festivals, Mission and the Worldwide Church",,Photo via Unsplash,(needs description) (Photo via Unsplash),N
https://pub-aeb94e100e5a48f4a133be5bf206aecb.r2.dev/religious-studies-edexcel/paper-3-philosophy-ethics-islam/lesson-02-hero.jpg,r2,,,,photo,1,religious-studies-edexcel,"Religious Experience, Design and Cosmological Arguments",,Photo via Unsplash,(needs description) (Photo via Unsplash),N
https://pub-aeb94e100e5a48f4a133be5bf206aecb.r2.dev/religious-studies-edexcel/paper-3-philosophy-ethics-christianity/lesson-02-hero.jpg,r2,,,,photo,1,religious-studies-edexcel,"Religious Experience, Prayer, Design and Cosmological Arguments",,Photo via Unsplash,(needs description) (Photo via Unsplash),N
https://images.unsplash.com/photo-1621354898913-d3cec6b17162,unsplash,,,,photo,1,religious-studies-edexcel,Religious Upbringing as an Argument,,Photo via Unsplash,(needs description) (Photo via Unsplash),N
https://images.unsplash.com/photo-1555679432-b7b7a5e3680c,unsplash,,,,photo,1,religious-studies-edexcel,"Revelation, Visions and Miracles",,Photo via Unsplash,(needs description) (Photo via Unsplash),N
https://images.unsplash.com/photo-1546718876-2d05e6e23046,unsplash,,,,photo,1,religious-studies-edexcel,"Revelation, Visions and Miracles as Proof of God",,Photo via Unsplash,(needs description) (Photo via Unsplash),N
https://images.unsplash.com/photo-1570206916435-745fc43bb9c1,unsplash,,,,photo,1,religious-studies-edexcel,"Revelation, Visions and Miracles in Islam",,Photo via Unsplash,(needs description) (Photo via Unsplash),N
https://pub-aeb94e100e5a48f4a133be5bf206aecb.r2.dev/religious-studies-edexcel/paper-1-islam/lesson-02-hero.jpg,r2,,,,photo,1,religious-studies-edexcel,"Risalah, Holy Books, Angels and Predestination",,Photo via Unsplash,(needs description) (Photo via Unsplash),N
https://pub-aeb94e100e5a48f4a133be5bf206aecb.r2.dev/religious-studies-edexcel/paper-2-catholic-christianity/lesson-03-hero.jpg,r2,,,,photo,1,religious-studies-edexcel,"Sacraments, the Mass and Catholic Prayer",,Photo via Unsplash,(needs description) (Photo via Unsplash),N
https://images.unsplash.com/photo-1551759138-3a1d9214d973,unsplash,,,,photo,1,religious-studies-edexcel,"Sacraments, the Mass and Catholic Worship",,Photo via Unsplash,(needs description) (Photo via Unsplash),N
https://images.unsplash.com/photo-1598723106396-f89827f6aa1a,unsplash,,,,photo,1,religious-studies-edexcel,Sources of Authority and Muslim Identity,,Photo via Unsplash,(needs description) (Photo via Unsplash),N
https://upload.wikimedia.org/wikipedia/commons/4/4a/Cath%C3%A9drale_Notre-Dame_-_int%C3%A9rieur_-_tour_de_ch%C5%93ur_%C3%A0_Chartres_%28Eure-et-Loir%29.jpg,wikimedia,CC BY-SA 4.0,SHARE-ALIKE,Gzen92,photo,1,religious-studies-edexcel,Sources of Wisdom and Forms of Expression in Catholic Christianity,,Photo by Gzen92 · CC BY-SA 4.0 · Wikimedia Commons,(needs description) (Photo by Gzen92 · CC BY-SA 4.0 · Wikimedia Commons),N
https://images.unsplash.com/photo-1579127499396-1fc18048a068,unsplash,,,,photo,1,religious-studies-edexcel,Sources of Wisdom and Forms of Expression in Christianity,,Photo via Unsplash,(needs description) (Photo via Unsplash),N
https://images.unsplash.com/photo-1568079232144-508be540a9a2,unsplash,,,,photo,1,religious-studies-edexcel,"Suffering, Cosmology and Hindu Worship",,Photo via Unsplash,(needs description) (Photo via Unsplash),N
https://pub-aeb94e100e5a48f4a133be5bf206aecb.r2.dev/religious-studies-edexcel/paper-2-judaism/lesson-02-hero.jpg,r2,,,,photo,1,religious-studies-edexcel,The Covenant and Jewish Moral Principles,,Photo via Unsplash,(needs description) (Photo via Unsplash),N
https://pub-aeb94e100e5a48f4a133be5bf206aecb.r2.dev/religious-studies-edexcel/paper-1-islam/lesson-04-hero.jpg,r2,,,,photo,1,religious-studies-edexcel,The Five Pillars and Ten Obligatory Acts,,Photo via Unsplash,(needs description) (Photo via Unsplash),N
https://images.unsplash.com/photo-1687966248642-ee5b41a8c967,unsplash,,,,photo,1,religious-studies-edexcel,The Four Noble Truths and the Eightfold Path,,Photo via Unsplash,(needs description) (Photo via Unsplash),N
https://upload.wikimedia.org/wikipedia/commons/a/ac/Gurdwara_Sikh_Society_Calgary-3.jpg,wikimedia,CC BY-SA 4.0,SHARE-ALIKE,Harpreet Sandhu,photo,1,religious-studies-edexcel,"The Gurdwara, Langar and Daily Worship",,Photo by Harpreet Sandhu · CC BY-SA 4.0 · Wikimedia Commons,(needs description) (Photo by Harpreet Sandhu · CC BY-SA 4.0 · Wikimedia Commons),N
https://images.unsplash.com/photo-1494870703355-d05125562171,unsplash,,,,photo,1,religious-studies-edexcel,The Last Days of Jesus and the Passion,,Photo via Unsplash,(needs description) (Photo via Unsplash),N
https://upload.wikimedia.org/wikipedia/commons/1/19/Follower_of_Hans_Memling_-_Birth%2C_Crucifixion%2C_and_Resurrection_of_Christ_triptych_-_1510-20.jpg,wikimedia,Public domain,FREE,Follower of Hans Memling,photo,1,religious-studies-edexcel,"The Last Days of Jesus, Salvation and Atonement",,Photo by Follower of Hans Memling · public domain · Wikimedia Commons,(needs description) (Photo by Follower of Hans Memling · public domain · Wikimedia Commons),N
https://images.unsplash.com/photo-1552423314-cf29ab68ad73,unsplash,,,,photo,2,religious-studies-edexcel,The Nature of Allah and Core Muslim Beliefs,,Photo via Unsplash,(needs description) (Photo via Unsplash),N
https://images.unsplash.com/photo-1587899765642-3f8e3ea67852,unsplash,,,,photo,1,religious-studies-edexcel,The Nature of God and Human Life in Sikhism,,Photo via Unsplash,(needs description) (Photo via Unsplash),N
https://images.unsplash.com/photo-1539978411915-9f883018db6e,unsplash,,,,photo,1,religious-studies-edexcel,"The Nature of God, Shekhinah and the Messiah",,Photo via Unsplash,(needs description) (Photo via Unsplash),N
https://upload.wikimedia.org/wikipedia/commons/f/f1/Kaba_-_panoramio_%281%29.jpg,wikimedia,CC BY 3.0,ATTRIB-REQUIRED,Najamuddin Shahwani,photo,1,religious-studies-edexcel,"The Prophets: Nuh, Ibrahim, Ismail and Yusuf",,Photo by Najamuddin Shahwani · CC BY 3.0 · Wikimedia Commons,(needs description) (Photo by Najamuddin Shahwani · CC BY 3.0 · Wikimedia Commons),N
https://pub-aeb94e100e5a48f4a133be5bf206aecb.r2.dev/religious-studies-edexcel/paper-1-catholic-christianity/lesson-01-hero.jpg,r2,,,,photo,1,religious-studies-edexcel,"The Trinity, Creation and Human Nature",,Photo via Unsplash,(needs description) (Photo via Unsplash),N
https://pub-aeb94e100e5a48f4a133be5bf206aecb.r2.dev/religious-studies-edexcel/paper-1-christianity/lesson-01-hero.jpg,r2,,,,photo,1,religious-studies-edexcel,"The Trinity, Creation and the Incarnation",,Photo via Unsplash,(needs description) (Photo via Unsplash),N
https://images.unsplash.com/photo-1553087736-082b8e98d551,unsplash,,,,photo,1,religious-studies-eduqas,"Authority, Equality and Sikh Festivals",,Photo via Unsplash,(needs description) (Photo via Unsplash),N
https://images.unsplash.com/photo-1669006952441-70cafab75b89,unsplash,,,,photo,1,religious-studies-eduqas,Beliefs about Death and the Afterlife,,Photo via Unsplash,(needs description) (Photo via Unsplash),N
https://pub-aeb94e100e5a48f4a133be5bf206aecb.r2.dev/religious-studies-eduqas/hinduism/lesson-01-hero.jpg,r2,,,,photo,1,religious-studies-eduqas,"Brahman, Atman and the Hindu Gods",,Photo via Unsplash,(needs description) (Photo via Unsplash),N
https://images.unsplash.com/photo-1586015530974-66bba8e530ae,unsplash,,,,photo,1,religious-studies-eduqas,"Catholic Beliefs about God, Creation and Jesus",,Photo via Unsplash,(needs description) (Photo via Unsplash),N
https://pub-aeb94e100e5a48f4a133be5bf206aecb.r2.dev/history-edexcel/early-elizabethan-england/lesson-03-hero.jpg,r2,,,,photo,1,religious-studies-eduqas,Catholic Morality and the Mass,,Photo via Unsplash,(needs description) (Photo via Unsplash),N
https://pub-aeb94e100e5a48f4a133be5bf206aecb.r2.dev/religious-studies-eduqas/catholic-applied-life-and-death/lesson-01-hero.jpg,r2,,,,photo,1,religious-studies-eduqas,"Catholic Teaching on Death, the Afterlife and Eschatology",,Photo via Unsplash,(needs description) (Photo via Unsplash),N
https://upload.wikimedia.org/wikipedia/commons/0/0a/WWJD-Armband.jpg,wikimedia,CC BY-SA 3.0,SHARE-ALIKE,de:Benutzer:MarkusHagenlocher,photo,1,religious-studies-eduqas,"Christian Morality, the Church and Worship",,Photo by de:Benutzer:MarkusHagenlocher · CC BY-SA 3.0 · Wikimedia Commons,(needs description) (Photo by de:Benutzer:MarkusHagenlocher · CC BY-SA 3.0 · Wikimedia Commons),N
https://images.unsplash.com/photo-1753362932174-96a4c91429b6,unsplash,,,,photo,1,religious-studies-eduqas,"Creation, Evolution and the Sanctity of Human Life",,Photo via Unsplash,(needs description) (Photo via Unsplash),N
https://images.unsplash.com/photo-1609156658518-ebc2493b3af2,unsplash,,,,photo,1,religious-studies-eduqas,"Crime, Punishment and the Aims of Justice",,Photo via Unsplash,(needs description) (Photo via Unsplash),N
https://upload.wikimedia.org/wikipedia/commons/e/e3/Buddhist_offering_table_with_fruits_meat_rice_confectionery_flowers_and_candles_at_Bangkok_City_Pillar_Shrine_Thailand.jpg,wikimedia,CC BY-SA 4.0,SHARE-ALIKE,Basile Morin,photo,1,religious-studies-eduqas,"Ethical Behaviour, Festivals and Sangha Practice",,Photo by Basile Morin · CC BY-SA 4.0 · Wikimedia Commons,(needs description) (Photo by Basile Morin · CC BY-SA 4.0 · Wikimedia Commons),N
https://images.unsplash.com/photo-1629753908080-e8551ac57b8d,unsplash,,,,photo,3,religious-studies-eduqas,Evaluating Human Rights and Final Exam Skills,,Photo via Unsplash,(needs description) (Photo via Unsplash),N
https://images.unsplash.com/photo-1600075012737-2a2ffd7c1156,unsplash,,,,photo,1,religious-studies-eduqas,"Forgiveness, Pacifism and Conscientious Objection",,Photo via Unsplash,(needs description) (Photo via Unsplash),N
https://images.unsplash.com/photo-1647102460267-09593bca8daf,unsplash,,,,photo,1,religious-studies-eduqas,Funeral Rites and Evaluating Life and Death,,Photo via Unsplash,(needs description) (Photo via Unsplash),N
https://upload.wikimedia.org/wikipedia/commons/1/1a/WomanFactory1940s.jpg,wikimedia,Public domain,FREE,Howard R. Hollem,photo,1,religious-studies-eduqas,Gender Equality and the Roles of Women and Men,,Photo by Howard R. Hollem · public domain · Wikimedia Commons,(needs description) (Photo by Howard R. Hollem · public domain · Wikimedia Commons),N
https://pub-aeb94e100e5a48f4a133be5bf206aecb.r2.dev/religious-studies-eduqas/christianity/lesson-02-hero.jpg,r2,,,,photo,1,religious-studies-eduqas,"Jesus as God Incarnate, Salvation and the Resurrection",,Photo via Unsplash,(needs description) (Photo via Unsplash),N
https://upload.wikimedia.org/wikipedia/commons/6/65/Tempel_%28Progressive%29_Synagogue%2C_Torah_ark_%28Aron_ha-Kodesh%29%2C_24_Miodowa_Street%2C_Kazimierz%2C_Krak%C3%B3w%2C_Poland.jpg,wikimedia,CC BY-SA 4.0,SHARE-ALIKE,Jeremiah Z. Cockroach,photo,1,religious-studies-eduqas,Jewish Beliefs about God and Sacred Place,,Photo by Jeremiah Z. Cockroach · CC BY-SA 4.0 · Wikimedia Commons,(needs description) (Photo by Jeremiah Z. Cockroach · CC BY-SA 4.0 · Wikimedia Commons),N
https://images.unsplash.com/photo-1643991794467-140d0d233546,unsplash,,,,photo,1,religious-studies-eduqas,"Jewish Festivals: Pesach, Rosh Hashanah and Yom Kippur",,Photo via Unsplash,(needs description) (Photo via Unsplash),N
https://images.unsplash.com/photo-1501013272247-a608485997d9,unsplash,,,,photo,1,religious-studies-eduqas,"Karma, Reincarnation, Varna and Hindu Festivals",,Photo via Unsplash,(needs description) (Photo via Unsplash),N
https://images.unsplash.com/photo-1730148907603-64dfcb00c49b,unsplash,,,,photo,1,religious-studies-eduqas,Loving and Serving: Catholic Social Teaching in Britain,,Photo via Unsplash,(needs description) (Photo via Unsplash),N
https://upload.wikimedia.org/wikipedia/commons/2/28/Meditation_yoga_in_Hinduism_Buddhism_Jainism.jpg,wikimedia,CC BY 2.0,ATTRIB-REQUIRED,"Balint Földesi from Hamburg, Germany",photo,1,religious-studies-eduqas,"Meditation, the Three Marks and the Three Jewels",,"Photo by Balint Földesi from Hamburg, Germany · CC BY 2.0 · Wikimedia Commons","(needs description) (Photo by Balint Földesi from Hamburg, Germany · CC BY 2.0 · Wikimedia Commons)",N
https://pub-aeb94e100e5a48f4a133be5bf206aecb.r2.dev/religious-studies-eduqas/sikhism/lesson-01-hero.jpg,r2,,,,photo,1,religious-studies-eduqas,"One God, the Gurus and Sikh Beliefs about Humanity",,Photo via Unsplash,(needs description) (Photo via Unsplash),N
https://pub-aeb94e100e5a48f4a133be5bf206aecb.r2.dev/religious-studies-eduqas/catholic-applied-life-and-death/lesson-03-hero.jpg,r2,,,,photo,1,religious-studies-eduqas,Prayer and Masses for the Dead,,Photo via Unsplash,(needs description) (Photo via Unsplash),N
https://pub-aeb94e100e5a48f4a133be5bf206aecb.r2.dev/religious-studies-eduqas/islam/lesson-03-hero.jpg,r2,,,,photo,1,religious-studies-eduqas,"Prophethood, Akhirah and Muslim Identity",,Photo via Unsplash,(needs description) (Photo via Unsplash),N
https://images.unsplash.com/photo-1599831069477-b2acdc0bcb91,unsplash,,,,photo,1,religious-studies-eduqas,"Puja, Pilgrimage and Hindu Rites of Passage",,Photo via Unsplash,(needs description) (Photo via Unsplash),N
https://images.unsplash.com/photo-1616947219290-8034a67f8644,unsplash,,,,photo,1,religious-studies-eduqas,"Redemption, the Church and the Mystery of Salvation",,Photo via Unsplash,(needs description) (Photo via Unsplash),N
https://pub-aeb94e100e5a48f4a133be5bf206aecb.r2.dev/religious-studies-eduqas/catholic-christianity/lesson-05-hero.jpg,r2,,,,photo,1,religious-studies-eduqas,Religious Life and Catholic Forms of Expression,,Photo via Unsplash,(needs description) (Photo via Unsplash),N
https://images.unsplash.com/photo-1563568936788-940fcca87711,unsplash,,,,photo,1,religious-studies-eduqas,"Sacraments, Mission and Evangelisation in Britain",,Photo via Unsplash,(needs description) (Photo via Unsplash),N
https://pub-aeb94e100e5a48f4a133be5bf206aecb.r2.dev/religious-studies-eduqas/judaism/lesson-03-hero.jpg,r2,,,,photo,1,religious-studies-eduqas,"Sacred Texts, the Covenant and Jewish Identity",,Photo via Unsplash,(needs description) (Photo via Unsplash),N
https://upload.wikimedia.org/wikipedia/commons/6/60/Same-sex_marriage_symbols.jpg,wikimedia,CC BY 2.0,ATTRIB-REQUIRED,** RCB **,photo,1,religious-studies-eduqas,Same-Sex Relationships,,Photo by ** RCB ** · CC BY 2.0 · Wikimedia Commons,(needs description) (Photo by ** RCB ** · CC BY 2.0 · Wikimedia Commons),N
https://images.unsplash.com/photo-1628756241510-4232ef76a8ba,unsplash,,,,photo,1,religious-studies-eduqas,"Scripture, Sacred Art and Catholic Symbolism",,Photo via Unsplash,(needs description) (Photo via Unsplash),N
https://pub-aeb94e100e5a48f4a133be5bf206aecb.r2.dev/religious-studies-eduqas/catholic-foundational-good-and-evil/lesson-03-hero.jpg,r2,,,,photo,1,religious-studies-eduqas,"Sculpture, Statuary and Popular Catholic Devotion",,Photo via Unsplash,(needs description) (Photo via Unsplash),N
https://pub-aeb94e100e5a48f4a133be5bf206aecb.r2.dev/religious-studies-eduqas/theme-relationships/lesson-02-hero.jpg,r2,,,,photo,1,religious-studies-eduqas,Sexual Ethics and Contraception,,Photo via Unsplash,(needs description) (Photo via Unsplash),N
https://images.unsplash.com/photo-1702999147494-bda1cfd14bd9,unsplash,,,,photo,1,religious-studies-eduqas,"The Bible, Sacraments and Pilgrimage",,Photo via Unsplash,(needs description) (Photo via Unsplash),N
https://images.unsplash.com/photo-1696527014333-d559315ddc9c,unsplash,,,,photo,1,religious-studies-eduqas,The Buddha and the Four Noble Truths,,Photo via Unsplash,(needs description) (Photo via Unsplash),N
https://images.unsplash.com/photo-1640972930340-a685d43562a0,unsplash,,,,photo,1,religious-studies-eduqas,"The Catholic Church, the Pope and Veneration of Mary",,Photo via Unsplash,(needs description) (Photo via Unsplash),N
https://upload.wikimedia.org/wikipedia/commons/1/10/United_Nations_Event_on_Religious_Freedom_%2848783239463%29.jpg,wikimedia,Public domain,FREE,U.S. Department of State from United States,photo,1,religious-studies-eduqas,The Dignity of Human Life and Religious Freedom,,Photo by U.S. Department of State from United States · public domain · Wikimedia Commons,(needs description) (Photo by U.S. Department of State from United States · public domain · Wikimedia Commons),N
https://images.unsplash.com/photo-1669916020486-d90d0621c312,unsplash,,,,photo,1,religious-studies-eduqas,The Five Pillars of Sunni Islam,,Photo via Unsplash,(needs description) (Photo via Unsplash),N
https://images.unsplash.com/photo-1654223567665-95cc735d35ae,unsplash,,,,photo,1,religious-studies-eduqas,The Liturgical Year and Catholic Sacraments,,Photo via Unsplash,(needs description) (Photo via Unsplash),N
https://images.unsplash.com/photo-1741037044500-15d2f4d4e847,unsplash,,,,photo,1,religious-studies-eduqas,"The Magisterium, Sacred Art and Catholic Funeral Rites",,Photo via Unsplash,(needs description) (Photo via Unsplash),N
https://pub-aeb94e100e5a48f4a133be5bf206aecb.r2.dev/religious-studies-eduqas/theme-relationships/lesson-01-hero.jpg,r2,,,,photo,1,religious-studies-eduqas,The Nature and Purpose of Marriage,,Photo via Unsplash,(needs description) (Photo via Unsplash),N
https://images.unsplash.com/photo-1590720478291-aaabf8d53c49,unsplash,,,,photo,1,religious-studies-eduqas,"The Nature of Allah, Tawhid and the Qur'an",,Photo via Unsplash,(needs description) (Photo via Unsplash),N
https://images.unsplash.com/photo-1676200259384-b2900d8478a3,unsplash,,,,photo,1,religious-studies-eduqas,The Nature of God and the Trinity,,Photo via Unsplash,(needs description) (Photo via Unsplash),N
https://images.unsplash.com/photo-1493836512294-502baa1986e2,unsplash,,,,photo,1,religious-studies-eduqas,The Origin of Evil and Suffering,,Photo via Unsplash,(needs description) (Photo via Unsplash),N
https://images.unsplash.com/photo-1743609076765-a4f7a707a326,unsplash,,,,photo,1,religious-studies-eduqas,The Origin of Evil and the Problem of Suffering,,Photo via Unsplash,(needs description) (Photo via Unsplash),N
https://images.unsplash.com/photo-1444703686981-a3abbc4d4fe3,unsplash,,,,photo,2,religious-studies-eduqas,The Origin of the Universe and Stewardship,,Photo via Unsplash,(needs description) (Photo via Unsplash),N
https://images.unsplash.com/photo-1685657814797-83706c4e5279,unsplash,,,,photo,1,religious-studies-eduqas,"The Sanctity of Life, Abortion and Euthanasia",,Photo via Unsplash,(needs description) (Photo via Unsplash),N
https://pub-aeb94e100e5a48f4a133be5bf206aecb.r2.dev/religious-studies-eduqas/catholic-foundational-good-and-evil/lesson-02-hero.jpg,r2,,,,photo,1,religious-studies-eduqas,"The Trinity, the Incarnation and Jesus as Moral Authority",,Photo via Unsplash,(needs description) (Photo via Unsplash),N
https://pub-aeb94e100e5a48f4a133be5bf206aecb.r2.dev/religious-studies-eduqas/theme-human-rights/lesson-03-hero.jpg,r2,,,,photo,1,religious-studies-eduqas,"Wealth, Poverty and the Work of Faith Charities",,Photo via Unsplash,(needs description) (Photo via Unsplash),N
https://images.unsplash.com/photo-1519681393784-d120267933ba,unsplash,,,,photo,1,religious-studies-ocr,Arguments for the Existence of God,,Photo via Unsplash,(needs description) (Photo via Unsplash),N
https://upload.wikimedia.org/wikipedia/commons/5/51/Matsue_colorful_obon_lanterns.jpg,wikimedia,CC BY-SA 3.0,SHARE-ALIKE,Wikitravel Shared user JamesAlexanderJack,photo,1,religious-studies-ocr,Attitudes to Death and Mourning,,Photo by Wikitravel Shared user JamesAlexanderJack · CC BY-SA 3.0 · Wikimedia Commons,(needs description) (Photo by Wikitravel Shared user JamesAlexanderJack · CC BY-SA 3.0 · Wikimedia Commons),N
https://upload.wikimedia.org/wikipedia/commons/c/c8/Official_portrait_of_The_Lord_Bishop_of_London_crop_1.jpg,wikimedia,CC BY 3.0,ATTRIB-REQUIRED,Roger Harris,photo,1,religious-studies-ocr,Challenges for Religion in a Secular Society,,Photo by Roger Harris · CC BY 3.0 · Wikimedia Commons,(needs description) (Photo by Roger Harris · CC BY 3.0 · Wikimedia Commons),N
https://images.unsplash.com/photo-1693590614566-1d3ea9ef32f7,unsplash,,,,photo,1,religious-studies-ocr,Core Beliefs: Six Articles and the Five Roots,,Photo via Unsplash,(needs description) (Photo via Unsplash),N
https://images.unsplash.com/photo-1743341492371-8e0bdfaa4a58,unsplash,,,,photo,1,religious-studies-ocr,Creation and the Problem of Evil,,Photo via Unsplash,(needs description) (Photo via Unsplash),N
https://upload.wikimedia.org/wikipedia/commons/5/55/UN-first-international-interfaith-conference.jpg,wikimedia,CC BY-SA 3.0,SHARE-ALIKE,Sri Chinmoy.org,photo,1,religious-studies-ocr,Dialogue Within and Between Religious Groups,,Photo by Sri Chinmoy.org · CC BY-SA 3.0 · Wikimedia Commons,(needs description) (Photo by Sri Chinmoy.org · CC BY-SA 3.0 · Wikimedia Commons),N
https://upload.wikimedia.org/wikipedia/commons/8/86/John_Lennox_and_Christopher_Hitchens_debating.jpg,wikimedia,CC BY-SA 2.0,SHARE-ALIKE,"stepher from i can't believe i actually live here, alabama",photo,1,religious-studies-ocr,Dialogue with Non-Religious Worldviews,,"Photo by stepher from i can't believe i actually live here, alabama · CC BY-SA 2.0 · Wikimedia Commons","(needs description) (Photo by stepher from i can't believe i actually live here, alabama · CC BY-SA 2.0 · Wikimedia Commons)",N
https://images.unsplash.com/photo-1592823549535-53c18393f1c9,unsplash,,,,photo,1,religious-studies-ocr,Dietary Laws and Rites of Passage,,Photo via Unsplash,(needs description) (Photo via Unsplash),N
https://images.unsplash.com/photo-1711991812224-78eab2a3ee0d,unsplash,,,,photo,1,religious-studies-ocr,Divorce and the Roles of Men and Women,,Photo via Unsplash,(needs description) (Photo via Unsplash),N
https://images.unsplash.com/photo-1485113771930-4e8b61c60d64,unsplash,,,,photo,1,religious-studies-ocr,Equality and Gender in Society,,Photo via Unsplash,(needs description) (Photo via Unsplash),N
https://upload.wikimedia.org/wikipedia/commons/3/39/Doom_painting%2C_St_Thomas%27s_church_-_geograph.org.uk_-_8141542.jpg,wikimedia,CC BY-SA 2.0,SHARE-ALIKE,Philip Halling,photo,1,religious-studies-ocr,"Eschatological Beliefs: Death, Judgement and the Afterlife",,Photo by Philip Halling · CC BY-SA 2.0 · Wikimedia Commons,(needs description) (Photo by Philip Halling · CC BY-SA 2.0 · Wikimedia Commons),N
https://images.unsplash.com/photo-1772131669822-eb492f82303e,unsplash,,,,photo,1,religious-studies-ocr,Experiencing God: Revelation and Miracles,,Photo via Unsplash,(needs description) (Photo via Unsplash),N
https://images.unsplash.com/photo-1577083753695-e010191bacb5,unsplash,,,,photo,2,religious-studies-ocr,Festivals and Ethical Concerns,,Photo via Unsplash,(needs description) (Photo via Unsplash),N
https://images.unsplash.com/photo-1638866411419-1d243f34d6cd,unsplash,,,,photo,1,religious-studies-ocr,"Forgiveness, Reconciliation and Justice",,Photo via Unsplash,(needs description) (Photo via Unsplash),N
https://images.unsplash.com/photo-1558868540-3b5e8ca26dc2,unsplash,,,,photo,1,religious-studies-ocr,"Human Personality, Destiny and Ethics",,Photo via Unsplash,(needs description) (Photo via Unsplash),N
https://images.unsplash.com/photo-1592818868295-f527dbac420d,unsplash,,,,photo,1,religious-studies-ocr,"Jesus Christ: Incarnation, the Cross and Salvation",,Photo via Unsplash,(needs description) (Photo via Unsplash),N
https://pub-aeb94e100e5a48f4a133be5bf206aecb.r2.dev/religious-studies-edexcel/paper-3-philosophy-ethics-catholic/lesson-04-hero.jpg,r2,,,,photo,2,religious-studies-ocr,"Marriage, the Family and Sexuality",,Photo via Unsplash,(needs description) (Photo via Unsplash),N
https://images.unsplash.com/photo-1744479534061-436c4f2f2ad0,unsplash,,,,photo,1,religious-studies-ocr,"Mission, Evangelism, Ecumenism and the Persecuted Church",,Photo via Unsplash,(needs description) (Photo via Unsplash),N
https://images.unsplash.com/photo-1535903021127-d50417eae4a3,unsplash,,,,photo,1,religious-studies-ocr,Peace and Peacemaking,,Photo via Unsplash,(needs description) (Photo via Unsplash),N
https://upload.wikimedia.org/wikipedia/commons/5/50/Pilgrims_kneeling_before_shrine_of_our_Lady_of_Lourdes._Wellcome_M0005451.jpg,wikimedia,CC BY 4.0,ATTRIB-REQUIRED,unknown artist,photo,2,religious-studies-ocr,"Pilgrimage, Festivals and the Local Church Community",,Photo by unknown artist · CC BY 4.0 · Wikimedia Commons,(needs description) (Photo by unknown artist · CC BY 4.0 · Wikimedia Commons),N
https://images.unsplash.com/photo-1616422840391-fa670d4b2ae7,unsplash,,,,photo,1,religious-studies-ocr,Predestination and Life After Death (Akhirah),,Photo via Unsplash,(needs description) (Photo via Unsplash),N
https://images.unsplash.com/photo-1597505495109-7fc35bb64d8e,unsplash,,,,photo,1,religious-studies-ocr,"Prophethood, Holy Books and Angels",,Photo via Unsplash,(needs description) (Photo via Unsplash),N
https://images.unsplash.com/photo-1561212856-44e9bae482aa,unsplash,,,,photo,1,religious-studies-ocr,Sanctity of Life and the Afterlife,,Photo via Unsplash,(needs description) (Photo via Unsplash),N
https://images.unsplash.com/photo-1612375411938-6be39138a883,unsplash,,,,photo,3,religious-studies-ocr,Shabbat and Festivals,,Photo via Unsplash,(needs description) (Photo via Unsplash),N
https://images.unsplash.com/photo-1529485726363-95c8d62f656f,unsplash,,,,photo,2,religious-studies-ocr,The Buddha and the Dhamma,,Photo via Unsplash,(needs description) (Photo via Unsplash),N
https://upload.wikimedia.org/wikipedia/commons/a/a3/Westen_%28Wailing%29_Wall%2C_Jerusalem%2C_2007.jpg,wikimedia,CC BY-SA 4.0,SHARE-ALIKE,Godot13,photo,1,religious-studies-ocr,The Covenants and the Messiah,,Photo by Godot13 · CC BY-SA 4.0 · Wikimedia Commons,(needs description) (Photo by Godot13 · CC BY-SA 4.0 · Wikimedia Commons),N
https://images.unsplash.com/photo-1614836577922-dcada134ab17,unsplash,,,,photo,1,religious-studies-ocr,"The Divine: Brahman, the Deities and the Avatars",,Photo via Unsplash,(needs description) (Photo via Unsplash),N
https://images.unsplash.com/photo-1582510003544-4d00b7f74220,unsplash,,,,photo,1,religious-studies-ocr,"The Eternal Self, Samsara and Karma",,Photo via Unsplash,(needs description) (Photo via Unsplash),N
https://images.unsplash.com/photo-1599057211363-58c57250dcae,unsplash,,,,photo,1,religious-studies-ocr,The First and Second Noble Truths,,Photo via Unsplash,(needs description) (Photo via Unsplash),N
https://images.unsplash.com/photo-1575751639353-e292e76daca3,unsplash,,,,photo,2,religious-studies-ocr,"The Five Pillars, the Ten Obligatory Acts and Worship",,Photo via Unsplash,(needs description) (Photo via Unsplash),N
https://images.unsplash.com/photo-1509603148757-f2a393f18afa,unsplash,,,,photo,1,religious-studies-ocr,"The Four Aims of Life, Dharma and Human Concerns",,Photo via Unsplash,(needs description) (Photo via Unsplash),N
https://upload.wikimedia.org/wikipedia/commons/b/b0/Casale_Monferrato_-_Synagogue_-Sefer_Torah.jpg,wikimedia,CC BY-SA 3.0,SHARE-ALIKE,FLLL,photo,1,religious-studies-ocr,The Mitzvot and Key Moral Principles,,Photo by FLLL · CC BY-SA 3.0 · Wikimedia Commons,(needs description) (Photo by FLLL · CC BY-SA 3.0 · Wikimedia Commons),N
https://images.unsplash.com/photo-1676928117296-66bc2882ec6a,unsplash,,,,photo,1,religious-studies-ocr,The Nature of Allah,,Photo via Unsplash,(needs description) (Photo via Unsplash),N
https://upload.wikimedia.org/wikipedia/commons/c/ca/Torah_scroll_writing.jpg,wikimedia,CC BY-SA 3.0,SHARE-ALIKE,Liran1977,photo,1,religious-studies-ocr,The Nature of G-d and the Divine Presence,,Photo by Liran1977 · CC BY-SA 3.0 · Wikimedia Commons,(needs description) (Photo by Liran1977 · CC BY-SA 3.0 · Wikimedia Commons),N
https://images.unsplash.com/photo-1506955528982-3997f7841055,unsplash,,,,photo,1,religious-studies-ocr,The Nature of God and the Trinity,,Photo via Unsplash,(needs description) (Photo via Unsplash),N
https://images.unsplash.com/photo-1524443169398-9aa1ceab67d5,unsplash,,,,photo,1,religious-studies-ocr,The Nature of Reality and Cosmology,,Photo via Unsplash,(needs description) (Photo via Unsplash),N
https://images.unsplash.com/photo-1699637924989-d52e2b18f757,unsplash,,,,photo,1,religious-studies-ocr,The Sangha and Festivals,,Photo via Unsplash,(needs description) (Photo via Unsplash),N
https://images.unsplash.com/photo-1522582451902-3545817f6046,unsplash,,,,photo,1,religious-studies-ocr,The Third and Fourth Noble Truths,,Photo via Unsplash,(needs description) (Photo via Unsplash),N
https://upload.wikimedia.org/wikipedia/commons/5/5e/Triumf_of_Thomas_Aquinas%2C_fresco_224157.jpg,wikimedia,CC BY-SA 4.0,SHARE-ALIKE,Zde,photo,1,religious-studies-ocr,"Violence, War and Just War Theory",,Photo by Zde · CC BY-SA 4.0 · Wikimedia Commons,(needs description) (Photo by Zde · CC BY-SA 4.0 · Wikimedia Commons),N
https://upload.wikimedia.org/wikipedia/commons/5/5a/Devotees_praying_at_KapaleeshwararTemple%2C_Chennai._2010.jpg,wikimedia,CC BY-SA 4.0,SHARE-ALIKE,John Hill,photo,1,religious-studies-ocr,Ways of Living: The Four Margas,,Photo by John Hill · CC BY-SA 4.0 · Wikimedia Commons,(needs description) (Photo by John Hill · CC BY-SA 4.0 · Wikimedia Commons),N
https://images.unsplash.com/photo-1781622396925-c970654a91c3,unsplash,,,,photo,1,religious-studies-ocr,"Worship, Meditation and Sacred Places",,Photo via Unsplash,(needs description) (Photo via Unsplash),N
https://images.unsplash.com/photo-1549575483-5ed15f0353b7,unsplash,,,,photo,2,religious-studies-ocr,"Worship, Prayer and the Law",,Photo via Unsplash,(needs description) (Photo via Unsplash),N
https://images.unsplash.com/photo-1699830506478-af7b3f5e6cc9,unsplash,,,,photo,1,religious-studies-ocr,"Worship, Sacraments and Prayer",,Photo via Unsplash,(needs description) (Photo via Unsplash),N
https://images.unsplash.com/photo-1571536802807-30451e3955d8,unsplash,,,,photo,2,religious-studies-ocr,"Worship, Sacred Places and Pilgrimage",,Photo via Unsplash,(needs description) (Photo via Unsplash),N
https://images.unsplash.com/photo-1767486366904-ebbfaaefb2ff,unsplash,,,,photo,5,science,Cell Structure and Microscopy,,Photo via Unsplash,(needs description) (Photo via Unsplash),N
https://images.unsplash.com/photo-1631557677599-ee5fe0b3440b,unsplash,,,,photo,3,science,Culturing Microorganisms and Plant Disease,,Photo via Unsplash,(needs description) (Photo via Unsplash),N
https://images.unsplash.com/photo-1645805740371-614b96f60682,unsplash,,,,photo,2,science,"Decomposition, Food Security and Biotechnology",,Photo via Unsplash,(needs description) (Photo via Unsplash),N
https://pub-aeb94e100e5a48f4a133be5bf206aecb.r2.dev/science/physics-paper-1/lesson-05-hero.jpg,r2,,,,photo,7,science,"Domestic Electricity, Power and the National Grid",,Photo via Unsplash,(needs description) (Photo via Unsplash),N
https://upload.wikimedia.org/wikipedia/commons/f/f4/Philips_N4422_-_power_supply_transformer-2098.jpg,wikimedia,CC BY-SA 4.0,SHARE-ALIKE,Raimond Spekking,photo,3,science,Electromagnetic Induction and Transformers,,Photo by Raimond Spekking · CC BY-SA 4.0 · Wikimedia Commons,(needs description) (Photo by Raimond Spekking · CC BY-SA 4.0 · Wikimedia Commons),N
https://images.unsplash.com/photo-1562411403-f583472c8e87,unsplash,,,,photo,3,science,Gas Pressure and Pressure in Fluids,,Photo via Unsplash,(needs description) (Photo via Unsplash),N
https://images.unsplash.com/photo-1580982172599-18d332f3528f,unsplash,,,,photo,3,science,Genetic Engineering and Ecology,,Photo via Unsplash,(needs description) (Photo via Unsplash),N
https://images.unsplash.com/photo-1719813229955-3bf7dbd4c0b7,unsplash,,,,photo,3,science,"Health, Non-Communicable Diseases and Plant Tissues",,Photo via Unsplash,(needs description) (Photo via Unsplash),N
https://images.unsplash.com/photo-1576065435202-e0a7979b93e3,unsplash,,,,photo,3,science,Hormones in Reproduction and Contraception,,Photo via Unsplash,(needs description) (Photo via Unsplash),N
https://images.unsplash.com/photo-1545424273-4dd93a233016,unsplash,,,,photo,3,science,"Lenses, Visible Light and Black Body Radiation",,Photo via Unsplash,(needs description) (Photo via Unsplash),N
https://pub-aeb94e100e5a48f4a133be5bf206aecb.r2.dev/science/physics-paper-2/lesson-08-hero.jpg,r2,,,,photo,5,science,"Magnets, Electromagnetism and the Motor Effect",,Photo via Unsplash,(needs description) (Photo via Unsplash),N
https://images.unsplash.com/photo-1531431221349-4a0b92bb795b,unsplash,,,,photo,4,science,"Materials, Corrosion, Haber Process and Fertilisers",,Photo via Unsplash,(needs description) (Photo via Unsplash),N
https://images.unsplash.com/photo-1657873961503-89a65459de2b,unsplash,,,,photo,2,science,"Moments, Levers, Gears and Momentum Changes",,Photo via Unsplash,(needs description) (Photo via Unsplash),N
https://pub-aeb94e100e5a48f4a133be5bf206aecb.r2.dev/separate-sciences/biology-separate/lesson-02-hero.jpg,r2,,,,photo,2,science,Monoclonal Antibodies,,Photo via Unsplash,(needs description) (Photo via Unsplash),N
https://pub-aeb94e100e5a48f4a133be5bf206aecb.r2.dev/separate-sciences/physics-separate/lesson-03-hero.jpg,r2,,,,photo,3,science,"Nuclear Radiation: Uses, Fission and Fusion",,Photo via Unsplash,(needs description) (Photo via Unsplash),N
https://pub-aeb94e100e5a48f4a133be5bf206aecb.r2.dev/science/biology-paper-1/lesson-08-hero.jpg,r2,,,,photo,3,science,Photosynthesis and Respiration,,Photo via Unsplash,(needs description) (Photo via Unsplash),N
https://pub-aeb94e100e5a48f4a133be5bf206aecb.r2.dev/separate-sciences/chemistry-separate/lesson-05-hero.jpg,r2,,,,photo,2,science,"Polymers: Addition, Condensation and Natural",,Photo via Unsplash,(needs description) (Photo via Unsplash),N
https://images.unsplash.com/photo-1725404343886-a111bc5555c1,unsplash,,,,photo,4,science,"Quantitative Chemistry: Mass, Moles and Concentrations",,Photo via Unsplash,(needs description) (Photo via Unsplash),N
https://pub-aeb94e100e5a48f4a133be5bf206aecb.r2.dev/separate-sciences/physics-separate/lesson-05-hero.jpg,r2,,,,photo,2,science,"Reflection, Sound Waves and Waves for Detection",,Photo via Unsplash,(needs description) (Photo via Unsplash),N
https://pub-aeb94e100e5a48f4a133be5bf206aecb.r2.dev/science/biology-paper-2/lesson-04-hero.jpg,r2,,,,photo,3,science,"Reproduction, Meiosis and DNA",,Photo via Unsplash,(needs description) (Photo via Unsplash),N
https://pub-aeb94e100e5a48f4a133be5bf206aecb.r2.dev/science/chemistry-paper-2/lesson-02-hero.jpg,r2,,,,photo,4,science,Reversible Reactions and Equilibrium,,Photo via Unsplash,(needs description) (Photo via Unsplash),N
https://images.unsplash.com/photo-1649622494972-2b9903a61c0b,unsplash,,,,photo,9,science,Series and Parallel Circuits,,Photo via Unsplash,(needs description) (Photo via Unsplash),N
https://upload.wikimedia.org/wikipedia/commons/7/7e/Tarantula_Nebula_by_JWST.jpg,wikimedia,Public domain,FREE,"NASA, ESA, CSA, STScI, Webb ERO Production Team",photo,3,science,Space Physics: The Solar System and Beyond,,"Photo by NASA, ESA, CSA, STScI, Webb ERO Production Team · public domain · Wikimedia Commons","(needs description) (Photo by NASA, ESA, CSA, STScI, Webb ERO Production Team · public domain · Wikimedia Commons)",N
https://pub-aeb94e100e5a48f4a133be5bf206aecb.r2.dev/separate-sciences/physics-separate/lesson-01-hero.jpg,r2,,,,photo,4,science,Static Electricity and Electric Fields,,Photo via Unsplash,(needs description) (Photo via Unsplash),N
https://images.unsplash.com/photo-1639866496281-573747d7051f,unsplash,,,,photo,4,science,"Structure, Properties and Carbon Allotropes",,Photo via Unsplash,(needs description) (Photo via Unsplash),N
https://images.unsplash.com/photo-1711409645921-ef3db0501f96,unsplash,,,,photo,4,science,"The Brain, the Eye and Temperature Control",,Photo via Unsplash,(needs description) (Photo via Unsplash),N
https://pub-aeb94e100e5a48f4a133be5bf206aecb.r2.dev/science/chemistry-paper-2/lesson-05-hero.jpg,r2,,,,photo,6,science,The Earth's Atmosphere and Greenhouse Effect,,Photo via Unsplash,(needs description) (Photo via Unsplash),N
https://images.unsplash.com/photo-1683711544563-d6a770e30327,unsplash,,,,photo,4,science,The Endocrine System and Blood Glucose Control,,Photo via Unsplash,(needs description) (Photo via Unsplash),N
https://images.unsplash.com/photo-1715527498501-4eb81f7ce451,unsplash,,,,photo,2,science,"The Kidney, Water Balance and Plant Hormones",,Photo via Unsplash,(needs description) (Photo via Unsplash),N
https://pub-aeb94e100e5a48f4a133be5bf206aecb.r2.dev/separate-sciences/chemistry-separate/lesson-03-hero.jpg,r2,,,,photo,2,science,"Titrations, Chemical Cells and Fuel Cells",,Photo via Unsplash,(needs description) (Photo via Unsplash),N
https://pub-aeb94e100e5a48f4a133be5bf206aecb.r2.dev/science/chemistry-paper-2/lesson-07-hero.jpg,r2,,,,photo,4,science,Using Earth's Resources and Sustainability,,Photo via Unsplash,(needs description) (Photo via Unsplash),N
https://upload.wikimedia.org/wikipedia/commons/d/db/Measurement_of_gas_volumes_at_Fixed_Nitrogen_Research_Laboratory_-_DPLA_-_16884306b78162d13e60930cc40823cb.jpg,wikimedia,Public domain,FREE,unknown artist,photo,3,science,"Yield, Atom Economy, Molar Concentrations and Gas Volumes",,Photo by unknown artist · public domain · Wikimedia Commons,(needs description) (Photo by unknown artist · public domain · Wikimedia Commons),N
https://images.unsplash.com/photo-1595500381966-eee2034aae48,unsplash,,,,photo,2,science-aqa,"Alkenes, Alcohols and Carboxylic Acids",,Photo via Unsplash,(needs description) (Photo via Unsplash),N
https://pub-aeb94e100e5a48f4a133be5bf206aecb.r2.dev/science/chemistry-paper-2/lesson-06-hero.jpg,r2,,,,photo,4,science-aqa,Atmospheric Pollutants and Their Effects,,Photo via Unsplash,(needs description) (Photo via Unsplash),N
https://images.unsplash.com/photo-1689530510433-af6393c6e297,unsplash,,,,photo,4,science-aqa,"Ionic, Covalent and Metallic Bonding",,Photo via Unsplash,(needs description) (Photo via Unsplash),N
https://upload.wikimedia.org/wikipedia/commons/2/26/First_row_of_transition_metals.jpg,wikimedia,CC BY-SA 4.0,SHARE-ALIKE,Keresluna,photo,2,science-aqa,Transition Metals and Nanoparticles,,Photo by Keresluna · CC BY-SA 4.0 · Wikimedia Commons,(needs description) (Photo by Keresluna · CC BY-SA 4.0 · Wikimedia Commons),N
https://images.unsplash.com/photo-1605477898560-67a15543c6a9,unsplash,,,,photo,2,science-aqa,Trophic Levels and Transfer of Biomass,,Photo via Unsplash,(needs description) (Photo via Unsplash),N
https://images.unsplash.com/photo-1711003531635-c51e84caf328,unsplash,,,,photo,1,science-edexcel,"Acids, Bases & Making Salts",,Photo via Unsplash,(needs description) (Photo via Unsplash),N
https://images.unsplash.com/photo-1628863353691-0071c8c1874c,unsplash,,,,photo,2,science-edexcel,Atomic Structure & the Periodic Table,,Photo via Unsplash,(needs description) (Photo via Unsplash),N
https://images.unsplash.com/photo-1714844437234-8debef441744,unsplash,,,,photo,2,science-edexcel,Cell Division and Stem Cells,,Photo via Unsplash,(needs description) (Photo via Unsplash),N
https://images.unsplash.com/photo-1709227371446-8e76f75260b8,unsplash,,,,photo,1,science-edexcel,Cell Structure and Microscopy,,Photo via Unsplash,(needs description) (Photo via Unsplash),N
https://images.unsplash.com/photo-1496065187959-7f07b8353c55,unsplash,,,,photo,1,science-edexcel,Changes of State & Internal Energy,,Photo via Unsplash,(needs description) (Photo via Unsplash),N
https://images.unsplash.com/photo-1764504985766-14ea5760a6fa,unsplash,,,,photo,3,science-edexcel,Chemical Analysis & Chromatography,,Photo via Unsplash,(needs description) (Photo via Unsplash),N
https://images.unsplash.com/photo-1632370161597-9c8429934d1b,unsplash,,,,photo,1,science-edexcel,"Combustion, Cracking & Alkenes",,Photo via Unsplash,(needs description) (Photo via Unsplash),N
https://images.unsplash.com/photo-1764185240087-c1922b02fbd3,unsplash,,,,photo,1,science-edexcel,Conservation of Energy & Energy Resources,,Photo via Unsplash,(needs description) (Photo via Unsplash),N
https://upload.wikimedia.org/wikipedia/commons/b/b5/CGKilogram.jpg,wikimedia,CC BY-SA 3.0,SHARE-ALIKE,en:User:Greg L,photo,1,science-edexcel,Conservation of Mass & Moles,,Photo by en:User:Greg L · CC BY-SA 3.0 · Wikimedia Commons,(needs description) (Photo by en:User:Greg L · CC BY-SA 3.0 · Wikimedia Commons),N
https://images.unsplash.com/photo-1664527184272-d804268747b5,unsplash,,,,photo,1,science-edexcel,Covalent Bonding & Molecular Structures,,Photo via Unsplash,(needs description) (Photo via Unsplash),N
https://images.unsplash.com/photo-1723536998172-9805f991916f,unsplash,,,,photo,1,science-edexcel,"Current, Potential Difference & Resistance",,Photo via Unsplash,(needs description) (Photo via Unsplash),N
https://images.unsplash.com/photo-1567665075698-e8e5788d1bea,unsplash,,,,photo,2,science-edexcel,Domestic Uses of Electricity & Power,,Photo via Unsplash,(needs description) (Photo via Unsplash),N
https://images.unsplash.com/photo-1747422220752-fc2f44d098ba,unsplash,,,,photo,1,science-edexcel,Earth’s Atmosphere & Climate Change,,Photo via Unsplash,(needs description) (Photo via Unsplash),N
https://images.unsplash.com/photo-1775145885932-1e2bff3643ad,unsplash,,,,photo,1,science-edexcel,Ecosystems & Biodiversity,,Photo via Unsplash,(needs description) (Photo via Unsplash),N
https://images.unsplash.com/flagged/photo-1560130346-48963a3bca33,unsplash,,,,photo,1,science-edexcel,Electronic Configuration & Trends in the Periodic Table,,Photo via Unsplash,(needs description) (Photo via Unsplash),N
https://images.unsplash.com/photo-1653212883729-d914974111c4,unsplash,,,,photo,1,science-edexcel,Energy Stores & Transfers,,Photo via Unsplash,(needs description) (Photo via Unsplash),N
https://images.unsplash.com/photo-1638258581353-0ab658542e73,unsplash,,,,photo,1,science-edexcel,Enzymes and Transport,,Photo via Unsplash,(needs description) (Photo via Unsplash),N
https://images.unsplash.com/photo-1767472728680-b3d64234956c,unsplash,,,,photo,1,science-edexcel,Evolution and Classification,,Photo via Unsplash,(needs description) (Photo via Unsplash),N
https://images.unsplash.com/photo-1744164361501-d5f142737bda,unsplash,,,,photo,1,science-edexcel,Forces & Matter,,Photo via Unsplash,(needs description) (Photo via Unsplash),N
https://images.unsplash.com/photo-1611784601826-d17011218c7b,unsplash,,,,photo,1,science-edexcel,Forces & Newton’s Laws,,Photo via Unsplash,(needs description) (Photo via Unsplash),N
https://images.unsplash.com/photo-1692607038301-07f744323ede,unsplash,,,,photo,1,science-edexcel,Genetic Engineering,,Photo via Unsplash,(needs description) (Photo via Unsplash),N
https://images.unsplash.com/photo-1582719366950-f23838e207e7,unsplash,,,,photo,3,science-edexcel,Genetics and DNA,,Photo via Unsplash,(needs description) (Photo via Unsplash),N
https://images.unsplash.com/photo-1617881770125-6fb0d039ecde,unsplash,,,,photo,1,science-edexcel,"Health, Disease and Medicines",,Photo via Unsplash,(needs description) (Photo via Unsplash),N
https://images.unsplash.com/photo-1559757175-5700dde675bc,unsplash,,,,photo,2,science-edexcel,Homeostasis & the Nervous System,,Photo via Unsplash,(needs description) (Photo via Unsplash),N
https://images.unsplash.com/photo-1559757175-0828e13882ed,unsplash,,,,photo,1,science-edexcel,Hormonal Coordination & the Endocrine System,,Photo via Unsplash,(needs description) (Photo via Unsplash),N
https://images.unsplash.com/photo-1765958861048-1aa9b46867eb,unsplash,,,,photo,1,science-edexcel,Ionic Bonding & Ionic Compounds,,Photo via Unsplash,(needs description) (Photo via Unsplash),N
https://images.unsplash.com/photo-1770808755755-9936e4982c3e,unsplash,,,,photo,2,science-edexcel,"Light, Reflection & Refraction",,Photo via Unsplash,(needs description) (Photo via Unsplash),N
https://images.unsplash.com/photo-1683363520390-bbe428d9be58,unsplash,,,,photo,1,science-edexcel,Magnetism & Electromagnets,,Photo via Unsplash,(needs description) (Photo via Unsplash),N
https://images.unsplash.com/photo-1769375445440-1279ec302f26,unsplash,,,,photo,1,science-edexcel,Metallic Bonding & Properties of Materials,,Photo via Unsplash,(needs description) (Photo via Unsplash),N
https://images.unsplash.com/photo-1754304342349-ac409efb67c7,unsplash,,,,photo,1,science-edexcel,Momentum & Force-Time Graphs,,Photo via Unsplash,(needs description) (Photo via Unsplash),N
https://images.unsplash.com/photo-1625397394831-30aa13f4a9fb,unsplash,,,,photo,1,science-edexcel,Natural Selection & Classification,,Photo via Unsplash,(needs description) (Photo via Unsplash),N
https://images.unsplash.com/photo-1642922517735-d4482d64212d,unsplash,,,,photo,1,science-edexcel,Particle Model & Density,,Photo via Unsplash,(needs description) (Photo via Unsplash),N
https://upload.wikimedia.org/wikipedia/commons/b/b4/The_Sun_by_the_Atmospheric_Imaging_Assembly_of_NASA%27s_Solar_Dynamics_Observatory_-_20100819.jpg,wikimedia,Public domain,FREE,NASA/SDO (AIA),photo,1,science-edexcel,Particle Model of Matter,,Photo by NASA/SDO (AIA) · public domain · Wikimedia Commons,(needs description) (Photo by NASA/SDO (AIA) · public domain · Wikimedia Commons),N
https://images.unsplash.com/photo-1717501218003-3c89682cfb3b,unsplash,,,,photo,1,science-edexcel,Polymers & Organic Reactions,,Photo via Unsplash,(needs description) (Photo via Unsplash),N
https://images.unsplash.com/photo-1655890954724-b11c86a46ee8,unsplash,,,,photo,1,science-edexcel,Rates of Reaction & Collision Theory,,Photo via Unsplash,(needs description) (Photo via Unsplash),N
https://images.unsplash.com/photo-1575998064976-9df66085cc83,unsplash,,,,photo,1,science-edexcel,Reproduction & Contraception,,Photo via Unsplash,(needs description) (Photo via Unsplash),N
https://images.unsplash.com/photo-1679210208117-d60a2e36d6bb,unsplash,,,,photo,1,science-edexcel,Reversible Reactions & Dynamic Equilibrium,,Photo via Unsplash,(needs description) (Photo via Unsplash),N
https://images.unsplash.com/photo-1546637063-5bb8a30c72cd,unsplash,,,,photo,1,science-edexcel,Series & Parallel Circuits,,Photo via Unsplash,(needs description) (Photo via Unsplash),N
https://images.unsplash.com/photo-1652807128951-ca6204322f6f,unsplash,,,,photo,1,science-edexcel,Static Electricity & Electric Fields,,Photo via Unsplash,(needs description) (Photo via Unsplash),N
https://images.unsplash.com/photo-1692719094491-2746e82a8595,unsplash,,,,photo,1,science-edexcel,The Motor Effect & Electromagnetic Induction,,Photo via Unsplash,(needs description) (Photo via Unsplash),N
https://images.unsplash.com/photo-1762089091400-ed5676d6a281,unsplash,,,,photo,2,science-edexcel,"Trophic Levels, Pyramids & the Carbon Cycle",,Photo via Unsplash,(needs description) (Photo via Unsplash),N
https://images.unsplash.com/photo-1764025390519-1ccc15d719a8,unsplash,,,,photo,1,science-edexcel,Using Resources & Life Cycle Assessment,,Photo via Unsplash,(needs description) (Photo via Unsplash),N
https://images.unsplash.com/photo-1591262184859-dd20d214b52a,unsplash,,,,photo,1,science-edexcel,Variation & Evolution,,Photo via Unsplash,(needs description) (Photo via Unsplash),N
https://images.unsplash.com/photo-1668018193167-570b148406ba,unsplash,,,,photo,1,science-edexcel,"Waves: Properties, Types & the Electromagnetic Spectrum",,Photo via Unsplash,(needs description) (Photo via Unsplash),N
https://images.unsplash.com/photo-1773984024295-7bdc545c54ff,unsplash,,,,photo,1,science-ocr,Bonding,,Photo via Unsplash,(needs description) (Photo via Unsplash),N
https://upload.wikimedia.org/wikipedia/commons/0/04/Bryophyte_Leaf_Cells.jpg,wikimedia,CC BY-SA 4.0,SHARE-ALIKE,KarlGaff,photo,1,science-ocr,Cell Chemistry and Enzymes,,Photo by KarlGaff · CC BY-SA 4.0 · Wikimedia Commons,(needs description) (Photo by KarlGaff · CC BY-SA 4.0 · Wikimedia Commons),N
https://upload.wikimedia.org/wikipedia/commons/6/63/Solid_and_liquid_argon_in_small_graduated_cylinder.jpg,wikimedia,CC BY-SA 3.0,SHARE-ALIKE,No machine-readable author provided. Deglr6328~commonswiki assumed (based on copyright claims).,photo,1,science-ocr,Changes of State and Internal Energy,,Photo by No machine-readable author provided. Deglr6328~commonswiki assumed (based on copyright claims). · CC BY-SA 3.0 · Wikimedia Commons,(needs description) (Photo by No machine-readable author provided. Deglr6328~commonswiki assumed (based on copyright claims). · CC BY-SA 3.0 · Wikimedia Commons),N
https://images.unsplash.com/photo-1562411053-c9ac630a5934,unsplash,,,,photo,3,science-ocr,Chemical Reactions and Equations,,Photo via Unsplash,(needs description) (Photo via Unsplash),N
https://images.unsplash.com/photo-1689012231847-842cbd51e662,unsplash,,,,photo,1,science-ocr,Cycling Materials and Decomposition,,Photo via Unsplash,(needs description) (Photo via Unsplash),N
https://images.unsplash.com/photo-1534996858221-380b92700493,unsplash,,,,photo,1,science-ocr,Earth's Atmosphere and Climate,,Photo via Unsplash,(needs description) (Photo via Unsplash),N
https://images.unsplash.com/photo-1675116731363-c17d957f3444,unsplash,,,,photo,1,science-ocr,Earth's Resources and Sustainability,,Photo via Unsplash,(needs description) (Photo via Unsplash),N
https://pub-aeb94e100e5a48f4a133be5bf206aecb.r2.dev/science/biology-paper-2/lesson-08-hero.jpg,r2,,,,photo,4,science-ocr,Ecosystems,,Photo via Unsplash,(needs description) (Photo via Unsplash),N
https://images.unsplash.com/photo-1723109453405-7adc98d376a7,unsplash,,,,photo,1,science-ocr,Energetics,,Photo via Unsplash,(needs description) (Photo via Unsplash),N
https://pub-aeb94e100e5a48f4a133be5bf206aecb.r2.dev/science/physics-paper-1/lesson-02-hero.jpg,r2,,,,photo,8,science-ocr,Energy Resources and Sustainability,,Photo via Unsplash,(needs description) (Photo via Unsplash),N
https://images.unsplash.com/photo-1613271752699-ede48a285196,unsplash,,,,photo,1,science-ocr,Equilibria,,Photo via Unsplash,(needs description) (Photo via Unsplash),N
https://images.unsplash.com/photo-1717414245286-51496cc79325,unsplash,,,,photo,1,science-ocr,Feeding the Human Race,,Photo via Unsplash,(needs description) (Photo via Unsplash),N
https://upload.wikimedia.org/wikipedia/commons/a/a8/Coil_springs_1_2014-12-14.JPG,wikimedia,CC BY-SA 4.0,SHARE-ALIKE,FASTILY,photo,2,science-ocr,Forces in Action,,Photo by FASTILY · CC BY-SA 4.0 · Wikimedia Commons,(needs description) (Photo by FASTILY · CC BY-SA 4.0 · Wikimedia Commons),N
https://images.unsplash.com/photo-1675015989084-f26c082c3bd3,unsplash,,,,photo,1,science-ocr,Global Challenges in Physics,,Photo via Unsplash,(needs description) (Photo via Unsplash),N
https://images.unsplash.com/photo-1554475901-4538ddfbccc2,unsplash,,,,photo,2,science-ocr,Identifying Substances,,Photo via Unsplash,(needs description) (Photo via Unsplash),N
https://images.unsplash.com/photo-1591273378246-397331fcdc43,unsplash,,,,photo,1,science-ocr,Improving Processes and Products,,Photo via Unsplash,(needs description) (Photo via Unsplash),N
https://images.unsplash.com/photo-1643780668909-580822430155,unsplash,,,,photo,5,science-ocr,Inheritance,,Photo via Unsplash,(needs description) (Photo via Unsplash),N
https://upload.wikimedia.org/wikipedia/commons/c/c0/A_group_of_men_stand_birdwatching.jpg,wikimedia,Public domain,FREE,Ryan Hagerty,photo,1,science-ocr,Monitoring and Maintaining the Environment,,Photo by Ryan Hagerty · public domain · Wikimedia Commons,(needs description) (Photo by Ryan Hagerty · public domain · Wikimedia Commons),N
https://images.unsplash.com/photo-1526797072-6f5b4aec8421,unsplash,,,,photo,2,science-ocr,Photosynthesis,,Photo via Unsplash,(needs description) (Photo via Unsplash),N
https://images.unsplash.com/photo-1603300449700-4f656e570429,unsplash,,,,photo,1,science-ocr,Physics on the Move,,Photo via Unsplash,(needs description) (Photo via Unsplash),N
https://images.unsplash.com/photo-1676285437175-4c271304f343,unsplash,,,,photo,1,science-ocr,Predicting Chemical Reactions — Groups and Trends,,Photo via Unsplash,(needs description) (Photo via Unsplash),N
https://pub-aeb94e100e5a48f4a133be5bf206aecb.r2.dev/science/chemistry-paper-1/lesson-09-hero.jpg,r2,,,,photo,8,science-ocr,Predicting Chemical Reactions — Reactivity,,Photo via Unsplash,(needs description) (Photo via Unsplash),N
https://images.unsplash.com/photo-1758685848561-3658f433e6a0,unsplash,,,,photo,1,science-ocr,Purity and Separating Mixtures,,Photo via Unsplash,(needs description) (Photo via Unsplash),N
https://upload.wikimedia.org/wikipedia/commons/7/71/Static_slide.jpg,wikimedia,CC BY 2.0,ATTRIB-REQUIRED,"Ken Bosma from Green Valley, Arizona, USA",photo,1,science-ocr,Static Charge and Simple Circuits,,"Photo by Ken Bosma from Green Valley, Arizona, USA · CC BY 2.0 · Wikimedia Commons","(needs description) (Photo by Ken Bosma from Green Valley, Arizona, USA · CC BY 2.0 · Wikimedia Commons)",N
https://images.unsplash.com/photo-1626143508000-4b5904e5e84a,unsplash,,,,photo,1,science-ocr,The Electromagnetic Spectrum,,Photo via Unsplash,(needs description) (Photo via Unsplash),N
https://pub-aeb94e100e5a48f4a133be5bf206aecb.r2.dev/science/biology-paper-2/lesson-01-hero.jpg,r2,,,,photo,4,science-ocr,The Nervous System,,Photo via Unsplash,(needs description) (Photo via Unsplash),N
https://images.unsplash.com/photo-1663534346049-b8874aae17ba,unsplash,,,,photo,2,science-ocr,The Particle Model and Density,,Photo via Unsplash,(needs description) (Photo via Unsplash),N
https://images.unsplash.com/photo-1771015138422-819587ae7011,unsplash,,,,photo,1,science-ocr,Types of Chemical Reactions and Electrolysis,,Photo via Unsplash,(needs description) (Photo via Unsplash),N
https://images.unsplash.com/photo-1591200834528-4050ce99fe78,unsplash,,,,photo,1,science-ocr,Uses and Dangers of Radiation,,Photo via Unsplash,(needs description) (Photo via Unsplash),N
https://upload.wikimedia.org/wikipedia/commons/3/3d/Obstacle-ripple-tank.jpg,wikimedia,BSD,OTHER,The original uploader was RenamedUser2 at English Wikipedia.,photo,5,science-ocr,Wave Behaviour,,Photo by The original uploader was RenamedUser2 at English Wikipedia. · BSD · Wikimedia Commons,(needs description) (Photo by The original uploader was RenamedUser2 at English Wikipedia. · BSD · Wikimedia Commons),N
https://images.unsplash.com/photo-1707135720210-eafd5343e093,unsplash,,,,photo,1,science-ocr-b,Atomic Structure and Models Through Time,,Photo via Unsplash,(needs description) (Photo via Unsplash),N
https://images.unsplash.com/photo-1631013636761-c533d81e96a4,unsplash,,,,photo,1,science-ocr-b,Bonding in the Natural Environment,,Photo via Unsplash,(needs description) (Photo via Unsplash),N
https://upload.wikimedia.org/wikipedia/commons/9/9e/Graphen.jpg,wikimedia,CC BY-SA 3.0,SHARE-ALIKE,AlexanderAlUS,photo,1,science-ocr-b,"Bonding, Structure and Why Properties Differ",,Photo by AlexanderAlUS · CC BY-SA 3.0 · Wikimedia Commons,(needs description) (Photo by AlexanderAlUS · CC BY-SA 3.0 · Wikimedia Commons),N
https://upload.wikimedia.org/wikipedia/commons/1/1f/Covalent_and_ionic_bonds.jpg,wikimedia,CC BY-SA 3.0,SHARE-ALIKE,"Robert Lancashire, UWI",photo,1,science-ocr-b,"Bonding: Ionic, Covalent and Metallic",,"Photo by Robert Lancashire, UWI · CC BY-SA 3.0 · Wikimedia Commons","(needs description) (Photo by Robert Lancashire, UWI · CC BY-SA 3.0 · Wikimedia Commons)",N
https://images.unsplash.com/photo-1758685733685-7e0f30c35a17,unsplash,,,,photo,1,science-ocr-b,Chemical Equations and Conservation of Mass,,Photo via Unsplash,(needs description) (Photo via Unsplash),N
https://upload.wikimedia.org/wikipedia/commons/4/40/Ice_core_extracted_at_Talos_Dome_showing_an_ash_layer_corresponding_to_the_Toba_eruption.jpg,wikimedia,CC BY-SA 4.0,SHARE-ALIKE,Dargaud,photo,1,science-ocr-b,Climate Change: Evidence and Causes,,Photo by Dargaud · CC BY-SA 4.0 · Wikimedia Commons,(needs description) (Photo by Dargaud · CC BY-SA 4.0 · Wikimedia Commons),N
https://pub-aeb94e100e5a48f4a133be5bf206aecb.r2.dev/science-ocr-b/chemistry-paper-2/lesson-04-hero.jpg,r2,,,,photo,1,science-ocr-b,Crude Oil and the Hydrocarbon Industry,,Photo via Unsplash,(needs description) (Photo via Unsplash),N
https://pub-aeb94e100e5a48f4a133be5bf206aecb.r2.dev/science-ocr-b/physics-paper-1/lesson-06-hero.jpg,r2,,,,photo,1,science-ocr-b,"Current, Voltage and Resistance",,Photo via Unsplash,(needs description) (Photo via Unsplash),N
https://upload.wikimedia.org/wikipedia/commons/3/3c/Bouncing_ball_strobe_edit.jpg,wikimedia,CC BY-SA 3.0,SHARE-ALIKE,MichaelMaggs Edit by Richard Bartz,photo,7,science-ocr-b,"Density, SHC and Latent Heat",,Photo by MichaelMaggs Edit by Richard Bartz · CC BY-SA 3.0 · Wikimedia Commons,(needs description) (Photo by MichaelMaggs Edit by Richard Bartz · CC BY-SA 3.0 · Wikimedia Commons),N
https://pub-aeb94e100e5a48f4a133be5bf206aecb.r2.dev/separate-sciences-ocr/physics-paper-1/lesson-03-hero.jpg,r2,,,,photo,2,science-ocr-b,Describing Motion,,Photo via Unsplash,(needs description) (Photo via Unsplash),N
https://pub-aeb94e100e5a48f4a133be5bf206aecb.r2.dev/separate-sciences-edexcel/chemistry-paper-2/lesson-05-hero.jpg,r2,,,,photo,2,science-ocr-b,Earth's Atmosphere: Past and Present,,Photo via Unsplash,(needs description) (Photo via Unsplash),N
https://pub-aeb94e100e5a48f4a133be5bf206aecb.r2.dev/science-ocr-b/biology-paper-1/lesson-08-hero.jpg,r2,,,,photo,1,science-ocr-b,"Ecosystems, Interdependence and Population Change",,Photo via Unsplash,(needs description) (Photo via Unsplash),N
https://images.unsplash.com/photo-1766853209032-3c4b7a5c8b04,unsplash,,,,photo,6,science-ocr-b,Electrical Power and Energy Bills,,Photo via Unsplash,(needs description) (Photo via Unsplash),N
https://pub-aeb94e100e5a48f4a133be5bf206aecb.r2.dev/science-ocr-b/chemistry-paper-2/lesson-03-hero.jpg,r2,,,,photo,1,science-ocr-b,Electrolysis and Electrolytes,,Photo via Unsplash,(needs description) (Photo via Unsplash),N
https://pub-aeb94e100e5a48f4a133be5bf206aecb.r2.dev/science-ocr-b/chemistry-paper-1/lesson-02-hero.jpg,r2,,,,photo,1,science-ocr-b,Energy Changes in Reactions,,Photo via Unsplash,(needs description) (Photo via Unsplash),N
https://images.unsplash.com/photo-1763198461771-a5ebd6cf2027,unsplash,,,,photo,1,science-ocr-b,"Energy Stores, Transfers and Work",,Photo via Unsplash,(needs description) (Photo via Unsplash),N
https://pub-aeb94e100e5a48f4a133be5bf206aecb.r2.dev/science-ocr-b/biology-paper-2/lesson-08-hero.jpg,r2,,,,photo,1,science-ocr-b,"Evolution, Classification and Biodiversity",,Photo via Unsplash,(needs description) (Photo via Unsplash),N
https://images.unsplash.com/photo-1766693600137-49c4a37e0130,unsplash,,,,photo,1,science-ocr-b,"Forces, Acceleration and Stopping",,Photo via Unsplash,(needs description) (Photo via Unsplash),N
https://images.unsplash.com/photo-1664352604123-7e656b33d65a,unsplash,,,,photo,1,science-ocr-b,"Forces, Mass and Weight",,Photo via Unsplash,(needs description) (Photo via Unsplash),N
https://images.unsplash.com/photo-1648792940059-3b782a7b8b20,unsplash,,,,photo,4,science-ocr-b,Gene Technology and Ethics,,Photo via Unsplash,(needs description) (Photo via Unsplash),N
https://images.unsplash.com/photo-1575468130797-aa950b68aeec,unsplash,,,,photo,1,science-ocr-b,"Growth, Development and Stem Cells",,Photo via Unsplash,(needs description) (Photo via Unsplash),N
https://images.unsplash.com/photo-1706639449579-b28503bf026d,unsplash,,,,photo,3,science-ocr-b,"Immune System, Vaccination and Treating Disease",,Photo via Unsplash,(needs description) (Photo via Unsplash),N
https://pub-aeb94e100e5a48f4a133be5bf206aecb.r2.dev/science-ocr-b/biology-paper-1/lesson-02-hero.jpg,r2,,,,photo,1,science-ocr-b,Inheritance and Genetic Variants,,Photo via Unsplash,(needs description) (Photo via Unsplash),N
https://images.unsplash.com/photo-1650897492548-e169a9857373,unsplash,,,,photo,2,science-ocr-b,"Lifestyle, Genes and Non-Communicable Disease",,Photo via Unsplash,(needs description) (Photo via Unsplash),N
https://images.unsplash.com/photo-1596213812143-ff89bd9ddecd,unsplash,,,,photo,1,science-ocr-b,Magnetic Fields and Electric Motors,,Photo via Unsplash,(needs description) (Photo via Unsplash),N
https://images.unsplash.com/photo-1706201320711-afc16e95db74,unsplash,,,,photo,3,science-ocr-b,Magnification and Unit Conversions,,Photo via Unsplash,(needs description) (Photo via Unsplash),N
https://images.unsplash.com/photo-1620545786225-14fcf9a7ab6c,unsplash,,,,photo,1,science-ocr-b,Material Choices and Life Cycle Assessment,,Photo via Unsplash,(needs description) (Photo via Unsplash),N
https://images.unsplash.com/photo-1523441114522-8da17c0d51bf,unsplash,,,,photo,1,science-ocr-b,Materials Under Stress and Density,,Photo via Unsplash,(needs description) (Photo via Unsplash),N
https://upload.wikimedia.org/wikipedia/commons/8/83/Gold_and_silver_nanoparticles_in_labelled_Petri_dishes.jpg,wikimedia,CC BY-SA 4.0,SHARE-ALIKE,Drkirstyross,photo,2,science-ocr-b,"Nanoparticles: Properties, Uses and Risks",,Photo by Drkirstyross · CC BY-SA 4.0 · Wikimedia Commons,(needs description) (Photo by Drkirstyross · CC BY-SA 4.0 · Wikimedia Commons),N
https://images.unsplash.com/photo-1567607673554-2048def2c6b4,unsplash,,,,photo,3,science-ocr-b,Nervous System and Hormonal Coordination,,Photo via Unsplash,(needs description) (Photo via Unsplash),N
https://pub-aeb94e100e5a48f4a133be5bf206aecb.r2.dev/science-ocr-b/physics-calculations/lesson-08-hero.jpg,r2,,,,photo,2,science-ocr-b,"Newton's Laws, Momentum and Waves",,Photo via Unsplash,(needs description) (Photo via Unsplash),N
https://images.unsplash.com/photo-1600305730416-1d8ea71c3223,unsplash,,,,photo,1,science-ocr-b,"Particles, Heating and the Particle Model",,Photo via Unsplash,(needs description) (Photo via Unsplash),N
https://pub-aeb94e100e5a48f4a133be5bf206aecb.r2.dev/science/chemistry-paper-1/lesson-02-hero.jpg,r2,,,,photo,10,science-ocr-b,Periodic Table and Chemical Patterns,,Photo via Unsplash,(needs description) (Photo via Unsplash),N
https://images.unsplash.com/photo-1663582978335-f34455bb3d6d,unsplash,,,,photo,2,science-ocr-b,Potable Water and Treating Pollution,,Photo via Unsplash,(needs description) (Photo via Unsplash),N
https://pub-aeb94e100e5a48f4a133be5bf206aecb.r2.dev/science-ocr-b/physics-paper-1/lesson-01-hero.jpg,r2,,,,photo,1,science-ocr-b,Radiation: Risks and Benefits,,Photo via Unsplash,(needs description) (Photo via Unsplash),N
https://images.unsplash.com/photo-1626823208620-4643c1884b8b,unsplash,,,,photo,7,science-ocr-b,Radioactivity: Atoms and Nuclear Decay,,Photo via Unsplash,(needs description) (Photo via Unsplash),N
https://images.unsplash.com/photo-1616046560582-41ac3c954715,unsplash,,,,photo,4,science-ocr-b,Rates from Graphs and Concentrations,,Photo via Unsplash,(needs description) (Photo via Unsplash),N
https://upload.wikimedia.org/wikipedia/commons/f/ff/Reaction_of_zinc_metal_and_copper%28II%29_sulfate.jpg,wikimedia,CC BY-SA 4.0,SHARE-ALIKE,Luyao,photo,1,science-ocr-b,Reactivity and Metal Extraction,,Photo by Luyao · CC BY-SA 4.0 · Wikimedia Commons,(needs description) (Photo by Luyao · CC BY-SA 4.0 · Wikimedia Commons),N
https://pub-aeb94e100e5a48f4a133be5bf206aecb.r2.dev/science-ocr-b/biology-paper-2/lesson-07-hero.jpg,r2,,,,photo,1,science-ocr-b,"Reproduction, Hormones and Failing Organs",,Photo via Unsplash,(needs description) (Photo via Unsplash),N
https://images.unsplash.com/photo-1621258329279-fbf6dd1b34d9,unsplash,,,,photo,2,science-ocr-b,Respiration and Cellular Energy,,Photo via Unsplash,(needs description) (Photo via Unsplash),N
https://images.unsplash.com/photo-1641903202531-bfa6bf0c6419,unsplash,,,,photo,1,science-ocr-b,The Genome and Genetic Information,,Photo via Unsplash,(needs description) (Photo via Unsplash),N
https://pub-aeb94e100e5a48f4a133be5bf206aecb.r2.dev/science-ocr-b/biology-paper-2/lesson-04-hero.jpg,r2,,,,photo,1,science-ocr-b,"Transport, Circulation and Exchange Surfaces",,Photo via Unsplash,(needs description) (Photo via Unsplash),N
https://pub-aeb94e100e5a48f4a133be5bf206aecb.r2.dev/science-ocr-b/physics-paper-2/lesson-06-hero.jpg,r2,,,,photo,1,science-ocr-b,Using Radioactive Materials Safely,,Photo via Unsplash,(needs description) (Photo via Unsplash),N
https://images.unsplash.com/photo-1652335223116-f75b44c6b14d,unsplash,,,,photo,1,science-ocr-b,Wave Behaviour and the EM Spectrum,,Photo via Unsplash,(needs description) (Photo via Unsplash),N
https://images.unsplash.com/photo-1603126857599-f6e157fa2fe6,unsplash,,,,photo,7,science-severnvale,"Atoms, Elements, Compounds and the Model of the Atom",,Photo via Unsplash,(needs description) (Photo via Unsplash),N
https://images.unsplash.com/photo-1684157127180-f7ffd7b67db9,unsplash,,,,photo,4,science-severnvale,Blood Glucose & Diabetes,,Photo via Unsplash,(needs description) (Photo via Unsplash),N
https://images.unsplash.com/photo-1623134915837-d2fdb4f59035,unsplash,,,,photo,1,science-severnvale,"Blood, Heart and Circulation",,Photo via Unsplash,(needs description) (Photo via Unsplash),N
https://images.unsplash.com/photo-1737061365196-ea67128d64fc,unsplash,,,,photo,1,science-severnvale,Cell Division and Specialisation,,Photo via Unsplash,(needs description) (Photo via Unsplash),N
https://images.unsplash.com/photo-1758206523705-666590ae0a66,unsplash,,,,photo,1,science-severnvale,Cells and Microscopy,,Photo via Unsplash,(needs description) (Photo via Unsplash),N
https://pub-aeb94e100e5a48f4a133be5bf206aecb.r2.dev/science/chemistry-paper-2/lesson-04-hero.jpg,r2,,,,photo,4,science-severnvale,"Chemical Analysis: Purity, Chromatography and Gas Tests",,Photo via Unsplash,(needs description) (Photo via Unsplash),N
https://images.unsplash.com/photo-1724770388447-30b015a5cbb6,unsplash,,,,photo,4,science-severnvale,"Circuits: Current, Resistance and Potential Difference",,Photo via Unsplash,(needs description) (Photo via Unsplash),N
https://images.unsplash.com/photo-1543358172-2ba567a945bb,unsplash,,,,photo,1,science-severnvale,Communicable Diseases,,Photo via Unsplash,(needs description) (Photo via Unsplash),N
https://images.unsplash.com/photo-1724093118131-b815adc551bb,unsplash,,,,photo,1,science-severnvale,Cycling Materials & Biodiversity,,Photo via Unsplash,(needs description) (Photo via Unsplash),N
https://pub-aeb94e100e5a48f4a133be5bf206aecb.r2.dev/science/physics-paper-1/lesson-06-hero.jpg,r2,,,,photo,5,science-severnvale,"Density, States of Matter and Changes of State",,Photo via Unsplash,(needs description) (Photo via Unsplash),N
https://images.unsplash.com/photo-1763878493403-764153cedde5,unsplash,,,,photo,1,science-severnvale,Ecosystems & Adaptations,,Photo via Unsplash,(needs description) (Photo via Unsplash),N
https://pub-aeb94e100e5a48f4a133be5bf206aecb.r2.dev/science/physics-paper-1/lesson-01-hero.jpg,r2,,,,photo,6,science-severnvale,"Energy Stores, Transfers and Power",,Photo via Unsplash,(needs description) (Photo via Unsplash),N
https://images.unsplash.com/photo-1620931160683-8dc1fef47766,unsplash,,,,photo,1,science-severnvale,Fighting Disease and Drug Development,,Photo via Unsplash,(needs description) (Photo via Unsplash),N
https://upload.wikimedia.org/wikipedia/commons/0/08/Physicist_Stephen_Hawking_in_Zero_Gravity_NASA.jpg,wikimedia,CC BY 3.0,ATTRIB-REQUIRED,Jim Campbell/Aero-News Network,photo,4,science-severnvale,"Forces, Gravity and Resultant Forces",,Photo by Jim Campbell/Aero-News Network · CC BY 3.0 · Wikimedia Commons,(needs description) (Photo by Jim Campbell/Aero-News Network · CC BY 3.0 · Wikimedia Commons),N
https://images.unsplash.com/photo-1507413245164-6160d8298b31,unsplash,,,,photo,2,science-severnvale,Homeostasis & the Nervous System,,Photo via Unsplash,(needs description) (Photo via Unsplash),N
https://images.unsplash.com/photo-1606206873764-fd15e242df52,unsplash,,,,photo,1,science-severnvale,Hormones & the Endocrine System,,Photo via Unsplash,(needs description) (Photo via Unsplash),N
https://images.unsplash.com/photo-1618468121353-aaa41d8fb2e0,unsplash,,,,photo,1,science-severnvale,Hormones in Reproduction,,Photo via Unsplash,(needs description) (Photo via Unsplash),N
https://images.unsplash.com/photo-1759929549150-630ef273d747,unsplash,,,,photo,1,science-severnvale,Human Impact & Conservation,,Photo via Unsplash,(needs description) (Photo via Unsplash),N
https://images.unsplash.com/photo-1597761081347-b9d37f912156,unsplash,,,,photo,6,science-severnvale,Newton's Laws of Motion,,Photo via Unsplash,(needs description) (Photo via Unsplash),N
https://images.unsplash.com/photo-1728071485384-3602db0923ff,unsplash,,,,photo,1,science-severnvale,Photosynthesis and Respiration,,Photo via Unsplash,(needs description) (Photo via Unsplash),N
https://images.unsplash.com/photo-1562411052-105105232432,unsplash,,,,photo,6,science-severnvale,"Reactions of Acids, pH and Neutralisation",,Photo via Unsplash,(needs description) (Photo via Unsplash),N
https://images.unsplash.com/photo-1567333188258-99e13c119241,unsplash,,,,photo,4,science-severnvale,"Speed, Velocity and Acceleration",,Photo via Unsplash,(needs description) (Photo via Unsplash),N
https://images.unsplash.com/photo-1617339860632-f53c5b5dce4d,unsplash,,,,photo,1,science-severnvale,"The Brain, Eye & Thermoregulation",,Photo via Unsplash,(needs description) (Photo via Unsplash),N
https://images.unsplash.com/photo-1649073586751-695a1f9f76de,unsplash,,,,photo,1,science-severnvale,The Digestive System and Enzymes,,Photo via Unsplash,(needs description) (Photo via Unsplash),N
https://images.unsplash.com/photo-1582481228848-dc8339459816,unsplash,,,,photo,1,science-severnvale,Transport in Cells,,Photo via Unsplash,(needs description) (Photo via Unsplash),N
https://images.unsplash.com/photo-1714846428014-1597ff18619a,unsplash,,,,photo,3,separate-sciences,Cell Division and Transport,,Photo via Unsplash,(needs description) (Photo via Unsplash),N
https://pub-aeb94e100e5a48f4a133be5bf206aecb.r2.dev/science/chemistry-paper-2/lesson-03-hero.jpg,r2,,,,photo,4,separate-sciences,"Crude Oil, Hydrocarbons and Cracking",,Photo via Unsplash,(needs description) (Photo via Unsplash),N
https://pub-aeb94e100e5a48f4a133be5bf206aecb.r2.dev/science/chemistry-paper-1/lesson-08-hero.jpg,r2,,,,photo,4,separate-sciences,Electrolysis,,Photo via Unsplash,(needs description) (Photo via Unsplash),N
https://pub-aeb94e100e5a48f4a133be5bf206aecb.r2.dev/science/biology-paper-1/lesson-03-hero.jpg,r2,,,,photo,3,separate-sciences,Organisation and the Digestive System,,Photo via Unsplash,(needs description) (Photo via Unsplash),N
https://upload.wikimedia.org/wikipedia/commons/b/b9/Thermostat_for_measuring_rates_of_reaction_-_DPLA_-_3f66b6395c7c7cd4bfedacfdaeb8d405.jpg,wikimedia,Public domain,FREE,unknown artist,photo,4,separate-sciences,Rates of Reaction and Collision Theory,,Photo by unknown artist · public domain · Wikimedia Commons,(needs description) (Photo by unknown artist · public domain · Wikimedia Commons),N
https://images.unsplash.com/photo-1585135951678-8a407695d7f6,unsplash,,,,photo,4,separate-sciences,"Stopping Distances, Braking and Momentum",,Photo via Unsplash,(needs description) (Photo via Unsplash),N
https://images.unsplash.com/photo-1593007295397-19bf5e6126b0,unsplash,,,,photo,8,separate-sciences,The Electromagnetic Spectrum,,Photo via Unsplash,(needs description) (Photo via Unsplash),N
https://images.unsplash.com/photo-1715111965644-3d885beb3a44,unsplash,,,,photo,3,separate-sciences,"The Heart, Blood and Circulatory Disease",,Photo via Unsplash,(needs description) (Photo via Unsplash),N
https://pub-aeb94e100e5a48f4a133be5bf206aecb.r2.dev/science/biology-paper-1/lesson-07-hero.jpg,r2,,,,photo,3,separate-sciences,"Vaccination, Antibiotics and Drug Development",,Photo via Unsplash,(needs description) (Photo via Unsplash),N
https://upload.wikimedia.org/wikipedia/commons/a/ad/Hookes_law_nanoscale.jpg,wikimedia,CC BY 4.0,ATTRIB-REQUIRED,"Shota Ushiba, Kyoko Masui, Natsuo Taguchi, Tomoki Hamano, Satoshi Kawata &amp; Satoru Shoji",photo,7,separate-sciences,"Work Done, Elasticity and Hooke's Law",,"Photo by Shota Ushiba, Kyoko Masui, Natsuo Taguchi, Tomoki Hamano, Satoshi Kawata &amp; Satoru Shoji · CC BY 4.0 · Wikimedia Commons","(needs description) (Photo by Shota Ushiba, Kyoko Masui, Natsuo Taguchi, Tomoki Hamano, Satoshi Kawata &amp; Satoru Shoji · CC BY 4.0 · Wikimedia Commons)",N
https://upload.wikimedia.org/wikipedia/commons/f/f9/Indicateurs_color%C3%A9s_de_pH.jpg,wikimedia,Public domain,FREE,Sébastien Bruneau,photo,1,separate-sciences-edexcel,"Acids, pH and Making Salts",,Photo by Sébastien Bruneau · public domain · Wikimedia Commons,(needs description) (Photo by Sébastien Bruneau · public domain · Wikimedia Commons),N
https://pub-aeb94e100e5a48f4a133be5bf206aecb.r2.dev/separate-sciences-edexcel/biology-paper-1/lesson-01-hero.jpg,r2,,,,photo,1,separate-sciences-edexcel,"Cell Structure, Microscopy and Specialised Cells",,Photo via Unsplash,(needs description) (Photo via Unsplash),N
https://images.unsplash.com/photo-1719306171038-363e151a85fe,unsplash,,,,photo,1,separate-sciences-edexcel,"Cells and Control: Mitosis, Stem Cells and the Brain",,Photo via Unsplash,(needs description) (Photo via Unsplash),N
https://pub-aeb94e100e5a48f4a133be5bf206aecb.r2.dev/separate-sciences-edexcel/chemistry-paper-2/lesson-03-hero.jpg,r2,,,,photo,1,separate-sciences-edexcel,"Crude Oil, Hydrocarbons and Cracking",,Photo via Unsplash,(needs description) (Photo via Unsplash),N
https://upload.wikimedia.org/wikipedia/commons/7/77/Sneeze.JPG,wikimedia,Public domain,FREE,James Gathany,photo,1,separate-sciences-edexcel,"Disease, Pathogens and the Immune Response",,Photo by James Gathany · public domain · Wikimedia Commons,(needs description) (Photo by James Gathany · public domain · Wikimedia Commons),N
https://upload.wikimedia.org/wikipedia/commons/6/69/Humanitarian_aid_OCPA-2005-10-28-090517a.jpg,wikimedia,Public domain,FREE,Technical Sergeant Mike Buytas of the United States Air Force,photo,1,separate-sciences-edexcel,"Earth's Resources, Potable Water and Life-Cycle Assessment",,Photo by Technical Sergeant Mike Buytas of the United States Air Force · public domain · Wikimedia Commons,(needs description) (Photo by Technical Sergeant Mike Buytas of the United States Air Force · public domain · Wikimedia Commons),N
https://pub-aeb94e100e5a48f4a133be5bf206aecb.r2.dev/separate-sciences-edexcel/physics-paper-2/lesson-03-hero.jpg,r2,,,,photo,1,separate-sciences-edexcel,"Electric Circuits, Ohm's Law and I-V Characteristics",,Photo via Unsplash,(needs description) (Photo via Unsplash),N
https://upload.wikimedia.org/wikipedia/commons/4/4d/Electrolysis_of_salt_water.jpg,wikimedia,CC0,FREE,Vanadict,photo,1,separate-sciences-edexcel,Electrolysis and Electrolytic Processes,,Photo by Vanadict · public domain · Wikimedia Commons,(needs description) (Photo by Vanadict · public domain · Wikimedia Commons),N
https://upload.wikimedia.org/wikipedia/commons/1/18/Kochendes_wasser02.jpg,wikimedia,CC BY-SA 3.0,SHARE-ALIKE,user:Markus Schweiss,photo,1,separate-sciences-edexcel,Energy Changes and Reaction Profiles,,Photo by user:Markus Schweiss · CC BY-SA 3.0 · Wikimedia Commons,(needs description) (Photo by user:Markus Schweiss · CC BY-SA 3.0 · Wikimedia Commons),N
https://upload.wikimedia.org/wikipedia/commons/a/a7/Barrow_Offshore_wind_turbines_NR.jpg,wikimedia,CC BY-SA 3.0,SHARE-ALIKE,Original: Andy Dingley; Edit: Muhammad,photo,1,separate-sciences-edexcel,Energy Resources and the Domestic Power Equation,,Photo by Original: Andy Dingley; Edit: Muhammad · CC BY-SA 3.0 · Wikimedia Commons,(needs description) (Photo by Original: Andy Dingley; Edit: Muhammad · CC BY-SA 3.0 · Wikimedia Commons),N
https://pub-aeb94e100e5a48f4a133be5bf206aecb.r2.dev/separate-sciences-edexcel/physics-paper-2/lesson-01-hero.jpg,r2,,,,photo,1,separate-sciences-edexcel,"Energy, Work Done and Power",,Photo via Unsplash,(needs description) (Photo via Unsplash),N
https://pub-aeb94e100e5a48f4a133be5bf206aecb.r2.dev/separate-sciences-edexcel/biology-paper-1/lesson-02-hero.jpg,r2,,,,photo,1,separate-sciences-edexcel,"Enzymes, Transport and Food Tests",,Photo via Unsplash,(needs description) (Photo via Unsplash),N
https://upload.wikimedia.org/wikipedia/commons/d/de/Human_heart_model.jpg,wikimedia,CC BY-SA 3.0,SHARE-ALIKE,Alaa Najjar,photo,1,separate-sciences-edexcel,"Exchange, Transport and the Circulatory System",,Photo by Alaa Najjar · CC BY-SA 3.0 · Wikimedia Commons,(needs description) (Photo by Alaa Najjar · CC BY-SA 3.0 · Wikimedia Commons),N
https://images.unsplash.com/photo-1646124714169-1fcc899a7500,unsplash,,,,photo,3,separate-sciences-edexcel,"Forces and Their Effects: Moments, Levers and Gears",,Photo via Unsplash,(needs description) (Photo via Unsplash),N
https://pub-aeb94e100e5a48f4a133be5bf206aecb.r2.dev/separate-sciences-edexcel/physics-paper-1/lesson-02-hero.jpg,r2,,,,photo,1,separate-sciences-edexcel,"Forces, Newton's Laws and Momentum",,Photo via Unsplash,(needs description) (Photo via Unsplash),N
https://pub-aeb94e100e5a48f4a133be5bf206aecb.r2.dev/separate-sciences-edexcel/biology-paper-1/lesson-05-hero.jpg,r2,,,,photo,1,separate-sciences-edexcel,"Genetics: DNA, Inheritance and Punnett Squares",,Photo via Unsplash,(needs description) (Photo via Unsplash),N
https://pub-aeb94e100e5a48f4a133be5bf206aecb.r2.dev/science/biology-paper-1/lesson-06-hero.jpg,r2,,,,photo,5,separate-sciences-edexcel,"Hormones: Adrenalin, Thyroxine and the Menstrual Cycle",,Photo via Unsplash,(needs description) (Photo via Unsplash),N
https://pub-aeb94e100e5a48f4a133be5bf206aecb.r2.dev/separate-sciences-edexcel/chemistry-paper-1/lesson-03-hero.jpg,r2,,,,photo,1,separate-sciences-edexcel,"Ionic, Covalent and Metallic Bonding",,Photo via Unsplash,(needs description) (Photo via Unsplash),N
https://pub-aeb94e100e5a48f4a133be5bf206aecb.r2.dev/separate-sciences-edexcel/biology-paper-2/lesson-06-hero.jpg,r2,,,,photo,1,separate-sciences-edexcel,"Kidneys, Urinary System and ADH",,Photo via Unsplash,(needs description) (Photo via Unsplash),N
https://upload.wikimedia.org/wikipedia/commons/6/6f/Bar_magnet_crop.jpg,wikimedia,CC BY-SA 3.0,SHARE-ALIKE,File:Bar magnet.jpg: Photo taken by Aney / derivative work: MikeRun,photo,2,separate-sciences-edexcel,"Magnetism, Electromagnets and the Motor Effect",,Photo by File:Bar magnet.jpg: Photo taken by Aney / derivative work: MikeRun · CC BY-SA 3.0 · Wikimedia Commons,(needs description) (Photo by File:Bar magnet.jpg: Photo taken by Aney / derivative work: MikeRun · CC BY-SA 3.0 · Wikimedia Commons),N
https://pub-aeb94e100e5a48f4a133be5bf206aecb.r2.dev/separate-sciences-edexcel/biology-paper-1/lesson-08-hero.jpg,r2,,,,photo,1,separate-sciences-edexcel,"Medicines, Monoclonal Antibodies and Lifestyle Disease",,Photo via Unsplash,(needs description) (Photo via Unsplash),N
https://pub-aeb94e100e5a48f4a133be5bf206aecb.r2.dev/separate-sciences-edexcel/physics-paper-1/lesson-01-hero.jpg,r2,,,,photo,1,separate-sciences-edexcel,"Motion: Speed, Velocity and Acceleration",,Photo via Unsplash,(needs description) (Photo via Unsplash),N
https://pub-aeb94e100e5a48f4a133be5bf206aecb.r2.dev/separate-sciences-edexcel/chemistry-paper-2/lesson-07-hero.jpg,r2,,,,photo,1,separate-sciences-edexcel,"Nanoparticles, Materials and Composites",,Photo via Unsplash,(needs description) (Photo via Unsplash),N
https://pub-aeb94e100e5a48f4a133be5bf206aecb.r2.dev/science/biology-paper-2/lesson-06-hero.jpg,r2,,,,photo,6,separate-sciences-edexcel,"Natural Selection, Evolution and Genetic Engineering",,Photo via Unsplash,(needs description) (Photo via Unsplash),N
https://pub-aeb94e100e5a48f4a133be5bf206aecb.r2.dev/separate-sciences-edexcel/biology-paper-1/lesson-04-hero.jpg,r2,,,,photo,1,separate-sciences-edexcel,"Nervous System, Reflexes and the Eye",,Photo via Unsplash,(needs description) (Photo via Unsplash),N
https://pub-aeb94e100e5a48f4a133be5bf206aecb.r2.dev/separate-sciences-edexcel/higher-calculations/lesson-05-hero.jpg,r2,,,,photo,1,separate-sciences-edexcel,Nuclear Equations and Half-Life Drill,,Photo via Unsplash,(needs description) (Photo via Unsplash),N
https://upload.wikimedia.org/wikipedia/commons/9/90/Apparatus_for_the_study_of_adsorption_of_gases_on_catalysts_-_DPLA_-_ffaaa96a173535127e72c1c302b9ce86.jpg,wikimedia,Public domain,FREE,unknown artist,photo,1,separate-sciences-edexcel,"Particle Model: Density, States and the Gas Laws",,Photo by unknown artist · public domain · Wikimedia Commons,(needs description) (Photo by unknown artist · public domain · Wikimedia Commons),N
https://pub-aeb94e100e5a48f4a133be5bf206aecb.r2.dev/separate-sciences-edexcel/biology-paper-2/lesson-01-hero.jpg,r2,,,,photo,1,separate-sciences-edexcel,"Photosynthesis, Limiting Factors and the Inverse Square Law",,Photo via Unsplash,(needs description) (Photo via Unsplash),N
https://pub-aeb94e100e5a48f4a133be5bf206aecb.r2.dev/separate-sciences-edexcel/biology-paper-2/lesson-03-hero.jpg,r2,,,,photo,1,separate-sciences-edexcel,Plant Adaptations and Hormones,,Photo via Unsplash,(needs description) (Photo via Unsplash),N
https://upload.wikimedia.org/wikipedia/commons/4/45/Xylem_of_oak.jpg,wikimedia,CC BY 2.5,ATTRIB-REQUIRED,Mckdandy,photo,1,separate-sciences-edexcel,"Plant Transport: Xylem, Phloem and Transpiration",,Photo by Mckdandy · CC BY 2.5 · Wikimedia Commons,(needs description) (Photo by Mckdandy · CC BY 2.5 · Wikimedia Commons),N
https://pub-aeb94e100e5a48f4a133be5bf206aecb.r2.dev/separate-sciences-edexcel/chemistry-paper-2/lesson-06-hero.jpg,r2,,,,photo,1,separate-sciences-edexcel,"Polymers, Alcohols and Carboxylic Acids",,Photo via Unsplash,(needs description) (Photo via Unsplash),N
https://pub-aeb94e100e5a48f4a133be5bf206aecb.r2.dev/separate-sciences-edexcel/higher-calculations/lesson-02-hero.jpg,r2,,,,photo,1,separate-sciences-edexcel,Pressure in Fluids and Upthrust,,Photo via Unsplash,(needs description) (Photo via Unsplash),N
https://upload.wikimedia.org/wikipedia/commons/3/32/Chemical_plant_-_geograph.org.uk_-_3529971.jpg,wikimedia,CC BY-SA 2.0,SHARE-ALIKE,Alex McGregor,photo,1,separate-sciences-edexcel,"Quantitative Chemistry: Moles, Mass and Yield",,Photo by Alex McGregor · CC BY-SA 2.0 · Wikimedia Commons,(needs description) (Photo by Alex McGregor · CC BY-SA 2.0 · Wikimedia Commons),N
https://upload.wikimedia.org/wikipedia/commons/6/68/Class_A_Radioactive_Waste_disposal_at_Clive%2C_Utah.jpg,wikimedia,Public domain,FREE,U.S. National Nuclear Security Administration,photo,1,separate-sciences-edexcel,"Radioactivity, Nuclear Equations and Half-Life",,Photo by U.S. National Nuclear Security Administration · public domain · Wikimedia Commons,(needs description) (Photo by U.S. National Nuclear Security Administration · public domain · Wikimedia Commons),N
https://upload.wikimedia.org/wikipedia/commons/4/4b/Bumper_cars%2C_amusement_park_Fortepan_87471.jpg,wikimedia,CC BY-SA 3.0,SHARE-ALIKE,FOTO:Fortepan — ID 87471: Adományozó/Donor: Urbán Tamás. archive copy at the Wayback Machine,photo,1,separate-sciences-edexcel,Rates of Reaction and Collision Theory,,Photo by FOTO:Fortepan — ID 87471: Adományozó/Donor: Urbán Tamás. archive copy at the Wayback Machine · CC BY-SA 3.0 · Wikimedia Commons,(needs description) (Photo by FOTO:Fortepan — ID 87471: Adományozó/Donor: Urbán Tamás. archive copy at the Wayback Machine · CC BY-SA 3.0 · Wikimedia Commons),N
https://pub-aeb94e100e5a48f4a133be5bf206aecb.r2.dev/science/chemistry-paper-1/lesson-06-hero.jpg,r2,,,,photo,5,separate-sciences-edexcel,"Reactivity, Metal Extraction and Alloys",,Photo via Unsplash,(needs description) (Photo via Unsplash),N
https://pub-aeb94e100e5a48f4a133be5bf206aecb.r2.dev/separate-sciences-edexcel/physics-paper-2/lesson-05-hero.jpg,r2,,,,photo,1,separate-sciences-edexcel,Static Electricity and Electric Fields,,Photo via Unsplash,(needs description) (Photo via Unsplash),N
https://upload.wikimedia.org/wikipedia/commons/1/1d/Diamond-1128734.jpg,wikimedia,Public domain,FREE,Jerry Cone,photo,1,separate-sciences-edexcel,"Structure, Properties and Carbon Allotropes",,Photo by Jerry Cone · public domain · Wikimedia Commons,(needs description) (Photo by Jerry Cone · public domain · Wikimedia Commons),N
https://pub-aeb94e100e5a48f4a133be5bf206aecb.r2.dev/separate-sciences-edexcel/chemistry-paper-2/lesson-04-hero.jpg,r2,,,,photo,1,separate-sciences-edexcel,"Tests for Ions, Gases and Chromatography",,Photo via Unsplash,(needs description) (Photo via Unsplash),N
https://pub-aeb94e100e5a48f4a133be5bf206aecb.r2.dev/separate-sciences-edexcel/higher-calculations/lesson-03-hero.jpg,r2,,,,photo,1,separate-sciences-edexcel,"Titrations, Concentrations and the Mole",,Photo via Unsplash,(needs description) (Photo via Unsplash),N
https://upload.wikimedia.org/wikipedia/commons/b/b3/Electric_transmission_power_tower.jpg,wikimedia,CC0,FREE,Foto3821,photo,1,separate-sciences-edexcel,"Transformers, Power Transmission and Moments Drill",,Photo by Foto3821 · public domain · Wikimedia Commons,(needs description) (Photo by Foto3821 · public domain · Wikimedia Commons),N
https://pub-aeb94e100e5a48f4a133be5bf206aecb.r2.dev/separate-sciences-edexcel/physics-paper-1/lesson-08-hero.jpg,r2,,,,photo,2,separate-sciences-edexcel,"Uses and Dangers of Radiation, Fission and Fusion",,Photo via Unsplash,(needs description) (Photo via Unsplash),N
https://upload.wikimedia.org/wikipedia/commons/6/6f/Waves_crushing.jpg,wikimedia,CC BY-SA 4.0,SHARE-ALIKE,Silviomerci1971,photo,1,separate-sciences-edexcel,"Waves: Properties, Wave Equation and Behaviour",,Photo by Silviomerci1971 · CC BY-SA 4.0 · Wikimedia Commons,(needs description) (Photo by Silviomerci1971 · CC BY-SA 4.0 · Wikimedia Commons),N
https://pub-aeb94e100e5a48f4a133be5bf206aecb.r2.dev/separate-sciences-ocr/chemistry-paper-1/lesson-05-hero.jpg,r2,,,,photo,1,separate-sciences-ocr,"Bonding: Ionic, Covalent and Metallic",,Photo via Unsplash,(needs description) (Photo via Unsplash),N
https://images.unsplash.com/photo-1770320742270-0cacc28b56b9,unsplash,,,,photo,1,separate-sciences-ocr,"Chemical Reactions, Equations and Moles",,Photo via Unsplash,(needs description) (Photo via Unsplash),N
https://images.unsplash.com/photo-1628595351029-c2bf17511435,unsplash,,,,photo,1,separate-sciences-ocr,"DNA, Enzymes and Cell Division",,Photo via Unsplash,(needs description) (Photo via Unsplash),N
https://upload.wikimedia.org/wikipedia/commons/f/ff/Natural_Water_Tanks.jpg,wikimedia,CC BY-SA 4.0,SHARE-ALIKE,Chethiyanidushan,photo,1,separate-sciences-ocr,"Earth's Resources: Water, Pollution and Sustainability",,Photo by Chethiyanidushan · CC BY-SA 4.0 · Wikimedia Commons,(needs description) (Photo by Chethiyanidushan · CC BY-SA 4.0 · Wikimedia Commons),N
https://pub-aeb94e100e5a48f4a133be5bf206aecb.r2.dev/separate-sciences-ocr/biology-paper-2/lesson-08-hero.jpg,r2,,,,photo,1,separate-sciences-ocr,Feeding the Human Race: Selective Breeding and GM,,Photo via Unsplash,(needs description) (Photo via Unsplash),N
https://images.unsplash.com/photo-1588775161074-a5a92eaa9a37,unsplash,,,,photo,1,separate-sciences-ocr,"Hormones, the Menstrual Cycle and Plant Hormones",,Photo via Unsplash,(needs description) (Photo via Unsplash),N
https://images.unsplash.com/photo-1706562246124-8dc16526d271,unsplash,,,,photo,1,separate-sciences-ocr,Identifying Substances: Flame Tests and Gas Tests,,Photo via Unsplash,(needs description) (Photo via Unsplash),N
https://upload.wikimedia.org/wikipedia/commons/5/56/Metal_Recycling_%2819767946531%29.jpg,wikimedia,CC BY 2.0,ATTRIB-REQUIRED,"Reg Natarajan from Vancouver, Bogotá",photo,1,separate-sciences-ocr,"Improving Processes: Metals, LCAs and Recycling",,"Photo by Reg Natarajan from Vancouver, Bogotá · CC BY 2.0 · Wikimedia Commons","(needs description) (Photo by Reg Natarajan from Vancouver, Bogotá · CC BY 2.0 · Wikimedia Commons)",N
https://images.unsplash.com/photo-1539640038819-57bb520c7d2d,unsplash,,,,photo,2,separate-sciences-ocr,Inheritance and Genetic Disorders,,Photo via Unsplash,(needs description) (Photo via Unsplash),N
https://upload.wikimedia.org/wikipedia/commons/1/1c/Melting_ice%2C_pond.jpg,wikimedia,CC BY-SA 4.0,SHARE-ALIKE,Philippe Alès,photo,1,separate-sciences-ocr,"Internal Energy, SHC and Latent Heat",,Photo by Philippe Alès · CC BY-SA 4.0 · Wikimedia Commons,(needs description) (Photo by Philippe Alès · CC BY-SA 4.0 · Wikimedia Commons),N
https://upload.wikimedia.org/wikipedia/commons/b/bb/Magnets_recovered_from_used_computer_hard_drives_find_new_life_in_an_electric_motor._%2849773573881%29.jpg,wikimedia,CC BY 2.0,ATTRIB-REQUIRED,Oak Ridge National Laboratory,photo,1,separate-sciences-ocr,"Magnets, Magnetic Fields and the Motor Effect",,Photo by Oak Ridge National Laboratory · CC BY 2.0 · Wikimedia Commons,(needs description) (Photo by Oak Ridge National Laboratory · CC BY 2.0 · Wikimedia Commons),N
https://pub-aeb94e100e5a48f4a133be5bf206aecb.r2.dev/separate-sciences-ocr/biology-paper-2/lesson-07-hero.jpg,r2,,,,photo,1,separate-sciences-ocr,Monitoring the Environment and Biodiversity,,Photo via Unsplash,(needs description) (Photo via Unsplash),N
https://upload.wikimedia.org/wikipedia/commons/4/47/A_trio_of_CubeSats_is_ejected_into_Earth_orbit_from_a_small_satellite_orbital_deployer_%28iss072e352045%29.jpg,wikimedia,Public domain,FREE,NASA Johnson Space Center,photo,1,separate-sciences-ocr,Newton's Laws and Resultant Forces,,Photo by NASA Johnson Space Center · public domain · Wikimedia Commons,(needs description) (Photo by NASA Johnson Space Center · public domain · Wikimedia Commons),N
https://upload.wikimedia.org/wikipedia/commons/5/5d/Bituminous_coal_%28Fire_Clay_Coal%2C_Middle_Pennsylvanian%2C_~312_Ma%3B_Rt._15_roadcut_near_Hazard_Community_College%2C_Hazard%2C_Kentucky%2C_USA%29_4.jpg,wikimedia,CC BY 2.0,ATTRIB-REQUIRED,James St. John,photo,1,separate-sciences-ocr,"Organic Chemistry: Hydrocarbons, Alcohols and Polymers",,Photo by James St. John · CC BY 2.0 · Wikimedia Commons,(needs description) (Photo by James St. John · CC BY 2.0 · Wikimedia Commons),N
https://upload.wikimedia.org/wikipedia/commons/2/20/High-Pressure-Cleaning-with-Personal-Protective-Equipment-01.jpg,wikimedia,CC BY-SA 3.0,SHARE-ALIKE,"CEphoto, Uwe Aranas",photo,1,separate-sciences-ocr,"Particle Model, Density and Pressure",,"Photo by CEphoto, Uwe Aranas · CC BY-SA 3.0 · Wikimedia Commons","(needs description) (Photo by CEphoto, Uwe Aranas · CC BY-SA 3.0 · Wikimedia Commons)",N
https://images.unsplash.com/photo-1580133750060-05e667fe0318,unsplash,,,,photo,1,separate-sciences-ocr,Photosynthesis and Limiting Factors,,Photo via Unsplash,(needs description) (Photo via Unsplash),N
https://pub-aeb94e100e5a48f4a133be5bf206aecb.r2.dev/separate-sciences-ocr/physics-paper-2/lesson-08-hero.jpg,r2,,,,photo,1,separate-sciences-ocr,Physics on the Move: Stopping Distances and Momentum,,Photo via Unsplash,(needs description) (Photo via Unsplash),N
https://pub-aeb94e100e5a48f4a133be5bf206aecb.r2.dev/separate-sciences-ocr/biology-paper-1/lesson-06-hero.jpg,r2,,,,photo,1,separate-sciences-ocr,Plant and Animal Transport Systems,,Photo via Unsplash,(needs description) (Photo via Unsplash),N
https://images.unsplash.com/photo-1748281296151-b3209b37e1cb,unsplash,,,,photo,1,separate-sciences-ocr,"Purity, Separating Mixtures and Chromatography",,Photo via Unsplash,(needs description) (Photo via Unsplash),N
https://images.unsplash.com/photo-1694665631754-041efe8dd6be,unsplash,,,,photo,1,separate-sciences-ocr,Rates of Reaction and Collision Theory,,Photo via Unsplash,(needs description) (Photo via Unsplash),N
https://images.unsplash.com/photo-1716833323054-c0ea772156ad,unsplash,,,,photo,1,separate-sciences-ocr,Respiration and Synthesis of Biological Molecules,,Photo via Unsplash,(needs description) (Photo via Unsplash),N
https://upload.wikimedia.org/wikipedia/commons/0/07/Lyon_5e_-_Rue_Henry_Le_Chatelier%2C_plaque.jpg,wikimedia,CC0,FREE,Romainbehar,photo,1,separate-sciences-ocr,Reversible Reactions and Le Chatelier's Principle,,Photo by Romainbehar · public domain · Wikimedia Commons,(needs description) (Photo by Romainbehar · public domain · Wikimedia Commons),N
https://pub-aeb94e100e5a48f4a133be5bf206aecb.r2.dev/separate-sciences-ocr/biology-paper-2/lesson-02-hero.jpg,r2,,,,photo,1,separate-sciences-ocr,The Kidneys and Osmoregulation,,Photo via Unsplash,(needs description) (Photo via Unsplash),N
https://upload.wikimedia.org/wikipedia/commons/9/92/Demonstration_of_osmosis_using_a_potato_osmometer.jpg,wikimedia,CC BY-SA 4.0,SHARE-ALIKE,Knowledge genome,photo,1,separate-sciences-ocr,"Transport: Diffusion, Osmosis and Active Transport",,Photo by Knowledge genome · CC BY-SA 4.0 · Wikimedia Commons,(needs description) (Photo by Knowledge genome · CC BY-SA 4.0 · Wikimedia Commons),N
https://pub-aeb94e100e5a48f4a133be5bf206aecb.r2.dev/separate-sciences-ocr/chemistry-paper-2/lesson-01-hero.jpg,r2,,,,photo,1,separate-sciences-ocr,"Types of Reaction: Redox, Acids and Neutralisation",,Photo via Unsplash,(needs description) (Photo via Unsplash),N
https://images.unsplash.com/flagged/photo-1552863473-6e5ffe5e052f,unsplash,,,,photo,1,separate-sciences-ocr,"Variation, Evolution and Speciation",,Photo via Unsplash,(needs description) (Photo via Unsplash),N
https://pub-aeb94e100e5a48f4a133be5bf206aecb.r2.dev/separate-sciences-ocr/physics-paper-2/lesson-01-hero.jpg,r2,,,,photo,1,separate-sciences-ocr,Wave Behaviour and the Wave Equation,,Photo via Unsplash,(needs description) (Photo via Unsplash),N
https://pub-aeb94e100e5a48f4a133be5bf206aecb.r2.dev/separate-sciences-ocr/physics-paper-2/lesson-03-hero.jpg,r2,,,,photo,1,separate-sciences-ocr,"Wave Interaction: Reflection, Refraction and Lenses",,Photo via Unsplash,(needs description) (Photo via Unsplash),N
https://pub-aeb94e100e5a48f4a133be5bf206aecb.r2.dev/separate-sciences-ocr-b/chemistry-analysis-useful-products/lesson-02-hero.jpg,r2,,,,photo,1,separate-sciences-ocr-b,"Acids, Alkalis and Useful Products",,Photo via Unsplash,(needs description) (Photo via Unsplash),N
https://images.unsplash.com/photo-1514907283155-ea5f4094c70c,unsplash,,,,photo,1,separate-sciences-ocr-b,Biodiversity and Classification,,Photo via Unsplash,(needs description) (Photo via Unsplash),N
https://images.unsplash.com/photo-1768232707549-3127f283efab,unsplash,,,,photo,1,separate-sciences-ocr-b,"Carbon, Nitrogen and Water Cycles",,Photo via Unsplash,(needs description) (Photo via Unsplash),N
https://upload.wikimedia.org/wikipedia/commons/0/0c/Mitochondria%2C_mammalian_lung_-_TEM.jpg,wikimedia,Public domain,FREE,Louisa Howard,photo,1,separate-sciences-ocr-b,Cellular Respiration and Cell Structures,,Photo by Louisa Howard · public domain · Wikimedia Commons,(needs description) (Photo by Louisa Howard · public domain · Wikimedia Commons),N
https://images.unsplash.com/photo-1623555111384-181ad3e0eaf1,unsplash,,,,photo,2,separate-sciences-ocr-b,Climate Models and Earth's Energy Balance,,Photo via Unsplash,(needs description) (Photo via Unsplash),N
https://pub-aeb94e100e5a48f4a133be5bf206aecb.r2.dev/separate-sciences-ocr-b/physics-forces-motion-radioactivity/lesson-02-hero.jpg,r2,,,,photo,1,separate-sciences-ocr-b,"Describing Motion — Speed, Velocity, Acceleration",,Photo via Unsplash,(needs description) (Photo via Unsplash),N
https://pub-aeb94e100e5a48f4a133be5bf206aecb.r2.dev/separate-sciences-ocr-b/biology-life-on-earth-ecosystems/lesson-02-hero.jpg,r2,,,,photo,1,separate-sciences-ocr-b,Ecosystems and Interdependence,,Photo via Unsplash,(needs description) (Photo via Unsplash),N
https://pub-aeb94e100e5a48f4a133be5bf206aecb.r2.dev/separate-sciences-ocr-b/chemistry-materials-reactions/lesson-02-hero.jpg,r2,,,,photo,1,separate-sciences-ocr-b,Electrolysis,,Photo via Unsplash,(needs description) (Photo via Unsplash),N
https://images.unsplash.com/photo-1654083198752-56ff209c8129,unsplash,,,,photo,1,separate-sciences-ocr-b,Energy Use and Sustainable Sources,,Photo via Unsplash,(needs description) (Photo via Unsplash),N
https://upload.wikimedia.org/wikipedia/commons/b/b8/Honda_Fit_-_Impact_Still.jpg,wikimedia,Public domain,FREE,"Calspan Corporation, National Highway Traffic Administration",photo,1,separate-sciences-ocr-b,Energy in Motion — Crumple Zones and Momentum,,"Photo by Calspan Corporation, National Highway Traffic Administration · public domain · Wikimedia Commons","(needs description) (Photo by Calspan Corporation, National Highway Traffic Administration · public domain · Wikimedia Commons)",N
https://images.unsplash.com/photo-1758685848691-3933bc2aa3ce,unsplash,,,,photo,1,separate-sciences-ocr-b,Equations and Calculations,,Photo via Unsplash,(needs description) (Photo via Unsplash),N
https://upload.wikimedia.org/wikipedia/commons/6/62/Dolly_the_sheep%2C_National_Museums_of_Scotland%2C_Edinburgh_-_geograph.org.uk_-_1301843.jpg,wikimedia,CC BY-SA 2.0,SHARE-ALIKE,Mike Pennington,photo,1,separate-sciences-ocr-b,Gene Technology and Ethics,,Photo by Mike Pennington · CC BY-SA 2.0 · Wikimedia Commons,(needs description) (Photo by Mike Pennington · CC BY-SA 2.0 · Wikimedia Commons),N
https://images.unsplash.com/photo-1681911046068-79bd605f8663,unsplash,,,,photo,1,separate-sciences-ocr-b,"Genome, DNA and Cells",,Photo via Unsplash,(needs description) (Photo via Unsplash),N
https://images.unsplash.com/photo-1646342425012-f098cd304508,unsplash,,,,photo,1,separate-sciences-ocr-b,"Growth, Stem Cells and Plant Hormones",,Photo via Unsplash,(needs description) (Photo via Unsplash),N
https://images.unsplash.com/photo-1675860094441-5127d5b05820,unsplash,,,,photo,1,separate-sciences-ocr-b,Industrial Chemistry — The Haber Process,,Photo via Unsplash,(needs description) (Photo via Unsplash),N
https://upload.wikimedia.org/wikipedia/commons/4/42/Elektroi_itsasoa.jpg,wikimedia,CC BY-SA 4.0,SHARE-ALIKE,Julen Aduriz EHU,photo,1,separate-sciences-ocr-b,"Ionic, Covalent and Metallic Bonding",,Photo by Julen Aduriz EHU · CC BY-SA 4.0 · Wikimedia Commons,(needs description) (Photo by Julen Aduriz EHU · CC BY-SA 4.0 · Wikimedia Commons),N
https://upload.wikimedia.org/wikipedia/commons/6/62/DNA_sequence.jpg,wikimedia,CC BY 2.0,ATTRIB-REQUIRED,"MIKI Yoshihito from Sapporo City,Hokkaido., JAPAN",photo,1,separate-sciences-ocr-b,Mutations and Variation,,"Photo by MIKI Yoshihito from Sapporo City,Hokkaido., JAPAN · CC BY 2.0 · Wikimedia Commons","(needs description) (Photo by MIKI Yoshihito from Sapporo City,Hokkaido., JAPAN · CC BY 2.0 · Wikimedia Commons)",N
https://pub-aeb94e100e5a48f4a133be5bf206aecb.r2.dev/separate-sciences-ocr-b/chemistry-materials-reactions/lesson-05-hero.jpg,r2,,,,photo,1,separate-sciences-ocr-b,Nanoparticles and End-of-Life,,Photo via Unsplash,(needs description) (Photo via Unsplash),N
https://pub-aeb94e100e5a48f4a133be5bf206aecb.r2.dev/separate-sciences-ocr-b/biology-life-on-earth-ecosystems/lesson-01-hero.jpg,r2,,,,photo,1,separate-sciences-ocr-b,Photosynthesis and Plant Growth,,Photo via Unsplash,(needs description) (Photo via Unsplash),N
https://images.unsplash.com/photo-1773291934216-b44b95456491,unsplash,,,,photo,1,separate-sciences-ocr-b,"Polymers, Bonding and Materials",,Photo via Unsplash,(needs description) (Photo via Unsplash),N
https://images.unsplash.com/photo-1564517945244-d371c925640b,unsplash,,,,photo,1,separate-sciences-ocr-b,"Power, Energy and Mains Electricity",,Photo via Unsplash,(needs description) (Photo via Unsplash),N
https://upload.wikimedia.org/wikipedia/commons/4/40/Geiger_counter.jpg,wikimedia,CC BY-SA 3.0,SHARE-ALIKE,Boffy b,photo,1,separate-sciences-ocr-b,Radioactivity and Half-Life,,Photo by Boffy b · CC BY-SA 3.0 · Wikimedia Commons,(needs description) (Photo by Boffy b · CC BY-SA 3.0 · Wikimedia Commons),N
https://pub-aeb94e100e5a48f4a133be5bf206aecb.r2.dev/separate-sciences-ocr-b/physics-particle-models-universe/lesson-02-hero.jpg,r2,,,,photo,1,separate-sciences-ocr-b,"Solids, Springs and Hooke's Law",,Photo via Unsplash,(needs description) (Photo via Unsplash),N
https://pub-aeb94e100e5a48f4a133be5bf206aecb.r2.dev/separate-sciences-ocr-b/physics-particle-models-universe/lesson-04-hero.jpg,r2,,,,photo,2,separate-sciences-ocr-b,"Stars, Galaxies and the Big Bang",,Photo via Unsplash,(needs description) (Photo via Unsplash),N
https://images.unsplash.com/photo-1612277795421-9bc7706a4a34,unsplash,,,,photo,1,separate-sciences-ocr-b,Stopping Infection — Vaccination and Hygiene,,Photo via Unsplash,(needs description) (Photo via Unsplash),N
https://pub-aeb94e100e5a48f4a133be5bf206aecb.r2.dev/separate-sciences-ocr-b/chemistry-earth-air-water/lesson-01-hero.jpg,r2,,,,photo,1,separate-sciences-ocr-b,The Earth's Atmosphere Through Time,,Photo via Unsplash,(needs description) (Photo via Unsplash),N
https://upload.wikimedia.org/wikipedia/commons/d/d5/Normal_lung_Alveoli_%283678762542%29.jpg,wikimedia,CC BY-SA 2.0,SHARE-ALIKE,Yale Rosen from USA,photo,1,separate-sciences-ocr-b,Transport in the Body,,Photo by Yale Rosen from USA · CC BY-SA 2.0 · Wikimedia Commons,(needs description) (Photo by Yale Rosen from USA · CC BY-SA 2.0 · Wikimedia Commons),N
https://pub-aeb94e100e5a48f4a133be5bf206aecb.r2.dev/separate-sciences-ocr-b/biology-keeping-healthy/lesson-04-hero.jpg,r2,,,,photo,1,separate-sciences-ocr-b,Treating Disease — Drugs and Trials,,Photo via Unsplash,(needs description) (Photo via Unsplash),N
https://pub-aeb94e100e5a48f4a133be5bf206aecb.r2.dev/separate-sciences-ocr-b/physics-forces-motion-radioactivity/lesson-05-hero.jpg,r2,,,,photo,1,separate-sciences-ocr-b,Using Radioactive Materials Safely,,Photo via Unsplash,(needs description) (Photo via Unsplash),N
https://images.unsplash.com/photo-1603477216430-1dbc6c16c578,unsplash,,,,photo,1,sociology-aqa,Changing Relationships Within Families,,Photo via Unsplash,(needs description) (Photo via Unsplash),N
https://images.unsplash.com/photo-1709985532799-92d35afb7593,unsplash,,,,photo,1,sociology-aqa,Conjugal Role Relationships,,Photo via Unsplash,(needs description) (Photo via Unsplash),N
https://images.unsplash.com/photo-1572033469469-e01521f4ed95,unsplash,,,,photo,1,sociology-aqa,Criticisms of Families,,Photo via Unsplash,(needs description) (Photo via Unsplash),N
https://images.unsplash.com/photo-1767059439535-10d3f5e6ad35,unsplash,,,,photo,1,sociology-aqa,Data on Crime and the Dark Figure,,Photo via Unsplash,(needs description) (Photo via Unsplash),N
https://images.unsplash.com/photo-1695548303341-ee88e58c52fb,unsplash,,,,photo,1,sociology-aqa,Education and Capitalism: Bowles and Gintis,,Photo via Unsplash,(needs description) (Photo via Unsplash),N
https://images.unsplash.com/photo-1775623606597-9f677b8e1510,unsplash,,,,photo,1,sociology-aqa,Factors Affecting Educational Achievement,,Photo via Unsplash,(needs description) (Photo via Unsplash),N
https://images.unsplash.com/photo-1597524696660-5bad10d0d765,unsplash,,,,photo,1,sociology-aqa,Family Forms and Family Diversity,,Photo via Unsplash,(needs description) (Photo via Unsplash),N
https://images.unsplash.com/photo-1531167599833-609a45d3d903,unsplash,,,,photo,1,sociology-aqa,Functionalist Theory of Stratification,,Photo via Unsplash,(needs description) (Photo via Unsplash),N
https://images.unsplash.com/photo-1718592168437-8382e5b97736,unsplash,,,,photo,2,sociology-aqa,Functionalist and Subcultural Theories: Merton,,Photo via Unsplash,(needs description) (Photo via Unsplash),N
https://images.unsplash.com/photo-1655105742471-cca7195b12da,unsplash,,,,photo,1,sociology-aqa,Interactionist Theory of Crime: Becker and Labelling,,Photo via Unsplash,(needs description) (Photo via Unsplash),N
https://images.unsplash.com/photo-1592118328722-30c366b32b11,unsplash,,,,photo,1,sociology-aqa,Life Chances,,Photo via Unsplash,(needs description) (Photo via Unsplash),N
https://images.unsplash.com/photo-1608342381036-15657da6bf58,unsplash,,,,photo,1,sociology-aqa,Poverty as a Social Issue: Townsend and Murray,,Photo via Unsplash,(needs description) (Photo via Unsplash),N
https://images.unsplash.com/photo-1633277194213-0cf98248cdc0,unsplash,,,,photo,2,sociology-aqa,Power Relationships: Walby on Patriarchy,,Photo via Unsplash,(needs description) (Photo via Unsplash),N
https://images.unsplash.com/photo-1578191290994-f02a85fee202,unsplash,,,,photo,1,sociology-aqa,Power and Authority: Weber,,Photo via Unsplash,(needs description) (Photo via Unsplash),N
https://images.unsplash.com/photo-1761558794306-466448dab4bc,unsplash,,,,photo,1,sociology-aqa,Processes Within Schools,,Photo via Unsplash,(needs description) (Photo via Unsplash),N
https://upload.wikimedia.org/wikipedia/commons/d/dd/Newspaper_20250330_120826.jpg,wikimedia,CC BY 4.0,ATTRIB-REQUIRED,Ka23 13,photo,2,sociology-aqa,Public Debates About Crime,,Photo by Ka23 13 · CC BY 4.0 · Wikimedia Commons,(needs description) (Photo by Ka23 13 · CC BY 4.0 · Wikimedia Commons),N
https://images.unsplash.com/photo-1542903660-eedba2cda473,unsplash,,,,photo,1,sociology-aqa,"Research Design, Sampling and Types of Data",,Photo via Unsplash,(needs description) (Photo via Unsplash),N
https://upload.wikimedia.org/wikipedia/commons/0/04/Fragebogen_zur_Wikipedia_-_YOU_Berlin_2008_%286566%29.JPG,wikimedia,CC BY-SA 4.0,SHARE-ALIKE,Raimond Spekking,photo,1,sociology-aqa,"Research Methods: Questionnaires, Interviews and Observation",,Photo by Raimond Spekking · CC BY-SA 4.0 · Wikimedia Commons,(needs description) (Photo by Raimond Spekking · CC BY-SA 4.0 · Wikimedia Commons),N
https://images.unsplash.com/photo-1769794371007-9bf419217727,unsplash,,,,photo,1,sociology-aqa,Researching Education,,Photo via Unsplash,(needs description) (Photo via Unsplash),N
https://images.unsplash.com/photo-1542037104857-ffbb0b9155fb,unsplash,,,,photo,1,sociology-aqa,Researching Families,,Photo via Unsplash,(needs description) (Photo via Unsplash),N
https://images.unsplash.com/photo-1661335908603-9afc9938a225,unsplash,,,,photo,1,sociology-aqa,"Researching Stratification, Crime and Inequality",,Photo via Unsplash,(needs description) (Photo via Unsplash),N
https://images.unsplash.com/photo-1524995997946-a1c2e315a42f,unsplash,,,,photo,1,sociology-aqa,Roles and Functions of Education,,Photo via Unsplash,(needs description) (Photo via Unsplash),N
https://images.unsplash.com/photo-1598539632840-9eca55c4e270,unsplash,,,,photo,2,sociology-aqa,Socio-Economic Class: Marx and Weber,,Photo via Unsplash,(needs description) (Photo via Unsplash),N
https://upload.wikimedia.org/wikipedia/commons/d/d0/AlCaponemugshotCPD.jpg,wikimedia,Public domain,FREE,United States Bureau of Prisons,photo,2,sociology-aqa,The Social Construction of Crime and Deviance,,Photo by United States Bureau of Prisons · public domain · Wikimedia Commons,(needs description) (Photo by United States Bureau of Prisons · public domain · Wikimedia Commons),N
https://upload.wikimedia.org/wikipedia/commons/2/2a/L%C3%BCdinghausen%2C_Gymnasium_Canisianum_--_2016_--_3636.jpg,wikimedia,CC BY-SA 4.0,SHARE-ALIKE,Dietmar Rabich,photo,1,sociology-aqa,Types of School and Alternative Provision,,Photo by Dietmar Rabich · CC BY-SA 4.0 · Wikimedia Commons,(needs description) (Photo by Dietmar Rabich · CC BY-SA 4.0 · Wikimedia Commons),N
https://images.unsplash.com/photo-1528642474498-1af0c17fd8c3,unsplash,,,,photo,1,sociology-aqa,What Is Sociology? The Sociological Approach,,Photo via Unsplash,(needs description) (Photo via Unsplash),N
https://pub-aeb94e100e5a48f4a133be5bf206aecb.r2.dev/sociology-eduqas/crime-deviance/lesson-07-hero.jpg,r2,,,,photo,1,sociology-eduqas,Applied Methods: Designing Sociological Research,,Photo via Unsplash,(needs description) (Photo via Unsplash),N
https://images.unsplash.com/photo-1516395614785-58f599409d3c,unsplash,,,,photo,1,sociology-eduqas,Criticisms of the Family,,Photo via Unsplash,(needs description) (Photo via Unsplash),N
https://images.unsplash.com/photo-1546437593-3d0258c28037,unsplash,,,,photo,1,sociology-eduqas,Designing Sociological Research and Interpreting Data,,Photo via Unsplash,(needs description) (Photo via Unsplash),N
https://images.unsplash.com/photo-1516822003754-cca485356ecb,unsplash,,,,photo,2,sociology-eduqas,"Divorce: Causes, Consequences and Theoretical Perspectives",,Photo via Unsplash,(needs description) (Photo via Unsplash),N
https://pub-aeb94e100e5a48f4a133be5bf206aecb.r2.dev/sociology-eduqas/education/lesson-04-hero.jpg,r2,,,,photo,1,sociology-eduqas,"Factors Affecting Achievement: Class, Ethnicity and Gender",,Photo via Unsplash,(needs description) (Photo via Unsplash),N
https://pub-aeb94e100e5a48f4a133be5bf206aecb.r2.dev/sociology-eduqas/families/lesson-01-hero.jpg,r2,,,,photo,1,sociology-eduqas,Family Forms and Family Diversity,,Photo via Unsplash,(needs description) (Photo via Unsplash),N
https://images.unsplash.com/photo-1713950658643-b6882cc08e2b,unsplash,,,,photo,1,sociology-eduqas,Functionalist and Subcultural Theories of Crime,,Photo via Unsplash,(needs description) (Photo via Unsplash),N
https://images.unsplash.com/photo-1631993270583-bc78eae1e74e,unsplash,,,,photo,1,sociology-eduqas,"Inequality in Contemporary UK: Class, Gender, Ethnicity",,Photo via Unsplash,(needs description) (Photo via Unsplash),N
https://pub-aeb94e100e5a48f4a133be5bf206aecb.r2.dev/sociology-eduqas/social-differentiation-stratification/lesson-04-hero.jpg,r2,,,,photo,1,sociology-eduqas,"Inequality: Age, Disability, Sexuality and Religion",,Photo via Unsplash,(needs description) (Photo via Unsplash),N
https://images.unsplash.com/photo-1676276383599-478e31770aac,unsplash,,,,photo,1,sociology-eduqas,Key Sociological Concepts and the Sociological Approach,,Photo via Unsplash,(needs description) (Photo via Unsplash),N
https://upload.wikimedia.org/wikipedia/commons/5/53/Going_up_or_down_advertisement.jpg,wikimedia,Public domain,FREE,International Correspondence Schools.,photo,1,sociology-eduqas,Life Chances and Social Mobility,,Photo by International Correspondence Schools. · public domain · Wikimedia Commons,(needs description) (Photo by International Correspondence Schools. · public domain · Wikimedia Commons),N
https://images.unsplash.com/photo-1441804238730-210ce1c2cc00,unsplash,,,,photo,1,sociology-eduqas,Patterns of Criminal and Deviant Behaviour,,Photo via Unsplash,(needs description) (Photo via Unsplash),N
https://images.unsplash.com/photo-1675647699232-76b8f533b006,unsplash,,,,photo,1,sociology-eduqas,Patterns of Educational Achievement,,Photo via Unsplash,(needs description) (Photo via Unsplash),N
https://images.unsplash.com/photo-1624811532681-e58a7e25f273,unsplash,,,,photo,2,sociology-eduqas,Poverty as a Social Issue,,Photo via Unsplash,(needs description) (Photo via Unsplash),N
https://pub-aeb94e100e5a48f4a133be5bf206aecb.r2.dev/sociology-eduqas/social-differentiation-stratification/lesson-02-hero.jpg,r2,,,,photo,1,sociology-eduqas,Power and Authority: Weber's Three Types,,Photo via Unsplash,(needs description) (Photo via Unsplash),N
https://images.unsplash.com/photo-1743385779431-45d26d9775b1,unsplash,,,,photo,1,sociology-eduqas,Processes Inside Schools,,Photo via Unsplash,(needs description) (Photo via Unsplash),N
https://pub-aeb94e100e5a48f4a133be5bf206aecb.r2.dev/sociology-eduqas/education/lesson-06-hero.jpg,r2,,,,photo,1,sociology-eduqas,Researching Education,,Photo via Unsplash,(needs description) (Photo via Unsplash),N
https://images.unsplash.com/photo-1645821522708-898c52901a8c,unsplash,,,,photo,2,sociology-eduqas,"Sampling, Practical and Ethical Issues",,Photo via Unsplash,(needs description) (Photo via Unsplash),N
https://pub-aeb94e100e5a48f4a133be5bf206aecb.r2.dev/sociology-eduqas/families/lesson-03-hero.jpg,r2,,,,photo,1,sociology-eduqas,Social Change and Family Relationships,,Photo via Unsplash,(needs description) (Photo via Unsplash),N
https://images.unsplash.com/photo-1609253932702-796cbf3d3171,unsplash,,,,photo,1,sociology-eduqas,Social Change and Family Structures,,Photo via Unsplash,(needs description) (Photo via Unsplash),N
https://images.unsplash.com/photo-1590856029826-c7a73142bbf1,unsplash,,,,photo,1,sociology-eduqas,Social Control: Formal and Informal,,Photo via Unsplash,(needs description) (Photo via Unsplash),N
https://images.unsplash.com/photo-1504976640860-42dcbf3a56da,unsplash,,,,photo,1,sociology-eduqas,"Socialisation, Identity and Agents of Socialisation",,Photo via Unsplash,(needs description) (Photo via Unsplash),N
https://pub-aeb94e100e5a48f4a133be5bf206aecb.r2.dev/sociology-eduqas/social-differentiation-stratification/lesson-01-hero.jpg,r2,,,,photo,1,sociology-eduqas,Sociological Theories of Stratification,,Photo via Unsplash,(needs description) (Photo via Unsplash),N
https://pub-aeb94e100e5a48f4a133be5bf206aecb.r2.dev/sociology-eduqas/education/lesson-01-hero.jpg,r2,,,,photo,1,sociology-eduqas,Sociological Theories of the Role of Education,,Photo via Unsplash,(needs description) (Photo via Unsplash),N
https://pub-aeb94e100e5a48f4a133be5bf206aecb.r2.dev/sociology-eduqas/families/lesson-04-hero.jpg,r2,,,,photo,1,sociology-eduqas,Sociological Theories of the Role of the Family,,Photo via Unsplash,(needs description) (Photo via Unsplash),N
https://pub-aeb94e100e5a48f4a133be5bf206aecb.r2.dev/sociology-eduqas/crime-deviance/lesson-06-hero.jpg,r2,,,,photo,1,sociology-eduqas,Sources of Data on Crime and the Dark Figure,,Photo via Unsplash,(needs description) (Photo via Unsplash),N
https://images.unsplash.com/photo-1587154220984-378b822409b2,unsplash,,,,photo,2,sociology-eduqas,The Four Sociological Perspectives,,Photo via Unsplash,(needs description) (Photo via Unsplash),N
https://pub-aeb94e100e5a48f4a133be5bf206aecb.r2.dev/sociology-eduqas/crime-deviance/lesson-01-hero.jpg,r2,,,,photo,1,sociology-eduqas,The Social Construction of Crime and Deviance,,Photo via Unsplash,(needs description) (Photo via Unsplash),N
https://images.unsplash.com/photo-1758612214882-03f8a1d7211f,unsplash,,,,photo,1,sociology-eduqas,Types of School and Educational Provision,,Photo via Unsplash,(needs description) (Photo via Unsplash),N
https://pub-aeb94e100e5a48f4a133be5bf206aecb.r2.dev/spanish/communication-and-world/lesson-02-hero.jpg,r2,,,,photo,2,spanish,Accommodation and Hotels,,Photo via Unsplash,(needs description) (Photo via Unsplash),N
https://pub-aeb94e100e5a48f4a133be5bf206aecb.r2.dev/spanish/people-and-lifestyle/lesson-06-hero.jpg,r2,,,,photo,2,spanish,"Body Parts, Illness and Ailments",,Photo via Unsplash,(needs description) (Photo via Unsplash),N
https://pub-aeb94e100e5a48f4a133be5bf206aecb.r2.dev/spanish/people-and-lifestyle/lesson-07-hero.jpg,r2,,,,photo,2,spanish,"Drugs, Smoking and Alcohol",,Photo via Unsplash,(needs description) (Photo via Unsplash),N
https://pub-aeb94e100e5a48f4a133be5bf206aecb.r2.dev/spanish/people-and-lifestyle/lesson-01-hero.jpg,r2,,,,photo,2,spanish,Family and Describing People,,Photo via Unsplash,(needs description) (Photo via Unsplash),N
https://pub-aeb94e100e5a48f4a133be5bf206aecb.r2.dev/spanish/people-and-lifestyle/lesson-05-hero.jpg,r2,,,,photo,2,spanish,"Food, Drink and Mealtimes",,Photo via Unsplash,(needs description) (Photo via Unsplash),N
https://pub-aeb94e100e5a48f4a133be5bf206aecb.r2.dev/spanish/people-and-lifestyle/lesson-02-hero.jpg,r2,,,,photo,2,spanish,Friendships and Relationships,,Photo via Unsplash,(needs description) (Photo via Unsplash),N
https://pub-aeb94e100e5a48f4a133be5bf206aecb.r2.dev/spanish/people-and-lifestyle/lesson-04-hero.jpg,r2,,,,photo,2,spanish,Healthy Living and Lifestyle,,Photo via Unsplash,(needs description) (Photo via Unsplash),N
https://pub-aeb94e100e5a48f4a133be5bf206aecb.r2.dev/spanish/communication-and-world/lesson-06-hero.jpg,r2,,,,photo,2,spanish,My House and Home,,Photo via Unsplash,(needs description) (Photo via Unsplash),N
https://pub-aeb94e100e5a48f4a133be5bf206aecb.r2.dev/spanish/communication-and-world/lesson-07-hero.jpg,r2,,,,photo,2,spanish,My Town and Local Area,,Photo via Unsplash,(needs description) (Photo via Unsplash),N
https://pub-aeb94e100e5a48f4a133be5bf206aecb.r2.dev/spanish/people-and-lifestyle/lesson-03-hero.jpg,r2,,,,photo,2,spanish,Relationships and Marriage,,Photo via Unsplash,(needs description) (Photo via Unsplash),N
https://pub-aeb94e100e5a48f4a133be5bf206aecb.r2.dev/spanish/people-and-lifestyle/lesson-10-hero.jpg,r2,,,,photo,2,spanish,"School Rules, Homework and Future Plans",,Photo via Unsplash,(needs description) (Photo via Unsplash),N
https://pub-aeb94e100e5a48f4a133be5bf206aecb.r2.dev/spanish/people-and-lifestyle/lesson-08-hero.jpg,r2,,,,photo,2,spanish,School Subjects and Opinions,,Photo via Unsplash,(needs description) (Photo via Unsplash),N
https://upload.wikimedia.org/wikipedia/commons/e/e3/Ceip_virgen_paz_vicar_2.jpg,wikimedia,CC0,FREE,MdeVicente,photo,2,spanish,"Teachers, School Day and Facilities",,Photo by MdeVicente · public domain · Wikimedia Commons,(needs description) (Photo by MdeVicente · public domain · Wikimedia Commons),N
https://pub-aeb94e100e5a48f4a133be5bf206aecb.r2.dev/spanish/communication-and-world/lesson-08-hero.jpg,r2,,,,photo,2,spanish,The Environment and Global Issues,,Photo via Unsplash,(needs description) (Photo via Unsplash),N
https://pub-aeb94e100e5a48f4a133be5bf206aecb.r2.dev/spanish/communication-and-world/lesson-04-hero.jpg,r2,,,,photo,2,spanish,Weather and Holiday Activities,,Photo via Unsplash,(needs description) (Photo via Unsplash),N
https://images.unsplash.com/photo-1735827314347-ef7e9829df08,unsplash,,,,photo,2,spanish-aqa,Celebrity Culture and Role Models,,Photo via Unsplash,(needs description) (Photo via Unsplash),N
https://upload.wikimedia.org/wikipedia/commons/5/58/The_Siesta_MET_DT1952.jpg,wikimedia,CC0,FREE,Paul Gauguin,photo,2,spanish-aqa,Customs and Traditions,,Photo by Paul Gauguin · public domain · Wikimedia Commons,(needs description) (Photo by Paul Gauguin · public domain · Wikimedia Commons),N
https://upload.wikimedia.org/wikipedia/commons/4/45/Restaurante_Casa_Sira%2C_Gu%C3%ADa_de_Isora_4.jpg,wikimedia,CC BY-SA 4.0,SHARE-ALIKE,Fry72,photo,2,spanish-aqa,Eating Out and Restaurant Conversations,,Photo by Fry72 · CC BY-SA 4.0 · Wikimedia Commons,(needs description) (Photo by Fry72 · CC BY-SA 4.0 · Wikimedia Commons),N
https://pub-aeb94e100e5a48f4a133be5bf206aecb.r2.dev/spanish/popular-culture/lesson-01-hero.jpg,r2,,,,photo,2,spanish-aqa,Free-Time Activities and Hobbies,,Photo via Unsplash,(needs description) (Photo via Unsplash),N
https://pub-aeb94e100e5a48f4a133be5bf206aecb.r2.dev/spanish/communication-and-world/lesson-01-hero.jpg,r2,,,,photo,2,spanish-aqa,Holidays and Travel Plans,,Photo via Unsplash,(needs description) (Photo via Unsplash),N
https://pub-aeb94e100e5a48f4a133be5bf206aecb.r2.dev/spanish/popular-culture/lesson-02-hero.jpg,r2,,,,photo,2,spanish-aqa,"Music, Film and Television",,Photo via Unsplash,(needs description) (Photo via Unsplash),N
https://upload.wikimedia.org/wikipedia/commons/8/83/Social_media_addiction.jpg,wikimedia,CC BY-SA 4.0,SHARE-ALIKE,Doctorxgc,photo,2,spanish-aqa,Social Media and Online Life,,Photo by Doctorxgc · CC BY-SA 4.0 · Wikimedia Commons,(needs description) (Photo by Doctorxgc · CC BY-SA 4.0 · Wikimedia Commons),N
https://upload.wikimedia.org/wikipedia/commons/f/fc/San_marcos_bullfight_01.jpg,wikimedia,CC BY-SA 3.0,SHARE-ALIKE,Tomas Castelazo,photo,2,spanish-aqa,Spanish Festivals and Celebrations,,Photo by Tomas Castelazo · CC BY-SA 3.0 · Wikimedia Commons,(needs description) (Photo by Tomas Castelazo · CC BY-SA 3.0 · Wikimedia Commons),N
https://pub-aeb94e100e5a48f4a133be5bf206aecb.r2.dev/spanish/popular-culture/lesson-03-hero.jpg,r2,,,,photo,2,spanish-aqa,Sport and Exercise,,Photo via Unsplash,(needs description) (Photo via Unsplash),N
https://pub-aeb94e100e5a48f4a133be5bf206aecb.r2.dev/spanish/communication-and-world/lesson-05-hero.jpg,r2,,,,photo,2,spanish-aqa,Technology and Social Media,,Photo via Unsplash,(needs description) (Photo via Unsplash),N
https://pub-aeb94e100e5a48f4a133be5bf206aecb.r2.dev/spanish/communication-and-world/lesson-03-hero.jpg,r2,,,,photo,2,spanish-aqa,Transport and Directions,,Photo via Unsplash,(needs description) (Photo via Unsplash),N
https://images.unsplash.com/photo-1713711437257-0232e837f40c,unsplash,,,,photo,1,sport-science,Acute Sports Injuries,,Photo via Unsplash,(needs description) (Photo via Unsplash),N
https://pub-aeb94e100e5a48f4a133be5bf206aecb.r2.dev/sport-science/r180/lesson-06-hero.jpg,r2,,,,photo,1,sport-science,Chronic Sports Injuries,,Photo via Unsplash,(needs description) (Photo via Unsplash),N
https://pub-aeb94e100e5a48f4a133be5bf206aecb.r2.dev/sport-science/r180/lesson-04-hero.jpg,r2,,,,photo,1,sport-science,Cool Down Routines,,Photo via Unsplash,(needs description) (Photo via Unsplash),N
https://images.unsplash.com/photo-1552910919-1ec9e2c54743,unsplash,,,,photo,1,sport-science,Extrinsic Factors,,Photo via Unsplash,(needs description) (Photo via Unsplash),N
https://pub-aeb94e100e5a48f4a133be5bf206aecb.r2.dev/sport-science/r180/lesson-02-hero.jpg,r2,,,,photo,1,sport-science,Intrinsic Factors,,Photo via Unsplash,(needs description) (Photo via Unsplash),N
https://pub-aeb94e100e5a48f4a133be5bf206aecb.r2.dev/sport-science/r180/lesson-09-hero.jpg,r2,,,,photo,1,sport-science,"Medical Conditions: Asthma, Diabetes & Epilepsy",,Photo via Unsplash,(needs description) (Photo via Unsplash),N
https://images.unsplash.com/photo-1688565633088-3bdb423a59cb,unsplash,,,,photo,1,sport-science,"Medical Conditions: SCA, Hypothermia, Heat Exhaustion & Dehydration",,Photo via Unsplash,(needs description) (Photo via Unsplash),N
https://pub-aeb94e100e5a48f4a133be5bf206aecb.r2.dev/sport-science/r180/lesson-07-hero.jpg,r2,,,,photo,1,sport-science,Reducing Risk & Emergency Action Plans,,Photo via Unsplash,(needs description) (Photo via Unsplash),N
https://images.unsplash.com/photo-1645005512968-0c1fe99f0093,unsplash,,,,photo,1,sport-science,Treatment & Rehabilitation,,Photo via Unsplash,(needs description) (Photo via Unsplash),N
https://images.unsplash.com/photo-1529272599668-1f42ea08124a,unsplash,,,,photo,1,sport-science,Warm Up Routines,,Photo via Unsplash,(needs description) (Photo via Unsplash),N
https://pub-aeb94e100e5a48f4a133be5bf206aecb.r2.dev/statistics-aqa/numerical-measures/lesson-02-hero.jpg,r2,,,,photo,1,statistics-aqa,Averages from Frequency Tables and Grouped Data,,Photo via Unsplash,(needs description) (Photo via Unsplash),N
https://pub-aeb94e100e5a48f4a133be5bf206aecb.r2.dev/statistics-aqa/representing-data/lesson-02-hero.jpg,r2,,,,photo,1,statistics-aqa,"Bar Charts, Pie Charts and Stem-and-Leaf Diagrams",,Photo via Unsplash,(needs description) (Photo via Unsplash),N
https://pub-aeb94e100e5a48f4a133be5bf206aecb.r2.dev/statistics-aqa/probability-comparing-distributions/lesson-04-hero.jpg,r2,,,,photo,1,statistics-aqa,Comparing Data Sets in Context,,Photo via Unsplash,(needs description) (Photo via Unsplash),N
https://images.unsplash.com/photo-1621571029036-1573d2b1dc5c,unsplash,,,,photo,1,statistics-aqa,"Correlation, Causation and the Vocabulary of Association",,Photo via Unsplash,(needs description) (Photo via Unsplash),N
https://pub-aeb94e100e5a48f4a133be5bf206aecb.r2.dev/statistics-aqa/representing-data/lesson-05-hero.jpg,r2,,,,photo,1,statistics-aqa,Cumulative Frequency and Box Plots,,Photo via Unsplash,(needs description) (Photo via Unsplash),N
https://pub-aeb94e100e5a48f4a133be5bf206aecb.r2.dev/statistics-aqa/representing-data/lesson-03-hero.jpg,r2,,,,photo,1,statistics-aqa,"Frequency Polygons, Time Series and Line Charts",,Photo via Unsplash,(needs description) (Photo via Unsplash),N
https://pub-aeb94e100e5a48f4a133be5bf206aecb.r2.dev/statistics-aqa/representing-data/lesson-04-hero.jpg,r2,,,,photo,1,statistics-aqa,Histograms and Frequency Density,,Photo via Unsplash,(needs description) (Photo via Unsplash),N
https://images.unsplash.com/photo-1665789318391-6057c533005e,unsplash,,,,photo,1,statistics-aqa,"Hypotheses, Questions and Investigation Constraints",,Photo via Unsplash,(needs description) (Photo via Unsplash),N
https://pub-aeb94e100e5a48f4a133be5bf206aecb.r2.dev/statistics-aqa/numerical-measures/lesson-01-hero.jpg,r2,,,,photo,1,statistics-aqa,"Mode, Median and Mean for Ungrouped Data",,Photo via Unsplash,(needs description) (Photo via Unsplash),N
https://pub-aeb94e100e5a48f4a133be5bf206aecb.r2.dev/statistics-aqa/probability-comparing-distributions/lesson-05-hero.jpg,r2,,,,photo,1,statistics-aqa,Normal Distribution and Standardising Data,,Photo via Unsplash,(needs description) (Photo via Unsplash),N
https://images.unsplash.com/photo-1583521214690-73421a1829a9,unsplash,,,,photo,1,statistics-aqa,Primary and Secondary Data Sources,,Photo via Unsplash,(needs description) (Photo via Unsplash),N
https://pub-aeb94e100e5a48f4a133be5bf206aecb.r2.dev/statistics-aqa/probability-comparing-distributions/lesson-01-hero.jpg,r2,,,,photo,1,statistics-aqa,"Probability Scale, Expected Frequency and Estimating from Data",,Photo via Unsplash,(needs description) (Photo via Unsplash),N
https://pub-aeb94e100e5a48f4a133be5bf206aecb.r2.dev/statistics-aqa/probability-comparing-distributions/lesson-06-hero.jpg,r2,,,,photo,1,statistics-aqa,"Quality Control Charts, Population Estimates and Capture-Recapture",,Photo via Unsplash,(needs description) (Photo via Unsplash),N
https://images.unsplash.com/photo-1680602239356-f919632ce80d,unsplash,,,,photo,1,statistics-aqa,"Questionnaires, Pilot Studies and Cleaning Data",,Photo via Unsplash,(needs description) (Photo via Unsplash),N
https://pub-aeb94e100e5a48f4a133be5bf206aecb.r2.dev/statistics-aqa/numerical-measures/lesson-04-hero.jpg,r2,,,,photo,1,statistics-aqa,"Range, Quartiles and Interquartile Range",,Photo via Unsplash,(needs description) (Photo via Unsplash),N
https://upload.wikimedia.org/wikipedia/commons/1/1f/2012_08_05_030_Tomaten.jpg,wikimedia,CC BY-SA 4.0,SHARE-ALIKE,Friedrich Haag,photo,1,statistics-aqa,"Reading Skew, Outliers and Distributions",,Photo by Friedrich Haag · CC BY-SA 4.0 · Wikimedia Commons,(needs description) (Photo by Friedrich Haag · CC BY-SA 4.0 · Wikimedia Commons),N
https://pub-aeb94e100e5a48f4a133be5bf206aecb.r2.dev/statistics-aqa/probability-comparing-distributions/lesson-02-hero.jpg,r2,,,,photo,1,statistics-aqa,"Relative Risk, Absolute Risk and Risk Communication",,Photo via Unsplash,(needs description) (Photo via Unsplash),N
https://pub-aeb94e100e5a48f4a133be5bf206aecb.r2.dev/statistics-aqa/numerical-measures/lesson-06-hero.jpg,r2,,,,photo,1,statistics-aqa,"Scatter Diagrams, Line of Best Fit and Regression",,Photo via Unsplash,(needs description) (Photo via Unsplash),N
https://pub-aeb94e100e5a48f4a133be5bf206aecb.r2.dev/statistics-aqa/representing-data/lesson-06-hero.jpg,r2,,,,photo,1,statistics-aqa,"Scatter Diagrams, Population Pyramids and Choropleth Maps",,Photo via Unsplash,(needs description) (Photo via Unsplash),N
https://pub-aeb94e100e5a48f4a133be5bf206aecb.r2.dev/statistics-aqa/numerical-measures/lesson-07-hero.jpg,r2,,,,photo,1,statistics-aqa,Spearman's Rank Correlation Coefficient,,Photo via Unsplash,(needs description) (Photo via Unsplash),N
https://pub-aeb94e100e5a48f4a133be5bf206aecb.r2.dev/statistics-aqa/numerical-measures/lesson-05-hero.jpg,r2,,,,photo,1,statistics-aqa,Standard Deviation and Interpercentile Range,,Photo via Unsplash,(needs description) (Photo via Unsplash),N
https://pub-aeb94e100e5a48f4a133be5bf206aecb.r2.dev/statistics-aqa/representing-data/lesson-01-hero.jpg,r2,,,,photo,1,statistics-aqa,"Tally Charts, Tabulation and Pictograms",,Photo via Unsplash,(needs description) (Photo via Unsplash),N
https://images.unsplash.com/photo-1585909695284-32d2985ac9c0,unsplash,,,,photo,1,statistics-aqa,The Statistical Enquiry Cycle: Reviewing the Whole Investigation,,Photo via Unsplash,(needs description) (Photo via Unsplash),N
https://images.unsplash.com/photo-1647736070365-3a6155ed477d,unsplash,,,,photo,1,statistics-aqa,"Time Series, Trends and Rates of Change",,Photo via Unsplash,(needs description) (Photo via Unsplash),N
https://pub-aeb94e100e5a48f4a133be5bf206aecb.r2.dev/statistics-aqa/probability-comparing-distributions/lesson-03-hero.jpg,r2,,,,photo,1,statistics-aqa,"Two-Way Tables, Tree Diagrams and Venn Diagrams",,Photo via Unsplash,(needs description) (Photo via Unsplash),N
https://images.unsplash.com/photo-1666875753105-c63a6f3bdc86,unsplash,,,,photo,2,statistics-aqa,Types of Data and Variables,,Photo via Unsplash,(needs description) (Photo via Unsplash),N
https://pub-aeb94e100e5a48f4a133be5bf206aecb.r2.dev/statistics-aqa/numerical-measures/lesson-03-hero.jpg,r2,,,,photo,1,statistics-aqa,Weighted Mean and Geometric Mean,,Photo via Unsplash,(needs description) (Photo via Unsplash),N
