
=== RETRO FACT-CHECK: english-literature-aqa / blood-brothers ===
run: 2026-08-30T13:26:17.672Z   mode: DRY RUN
fetched 7 lessons (live: 7)

L01  Context: Class Divide in 1980s Liverpool
      id=8a84518f-43d9-4878-b334-63b1ef9cd9bb   fields: content_html, practice_questions
        [MEDIUM] content_html: copyright: 24-word verbatim quotation from an in-copyright play, over the 15-word house ceiling. Trimmed to the 13-word form already used in this less
        [LOW] content_html: the highlighted term is "nurture" but the definition defined the whole nature-versus-nurture debate, so the tooltip did not define the word the studen
        [HIGH] practice_questions[0].type: Blood Brothers is a MODERN TEXT (AQA 8702 s3.2.1, Paper 2 Section A), not a Shakespeare play. Sibling AQA modern-text units already use "30+4 marks — 
        [HIGH] practice_questions[1].type: Blood Brothers is a MODERN TEXT (AQA 8702 s3.2.1, Paper 2 Section A), not a Shakespeare play. Sibling AQA modern-text units already use "30+4 marks — 
        [MEDIUM] practice_questions[1].marks: band ladder had a duplicated "Top band" label and a missing band, so it did not present six distinct labels against the six mark ranges. Relabelled fr
        [HIGH] practice_questions[2].type: Blood Brothers is a MODERN TEXT (AQA 8702 s3.2.1, Paper 2 Section A), not a Shakespeare play. Sibling AQA modern-text units already use "30+4 marks — 
        [MEDIUM] practice_questions[2].marks: band ladder had a duplicated "Top band" label and a missing band, so it did not present six distinct labels against the six mark ranges. Relabelled fr
        [HIGH] practice_questions[3].type: Blood Brothers is a MODERN TEXT (AQA 8702 s3.2.1, Paper 2 Section A), not a Shakespeare play. Sibling AQA modern-text units already use "30+4 marks — 
        [MEDIUM] practice_questions[3].marks: band ladder had a duplicated "Top band" label and a missing band, so it did not present six distinct labels against the six mark ranges. Relabelled fr
        [HIGH] practice_questions[4].type: Blood Brothers is a MODERN TEXT (AQA 8702 s3.2.1, Paper 2 Section A), not a Shakespeare play. Sibling AQA modern-text units already use "30+4 marks — 
        [MEDIUM] practice_questions[4].marks: band ladder had a duplicated "Top band" label and a missing band, so it did not present six distinct labels against the six mark ranges. Relabelled fr
        [HIGH] practice_questions[5].type: Blood Brothers is a MODERN TEXT (AQA 8702 s3.2.1, Paper 2 Section A), not a Shakespeare play. Sibling AQA modern-text units already use "30+4 marks — 
        [MEDIUM] practice_questions[5].marks: band ladder had a duplicated "Top band" label and a missing band, so it did not present six distinct labels against the six mark ranges. Relabelled fr

L02  Mrs Johnstone & the Pact
      id=8e4b0146-b283-4d2e-ba94-48a79b3823c8   fields: content_html, practice_questions
        [LOW] content_html: the term "superstition" carried two different data-def values in the same lesson (the Mrs Lyons-specific one at n8 and a generic one at n12). Merged s
        [HIGH] practice_questions[0].type: Blood Brothers is a MODERN TEXT (AQA 8702 s3.2.1, Paper 2 Section A), not a Shakespeare play. Sibling AQA modern-text units already use "30+4 marks — 
        [MEDIUM] practice_questions[0].marks: band ladder had a duplicated "Top band" label and a missing band, so it did not present six distinct labels against the six mark ranges. Relabelled fr
        [HIGH] practice_questions[1].type: Blood Brothers is a MODERN TEXT (AQA 8702 s3.2.1, Paper 2 Section A), not a Shakespeare play. Sibling AQA modern-text units already use "30+4 marks — 
        [MEDIUM] practice_questions[1].marks: band ladder had a duplicated "Top band" label and a missing band, so it did not present six distinct labels against the six mark ranges. Relabelled fr
        [HIGH] practice_questions[2].type: Blood Brothers is a MODERN TEXT (AQA 8702 s3.2.1, Paper 2 Section A), not a Shakespeare play. Sibling AQA modern-text units already use "30+4 marks — 
        [MEDIUM] practice_questions[2].marks: band ladder had a duplicated "Top band" label and a missing band, so it did not present six distinct labels against the six mark ranges. Relabelled fr
        [HIGH] practice_questions[3].type: Blood Brothers is a MODERN TEXT (AQA 8702 s3.2.1, Paper 2 Section A), not a Shakespeare play. Sibling AQA modern-text units already use "30+4 marks — 
        [MEDIUM] practice_questions[3].marks: band ladder had a duplicated "Top band" label and a missing band, so it did not present six distinct labels against the six mark ranges. Relabelled fr
        [HIGH] practice_questions[4].type: Blood Brothers is a MODERN TEXT (AQA 8702 s3.2.1, Paper 2 Section A), not a Shakespeare play. Sibling AQA modern-text units already use "30+4 marks — 
        [MEDIUM] practice_questions[4].marks: band ladder had a duplicated "Top band" label and a missing band, so it did not present six distinct labels against the six mark ranges. Relabelled fr
        [HIGH] practice_questions[5].type: Blood Brothers is a MODERN TEXT (AQA 8702 s3.2.1, Paper 2 Section A), not a Shakespeare play. Sibling AQA modern-text units already use "30+4 marks — 
        [MEDIUM] practice_questions[5].marks: band ladder had a duplicated "Top band" label and a missing band, so it did not present six distinct labels against the six mark ranges. Relabelled fr

L03  Childhood: Mickey and Eddie Meet
      id=c6383b9a-c50c-4316-887a-d081cfd969b4   fields: practice_questions
        [HIGH] practice_questions[0].type: Blood Brothers is a MODERN TEXT (AQA 8702 s3.2.1, Paper 2 Section A), not a Shakespeare play. Sibling AQA modern-text units already use "30+4 marks — 
        [MEDIUM] practice_questions[0].marks: band ladder had a duplicated "Top band" label and a missing band, so it did not present six distinct labels against the six mark ranges. Relabelled fr
        [HIGH] practice_questions[1].type: Blood Brothers is a MODERN TEXT (AQA 8702 s3.2.1, Paper 2 Section A), not a Shakespeare play. Sibling AQA modern-text units already use "30+4 marks — 
        [MEDIUM] practice_questions[1].marks: band ladder had a duplicated "Top band" label and a missing band, so it did not present six distinct labels against the six mark ranges. Relabelled fr
        [HIGH] practice_questions[2].type: Blood Brothers is a MODERN TEXT (AQA 8702 s3.2.1, Paper 2 Section A), not a Shakespeare play. Sibling AQA modern-text units already use "30+4 marks — 
        [MEDIUM] practice_questions[2].marks: band ladder had a duplicated "Top band" label and a missing band, so it did not present six distinct labels against the six mark ranges. Relabelled fr
        [HIGH] practice_questions[3].type: Blood Brothers is a MODERN TEXT (AQA 8702 s3.2.1, Paper 2 Section A), not a Shakespeare play. Sibling AQA modern-text units already use "30+4 marks — 
        [MEDIUM] practice_questions[3].marks: band ladder had a duplicated "Top band" label and a missing band, so it did not present six distinct labels against the six mark ranges. Relabelled fr
        [HIGH] practice_questions[4].type: Blood Brothers is a MODERN TEXT (AQA 8702 s3.2.1, Paper 2 Section A), not a Shakespeare play. Sibling AQA modern-text units already use "30+4 marks — 
        [MEDIUM] practice_questions[4].marks: band ladder had a duplicated "Top band" label and a missing band, so it did not present six distinct labels against the six mark ranges. Relabelled fr
        [HIGH] practice_questions[5].type: Blood Brothers is a MODERN TEXT (AQA 8702 s3.2.1, Paper 2 Section A), not a Shakespeare play. Sibling AQA modern-text units already use "30+4 marks — 
        [MEDIUM] practice_questions[5].marks: band ladder had a duplicated "Top band" label and a missing band, so it did not present six distinct labels against the six mark ranges. Relabelled fr

L04  Adolescence & Growing Apart
      id=837c6539-0498-4f28-8e95-9a592dbf6afe   fields: practice_questions
        [HIGH] practice_questions[0].type: Blood Brothers is a MODERN TEXT (AQA 8702 s3.2.1, Paper 2 Section A), not a Shakespeare play. Sibling AQA modern-text units already use "30+4 marks — 
        [MEDIUM] practice_questions[0].marks: band ladder had a duplicated "Top band" label and a missing band, so it did not present six distinct labels against the six mark ranges. Relabelled fr
        [HIGH] practice_questions[1].type: Blood Brothers is a MODERN TEXT (AQA 8702 s3.2.1, Paper 2 Section A), not a Shakespeare play. Sibling AQA modern-text units already use "30+4 marks — 
        [MEDIUM] practice_questions[1].marks: band ladder had a duplicated "Top band" label and a missing band, so it did not present six distinct labels against the six mark ranges. Relabelled fr
        [HIGH] practice_questions[2].type: Blood Brothers is a MODERN TEXT (AQA 8702 s3.2.1, Paper 2 Section A), not a Shakespeare play. Sibling AQA modern-text units already use "30+4 marks — 
        [MEDIUM] practice_questions[2].marks: band ladder had a duplicated "Top band" label and a missing band, so it did not present six distinct labels against the six mark ranges. Relabelled fr
        [HIGH] practice_questions[3].type: Blood Brothers is a MODERN TEXT (AQA 8702 s3.2.1, Paper 2 Section A), not a Shakespeare play. Sibling AQA modern-text units already use "30+4 marks — 
        [MEDIUM] practice_questions[3].marks: band ladder had a duplicated "Top band" label and a missing band, so it did not present six distinct labels against the six mark ranges. Relabelled fr
        [HIGH] practice_questions[4].type: Blood Brothers is a MODERN TEXT (AQA 8702 s3.2.1, Paper 2 Section A), not a Shakespeare play. Sibling AQA modern-text units already use "30+4 marks — 
        [MEDIUM] practice_questions[4].marks: band ladder had a duplicated "Top band" label and a missing band, so it did not present six distinct labels against the six mark ranges. Relabelled fr
        [HIGH] practice_questions[5].type: Blood Brothers is a MODERN TEXT (AQA 8702 s3.2.1, Paper 2 Section A), not a Shakespeare play. Sibling AQA modern-text units already use "30+4 marks — 
        [MEDIUM] practice_questions[5].marks: band ladder had a duplicated "Top band" label and a missing band, so it did not present six distinct labels against the six mark ranges. Relabelled fr

L05  The Tragic Ending
      id=d2fef292-6473-4182-bf3d-82d851eda09c   fields: content_html, practice_questions
        [MEDIUM] content_html: copyright: 24-word verbatim quotation trimmed to the 13-word form used elsewhere in the unit.
        [MEDIUM] content_html: copyright: 24-word verbatim quotation trimmed to 10 quoted words; the superstition/class dichotomy is preserved in reported speech.
        [HIGH] practice_questions[0].type: Blood Brothers is a MODERN TEXT (AQA 8702 s3.2.1, Paper 2 Section A), not a Shakespeare play. Sibling AQA modern-text units already use "30+4 marks — 
        [MEDIUM] practice_questions[0].marks: band ladder had a duplicated "Top band" label and a missing band, so it did not present six distinct labels against the six mark ranges. Relabelled fr
        [HIGH] practice_questions[1].type: Blood Brothers is a MODERN TEXT (AQA 8702 s3.2.1, Paper 2 Section A), not a Shakespeare play. Sibling AQA modern-text units already use "30+4 marks — 
        [MEDIUM] practice_questions[1].marks: band ladder had a duplicated "Top band" label and a missing band, so it did not present six distinct labels against the six mark ranges. Relabelled fr
        [HIGH] practice_questions[2].type: Blood Brothers is a MODERN TEXT (AQA 8702 s3.2.1, Paper 2 Section A), not a Shakespeare play. Sibling AQA modern-text units already use "30+4 marks — 
        [MEDIUM] practice_questions[2].marks: band ladder had a duplicated "Top band" label and a missing band, so it did not present six distinct labels against the six mark ranges. Relabelled fr
        [HIGH] practice_questions[3].type: Blood Brothers is a MODERN TEXT (AQA 8702 s3.2.1, Paper 2 Section A), not a Shakespeare play. Sibling AQA modern-text units already use "30+4 marks — 
        [MEDIUM] practice_questions[3].marks: band ladder had a duplicated "Top band" label and a missing band, so it did not present six distinct labels against the six mark ranges. Relabelled fr
        [HIGH] practice_questions[4].type: Blood Brothers is a MODERN TEXT (AQA 8702 s3.2.1, Paper 2 Section A), not a Shakespeare play. Sibling AQA modern-text units already use "30+4 marks — 
        [MEDIUM] practice_questions[4].marks: band ladder had a duplicated "Top band" label and a missing band, so it did not present six distinct labels against the six mark ranges. Relabelled fr
        [HIGH] practice_questions[5].type: Blood Brothers is a MODERN TEXT (AQA 8702 s3.2.1, Paper 2 Section A), not a Shakespeare play. Sibling AQA modern-text units already use "30+4 marks — 
        [MEDIUM] practice_questions[5].marks: band ladder had a duplicated "Top band" label and a missing band, so it did not present six distinct labels against the six mark ranges. Relabelled fr

L06  Character Analysis
      id=f6c6bab1-5973-4cf8-b723-ca63ac91dd37   fields: practice_questions
        [HIGH] practice_questions[0].type: Blood Brothers is a MODERN TEXT (AQA 8702 s3.2.1, Paper 2 Section A), not a Shakespeare play. Sibling AQA modern-text units already use "30+4 marks — 
        [MEDIUM] practice_questions[0].marks: band ladder had a duplicated "Top band" label and a missing band, so it did not present six distinct labels against the six mark ranges. Relabelled fr
        [HIGH] practice_questions[1].type: Blood Brothers is a MODERN TEXT (AQA 8702 s3.2.1, Paper 2 Section A), not a Shakespeare play. Sibling AQA modern-text units already use "30+4 marks — 
        [MEDIUM] practice_questions[1].marks: band ladder had a duplicated "Top band" label and a missing band, so it did not present six distinct labels against the six mark ranges. Relabelled fr
        [HIGH] practice_questions[2].type: Blood Brothers is a MODERN TEXT (AQA 8702 s3.2.1, Paper 2 Section A), not a Shakespeare play. Sibling AQA modern-text units already use "30+4 marks — 
        [MEDIUM] practice_questions[2].marks: band ladder had a duplicated "Top band" label and a missing band, so it did not present six distinct labels against the six mark ranges. Relabelled fr
        [HIGH] practice_questions[3].type: Blood Brothers is a MODERN TEXT (AQA 8702 s3.2.1, Paper 2 Section A), not a Shakespeare play. Sibling AQA modern-text units already use "30+4 marks — 
        [MEDIUM] practice_questions[3].marks: band ladder had a duplicated "Top band" label and a missing band, so it did not present six distinct labels against the six mark ranges. Relabelled fr
        [HIGH] practice_questions[4].type: Blood Brothers is a MODERN TEXT (AQA 8702 s3.2.1, Paper 2 Section A), not a Shakespeare play. Sibling AQA modern-text units already use "30+4 marks — 
        [MEDIUM] practice_questions[4].marks: band ladder had a duplicated "Top band" label and a missing band, so it did not present six distinct labels against the six mark ranges. Relabelled fr
        [HIGH] practice_questions[5].type: Blood Brothers is a MODERN TEXT (AQA 8702 s3.2.1, Paper 2 Section A), not a Shakespeare play. Sibling AQA modern-text units already use "30+4 marks — 
        [MEDIUM] practice_questions[5].marks: band ladder had a duplicated "Top band" label and a missing band, so it did not present six distinct labels against the six mark ranges. Relabelled fr

L07  Key Themes & Exam Technique
      id=46944607-70b1-4312-8c64-4776896d1c43   fields: content_html, conclusion_html, practice_questions, knowledge_checks, flashcard_questions
        [HIGH] content_html: AO2 IS assessed on AQA Paper 2 Section A. Telling students that "close language analysis is not the focus" steers them away from an assessed objective
        [HIGH] conclusion_html: FALSE: AO2 is assessed on the AQA Modern Texts question. The absence of an extract does not remove AO2.
        [HIGH] content_html: A Macbeth quotation ("Look like the innocent flower") plus an unedited authorial aside ("wait, that’s Macbeth") was left in the live "Key Quotations t
        [HIGH] practice_questions[0].type: Blood Brothers is a MODERN TEXT (AQA 8702 s3.2.1, Paper 2 Section A), not a Shakespeare play. Sibling AQA modern-text units already use "30+4 marks — 
        [MEDIUM] practice_questions[0].marks: band ladder had a duplicated "Top band" label and a missing band, so it did not present six distinct labels against the six mark ranges. Relabelled fr
        [HIGH] practice_questions[1].type: Blood Brothers is a MODERN TEXT (AQA 8702 s3.2.1, Paper 2 Section A), not a Shakespeare play. Sibling AQA modern-text units already use "30+4 marks — 
        [MEDIUM] practice_questions[1].marks: band ladder had a duplicated "Top band" label and a missing band, so it did not present six distinct labels against the six mark ranges. Relabelled fr
        [HIGH] practice_questions[2].type: Blood Brothers is a MODERN TEXT (AQA 8702 s3.2.1, Paper 2 Section A), not a Shakespeare play. Sibling AQA modern-text units already use "30+4 marks — 
        [MEDIUM] practice_questions[2].marks: band ladder had a duplicated "Top band" label and a missing band, so it did not present six distinct labels against the six mark ranges. Relabelled fr
        [HIGH] practice_questions[3].type: Blood Brothers is a MODERN TEXT (AQA 8702 s3.2.1, Paper 2 Section A), not a Shakespeare play. Sibling AQA modern-text units already use "30+4 marks — 
        [MEDIUM] practice_questions[3].marks: band ladder had a duplicated "Top band" label and a missing band, so it did not present six distinct labels against the six mark ranges. Relabelled fr
        [HIGH] practice_questions[4].type: Blood Brothers is a MODERN TEXT (AQA 8702 s3.2.1, Paper 2 Section A), not a Shakespeare play. Sibling AQA modern-text units already use "30+4 marks — 
        [MEDIUM] practice_questions[4].marks: band ladder had a duplicated "Top band" label and a missing band, so it did not present six distinct labels against the six mark ranges. Relabelled fr
        [HIGH] practice_questions[5].type: Blood Brothers is a MODERN TEXT (AQA 8702 s3.2.1, Paper 2 Section A), not a Shakespeare play. Sibling AQA modern-text units already use "30+4 marks — 
        [MEDIUM] practice_questions[5].marks: band ladder had a duplicated "Top band" label and a missing band, so it did not present six distinct labels against the six mark ranges. Relabelled fr
        [HIGH] knowledge_checks[0]: the keyed answer was "AO1, AO3, and AO4", i.e. it taught that AO2 is NOT assessed on the Modern Texts question. AO2 is assessed. Option set rewritten 
        [HIGH] flashcard_questions[11]: the card asserted "AO2 — there is no extract, so no language analysis marks". False: AO2 is assessed on AQA Paper 2 Section A. Card rewritten.

WOULD PATCH: 7 lessons, 14 fields
fixed findings: HIGH=47 MEDIUM=44 LOW=2

=== RETRO FACT-CHECK: english-literature-aqa / blood-brothers ===
run: 2026-08-30T13:26:21.565Z   mode: DRY RUN
fetched 7 lessons (live: 7)

L01  Context: Class Divide in 1980s Liverpool
      id=8a84518f-43d9-4878-b334-63b1ef9cd9bb   fields: content_html, practice_questions
        [MEDIUM] content_html: copyright: 24-word verbatim quotation from an in-copyright play, over the 15-word house ceiling. Trimmed to the 13-word form already used in this less
        [LOW] content_html: the highlighted term is "nurture" but the definition defined the whole nature-versus-nurture debate, so the tooltip did not define the word the studen
        [HIGH] practice_questions[0].type: Blood Brothers is a MODERN TEXT (AQA 8702 s3.2.1, Paper 2 Section A), not a Shakespeare play. Sibling AQA modern-text units already use "30+4 marks — 
        [HIGH] practice_questions[1].type: Blood Brothers is a MODERN TEXT (AQA 8702 s3.2.1, Paper 2 Section A), not a Shakespeare play. Sibling AQA modern-text units already use "30+4 marks — 
        [MEDIUM] practice_questions[1].marks: band ladder had a duplicated "Top band" label and a missing band, so it did not present six distinct labels against the six mark ranges. Relabelled fr
        [HIGH] practice_questions[2].type: Blood Brothers is a MODERN TEXT (AQA 8702 s3.2.1, Paper 2 Section A), not a Shakespeare play. Sibling AQA modern-text units already use "30+4 marks — 
        [MEDIUM] practice_questions[2].marks: band ladder had a duplicated "Top band" label and a missing band, so it did not present six distinct labels against the six mark ranges. Relabelled fr
        [HIGH] practice_questions[3].type: Blood Brothers is a MODERN TEXT (AQA 8702 s3.2.1, Paper 2 Section A), not a Shakespeare play. Sibling AQA modern-text units already use "30+4 marks — 
        [MEDIUM] practice_questions[3].marks: band ladder had a duplicated "Top band" label and a missing band, so it did not present six distinct labels against the six mark ranges. Relabelled fr
        [HIGH] practice_questions[4].type: Blood Brothers is a MODERN TEXT (AQA 8702 s3.2.1, Paper 2 Section A), not a Shakespeare play. Sibling AQA modern-text units already use "30+4 marks — 
        [MEDIUM] practice_questions[4].marks: band ladder had a duplicated "Top band" label and a missing band, so it did not present six distinct labels against the six mark ranges. Relabelled fr
        [HIGH] practice_questions[5].type: Blood Brothers is a MODERN TEXT (AQA 8702 s3.2.1, Paper 2 Section A), not a Shakespeare play. Sibling AQA modern-text units already use "30+4 marks — 
        [MEDIUM] practice_questions[5].marks: band ladder had a duplicated "Top band" label and a missing band, so it did not present six distinct labels against the six mark ranges. Relabelled fr

L02  Mrs Johnstone & the Pact
      id=8e4b0146-b283-4d2e-ba94-48a79b3823c8   fields: content_html, practice_questions
        [LOW] content_html: the term "superstition" carried two different data-def values in the same lesson (the Mrs Lyons-specific one at n8 and a generic one at n12). Merged s
        [HIGH] practice_questions[0].type: Blood Brothers is a MODERN TEXT (AQA 8702 s3.2.1, Paper 2 Section A), not a Shakespeare play. Sibling AQA modern-text units already use "30+4 marks — 
        [MEDIUM] practice_questions[0].marks: band ladder had a duplicated "Top band" label and a missing band, so it did not present six distinct labels against the six mark ranges. Relabelled fr
        [HIGH] practice_questions[1].type: Blood Brothers is a MODERN TEXT (AQA 8702 s3.2.1, Paper 2 Section A), not a Shakespeare play. Sibling AQA modern-text units already use "30+4 marks — 
        [MEDIUM] practice_questions[1].marks: band ladder had a duplicated "Top band" label and a missing band, so it did not present six distinct labels against the six mark ranges. Relabelled fr
        [HIGH] practice_questions[2].type: Blood Brothers is a MODERN TEXT (AQA 8702 s3.2.1, Paper 2 Section A), not a Shakespeare play. Sibling AQA modern-text units already use "30+4 marks — 
        [MEDIUM] practice_questions[2].marks: band ladder had a duplicated "Top band" label and a missing band, so it did not present six distinct labels against the six mark ranges. Relabelled fr
        [HIGH] practice_questions[3].type: Blood Brothers is a MODERN TEXT (AQA 8702 s3.2.1, Paper 2 Section A), not a Shakespeare play. Sibling AQA modern-text units already use "30+4 marks — 
        [MEDIUM] practice_questions[3].marks: band ladder had a duplicated "Top band" label and a missing band, so it did not present six distinct labels against the six mark ranges. Relabelled fr
        [HIGH] practice_questions[4].type: Blood Brothers is a MODERN TEXT (AQA 8702 s3.2.1, Paper 2 Section A), not a Shakespeare play. Sibling AQA modern-text units already use "30+4 marks — 
        [MEDIUM] practice_questions[4].marks: band ladder had a duplicated "Top band" label and a missing band, so it did not present six distinct labels against the six mark ranges. Relabelled fr
        [HIGH] practice_questions[5].type: Blood Brothers is a MODERN TEXT (AQA 8702 s3.2.1, Paper 2 Section A), not a Shakespeare play. Sibling AQA modern-text units already use "30+4 marks — 
        [MEDIUM] practice_questions[5].marks: band ladder had a duplicated "Top band" label and a missing band, so it did not present six distinct labels against the six mark ranges. Relabelled fr

L03  Childhood: Mickey and Eddie Meet
      id=c6383b9a-c50c-4316-887a-d081cfd969b4   fields: practice_questions
        [HIGH] practice_questions[0].type: Blood Brothers is a MODERN TEXT (AQA 8702 s3.2.1, Paper 2 Section A), not a Shakespeare play. Sibling AQA modern-text units already use "30+4 marks — 
        [MEDIUM] practice_questions[0].marks: band ladder had a duplicated "Top band" label and a missing band, so it did not present six distinct labels against the six mark ranges. Relabelled fr
        [HIGH] practice_questions[1].type: Blood Brothers is a MODERN TEXT (AQA 8702 s3.2.1, Paper 2 Section A), not a Shakespeare play. Sibling AQA modern-text units already use "30+4 marks — 
        [MEDIUM] practice_questions[1].marks: band ladder had a duplicated "Top band" label and a missing band, so it did not present six distinct labels against the six mark ranges. Relabelled fr
        [HIGH] practice_questions[2].type: Blood Brothers is a MODERN TEXT (AQA 8702 s3.2.1, Paper 2 Section A), not a Shakespeare play. Sibling AQA modern-text units already use "30+4 marks — 
        [MEDIUM] practice_questions[2].marks: band ladder had a duplicated "Top band" label and a missing band, so it did not present six distinct labels against the six mark ranges. Relabelled fr
        [HIGH] practice_questions[3].type: Blood Brothers is a MODERN TEXT (AQA 8702 s3.2.1, Paper 2 Section A), not a Shakespeare play. Sibling AQA modern-text units already use "30+4 marks — 
        [MEDIUM] practice_questions[3].marks: band ladder had a duplicated "Top band" label and a missing band, so it did not present six distinct labels against the six mark ranges. Relabelled fr
        [HIGH] practice_questions[4].type: Blood Brothers is a MODERN TEXT (AQA 8702 s3.2.1, Paper 2 Section A), not a Shakespeare play. Sibling AQA modern-text units already use "30+4 marks — 
        [MEDIUM] practice_questions[4].marks: band ladder had a duplicated "Top band" label and a missing band, so it did not present six distinct labels against the six mark ranges. Relabelled fr
        [HIGH] practice_questions[5].type: Blood Brothers is a MODERN TEXT (AQA 8702 s3.2.1, Paper 2 Section A), not a Shakespeare play. Sibling AQA modern-text units already use "30+4 marks — 
        [MEDIUM] practice_questions[5].marks: band ladder had a duplicated "Top band" label and a missing band, so it did not present six distinct labels against the six mark ranges. Relabelled fr

L04  Adolescence & Growing Apart
      id=837c6539-0498-4f28-8e95-9a592dbf6afe   fields: practice_questions
        [HIGH] practice_questions[0].type: Blood Brothers is a MODERN TEXT (AQA 8702 s3.2.1, Paper 2 Section A), not a Shakespeare play. Sibling AQA modern-text units already use "30+4 marks — 
        [MEDIUM] practice_questions[0].marks: band ladder had a duplicated "Top band" label and a missing band, so it did not present six distinct labels against the six mark ranges. Relabelled fr
        [HIGH] practice_questions[1].type: Blood Brothers is a MODERN TEXT (AQA 8702 s3.2.1, Paper 2 Section A), not a Shakespeare play. Sibling AQA modern-text units already use "30+4 marks — 
        [MEDIUM] practice_questions[1].marks: band ladder had a duplicated "Top band" label and a missing band, so it did not present six distinct labels against the six mark ranges. Relabelled fr
        [HIGH] practice_questions[2].type: Blood Brothers is a MODERN TEXT (AQA 8702 s3.2.1, Paper 2 Section A), not a Shakespeare play. Sibling AQA modern-text units already use "30+4 marks — 
        [MEDIUM] practice_questions[2].marks: band ladder had a duplicated "Top band" label and a missing band, so it did not present six distinct labels against the six mark ranges. Relabelled fr
        [HIGH] practice_questions[3].type: Blood Brothers is a MODERN TEXT (AQA 8702 s3.2.1, Paper 2 Section A), not a Shakespeare play. Sibling AQA modern-text units already use "30+4 marks — 
        [MEDIUM] practice_questions[3].marks: band ladder had a duplicated "Top band" label and a missing band, so it did not present six distinct labels against the six mark ranges. Relabelled fr
        [HIGH] practice_questions[4].type: Blood Brothers is a MODERN TEXT (AQA 8702 s3.2.1, Paper 2 Section A), not a Shakespeare play. Sibling AQA modern-text units already use "30+4 marks — 
        [MEDIUM] practice_questions[4].marks: band ladder had a duplicated "Top band" label and a missing band, so it did not present six distinct labels against the six mark ranges. Relabelled fr
        [HIGH] practice_questions[5].type: Blood Brothers is a MODERN TEXT (AQA 8702 s3.2.1, Paper 2 Section A), not a Shakespeare play. Sibling AQA modern-text units already use "30+4 marks — 
        [MEDIUM] practice_questions[5].marks: band ladder had a duplicated "Top band" label and a missing band, so it did not present six distinct labels against the six mark ranges. Relabelled fr

L05  The Tragic Ending
      id=d2fef292-6473-4182-bf3d-82d851eda09c   fields: content_html, practice_questions
        [MEDIUM] content_html: copyright: 24-word verbatim quotation trimmed to the 13-word form used elsewhere in the unit.
        [MEDIUM] content_html: copyright: 24-word verbatim quotation trimmed to 10 quoted words; the superstition/class dichotomy is preserved in reported speech.
        [HIGH] practice_questions[0].type: Blood Brothers is a MODERN TEXT (AQA 8702 s3.2.1, Paper 2 Section A), not a Shakespeare play. Sibling AQA modern-text units already use "30+4 marks — 
        [MEDIUM] practice_questions[0].marks: band ladder had a duplicated "Top band" label and a missing band, so it did not present six distinct labels against the six mark ranges. Relabelled fr
        [HIGH] practice_questions[1].type: Blood Brothers is a MODERN TEXT (AQA 8702 s3.2.1, Paper 2 Section A), not a Shakespeare play. Sibling AQA modern-text units already use "30+4 marks — 
        [MEDIUM] practice_questions[1].marks: band ladder had a duplicated "Top band" label and a missing band, so it did not present six distinct labels against the six mark ranges. Relabelled fr
        [HIGH] practice_questions[2].type: Blood Brothers is a MODERN TEXT (AQA 8702 s3.2.1, Paper 2 Section A), not a Shakespeare play. Sibling AQA modern-text units already use "30+4 marks — 
        [MEDIUM] practice_questions[2].marks: band ladder had a duplicated "Top band" label and a missing band, so it did not present six distinct labels against the six mark ranges. Relabelled fr
        [HIGH] practice_questions[3].type: Blood Brothers is a MODERN TEXT (AQA 8702 s3.2.1, Paper 2 Section A), not a Shakespeare play. Sibling AQA modern-text units already use "30+4 marks — 
        [MEDIUM] practice_questions[3].marks: band ladder had a duplicated "Top band" label and a missing band, so it did not present six distinct labels against the six mark ranges. Relabelled fr
        [HIGH] practice_questions[4].type: Blood Brothers is a MODERN TEXT (AQA 8702 s3.2.1, Paper 2 Section A), not a Shakespeare play. Sibling AQA modern-text units already use "30+4 marks — 
        [MEDIUM] practice_questions[4].marks: band ladder had a duplicated "Top band" label and a missing band, so it did not present six distinct labels against the six mark ranges. Relabelled fr
        [HIGH] practice_questions[5].type: Blood Brothers is a MODERN TEXT (AQA 8702 s3.2.1, Paper 2 Section A), not a Shakespeare play. Sibling AQA modern-text units already use "30+4 marks — 
        [MEDIUM] practice_questions[5].marks: band ladder had a duplicated "Top band" label and a missing band, so it did not present six distinct labels against the six mark ranges. Relabelled fr

L06  Character Analysis
      id=f6c6bab1-5973-4cf8-b723-ca63ac91dd37   fields: practice_questions
        [HIGH] practice_questions[0].type: Blood Brothers is a MODERN TEXT (AQA 8702 s3.2.1, Paper 2 Section A), not a Shakespeare play. Sibling AQA modern-text units already use "30+4 marks — 
        [MEDIUM] practice_questions[0].marks: band ladder had a duplicated "Top band" label and a missing band, so it did not present six distinct labels against the six mark ranges. Relabelled fr
        [HIGH] practice_questions[1].type: Blood Brothers is a MODERN TEXT (AQA 8702 s3.2.1, Paper 2 Section A), not a Shakespeare play. Sibling AQA modern-text units already use "30+4 marks — 
        [MEDIUM] practice_questions[1].marks: band ladder had a duplicated "Top band" label and a missing band, so it did not present six distinct labels against the six mark ranges. Relabelled fr
        [HIGH] practice_questions[2].type: Blood Brothers is a MODERN TEXT (AQA 8702 s3.2.1, Paper 2 Section A), not a Shakespeare play. Sibling AQA modern-text units already use "30+4 marks — 
        [MEDIUM] practice_questions[2].marks: band ladder had a duplicated "Top band" label and a missing band, so it did not present six distinct labels against the six mark ranges. Relabelled fr
        [HIGH] practice_questions[3].type: Blood Brothers is a MODERN TEXT (AQA 8702 s3.2.1, Paper 2 Section A), not a Shakespeare play. Sibling AQA modern-text units already use "30+4 marks — 
        [MEDIUM] practice_questions[3].marks: band ladder had a duplicated "Top band" label and a missing band, so it did not present six distinct labels against the six mark ranges. Relabelled fr
        [HIGH] practice_questions[4].type: Blood Brothers is a MODERN TEXT (AQA 8702 s3.2.1, Paper 2 Section A), not a Shakespeare play. Sibling AQA modern-text units already use "30+4 marks — 
        [MEDIUM] practice_questions[4].marks: band ladder had a duplicated "Top band" label and a missing band, so it did not present six distinct labels against the six mark ranges. Relabelled fr
        [HIGH] practice_questions[5].type: Blood Brothers is a MODERN TEXT (AQA 8702 s3.2.1, Paper 2 Section A), not a Shakespeare play. Sibling AQA modern-text units already use "30+4 marks — 
        [MEDIUM] practice_questions[5].marks: band ladder had a duplicated "Top band" label and a missing band, so it did not present six distinct labels against the six mark ranges. Relabelled fr

L07  Key Themes & Exam Technique
      id=46944607-70b1-4312-8c64-4776896d1c43   fields: content_html, conclusion_html, practice_questions, knowledge_checks, flashcard_questions
        [HIGH] content_html: AO2 IS assessed on AQA Paper 2 Section A. Telling students that "close language analysis is not the focus" steers them away from an assessed objective
        [HIGH] conclusion_html: FALSE: AO2 is assessed on the AQA Modern Texts question. The absence of an extract does not remove AO2.
        [HIGH] content_html: A Macbeth quotation ("Look like the innocent flower") plus an unedited authorial aside ("wait, that’s Macbeth") was left in the live "Key Quotations t
        [HIGH] practice_questions[0].type: Blood Brothers is a MODERN TEXT (AQA 8702 s3.2.1, Paper 2 Section A), not a Shakespeare play. Sibling AQA modern-text units already use "30+4 marks — 
        [MEDIUM] practice_questions[0].marks: band ladder had a duplicated "Top band" label and a missing band, so it did not present six distinct labels against the six mark ranges. Relabelled fr
        [HIGH] practice_questions[1].type: Blood Brothers is a MODERN TEXT (AQA 8702 s3.2.1, Paper 2 Section A), not a Shakespeare play. Sibling AQA modern-text units already use "30+4 marks — 
        [MEDIUM] practice_questions[1].marks: band ladder had a duplicated "Top band" label and a missing band, so it did not present six distinct labels against the six mark ranges. Relabelled fr
        [HIGH] practice_questions[2].type: Blood Brothers is a MODERN TEXT (AQA 8702 s3.2.1, Paper 2 Section A), not a Shakespeare play. Sibling AQA modern-text units already use "30+4 marks — 
        [MEDIUM] practice_questions[2].marks: band ladder had a duplicated "Top band" label and a missing band, so it did not present six distinct labels against the six mark ranges. Relabelled fr
        [HIGH] practice_questions[3].type: Blood Brothers is a MODERN TEXT (AQA 8702 s3.2.1, Paper 2 Section A), not a Shakespeare play. Sibling AQA modern-text units already use "30+4 marks — 
        [MEDIUM] practice_questions[3].marks: band ladder had a duplicated "Top band" label and a missing band, so it did not present six distinct labels against the six mark ranges. Relabelled fr
        [HIGH] practice_questions[4].type: Blood Brothers is a MODERN TEXT (AQA 8702 s3.2.1, Paper 2 Section A), not a Shakespeare play. Sibling AQA modern-text units already use "30+4 marks — 
        [MEDIUM] practice_questions[4].marks: band ladder had a duplicated "Top band" label and a missing band, so it did not present six distinct labels against the six mark ranges. Relabelled fr
        [HIGH] practice_questions[5].type: Blood Brothers is a MODERN TEXT (AQA 8702 s3.2.1, Paper 2 Section A), not a Shakespeare play. Sibling AQA modern-text units already use "30+4 marks — 
        [MEDIUM] practice_questions[5].marks: band ladder had a duplicated "Top band" label and a missing band, so it did not present six distinct labels against the six mark ranges. Relabelled fr
        [HIGH] knowledge_checks[0]: the keyed answer was "AO1, AO3, and AO4", i.e. it taught that AO2 is NOT assessed on the Modern Texts question. AO2 is assessed. Option set rewritten 
        [HIGH] flashcard_questions[11]: the card asserted "AO2 — there is no extract, so no language analysis marks". False: AO2 is assessed on AQA Paper 2 Section A. Card rewritten.

WOULD PATCH: 7 lessons, 14 fields
fixed findings: HIGH=47 MEDIUM=44 LOW=2

=== RETRO FACT-CHECK: english-literature-aqa / blood-brothers ===
run: 2026-08-30T13:27:14.435Z   mode: DRY RUN
fetched 7 lessons (live: 7)

L01  Context: Class Divide in 1980s Liverpool
      id=8a84518f-43d9-4878-b334-63b1ef9cd9bb   fields: content_html, practice_questions
        [MEDIUM] content_html: copyright: 24-word verbatim quotation from an in-copyright play, over the 15-word house ceiling. Trimmed to the 13-word form already used in this less
        [LOW] content_html: the highlighted term is "nurture" but the definition defined the whole nature-versus-nurture debate, so the tooltip did not define the word the studen
        [HIGH] practice_questions[0].type: Blood Brothers is a MODERN TEXT (AQA 8702 s3.2.1, Paper 2 Section A), not a Shakespeare play. Sibling AQA modern-text units already use "30+4 marks — 
        [HIGH] practice_questions[1].type: Blood Brothers is a MODERN TEXT (AQA 8702 s3.2.1, Paper 2 Section A), not a Shakespeare play. Sibling AQA modern-text units already use "30+4 marks — 
        [MEDIUM] practice_questions[1].marks: band ladder had a duplicated "Top band" label and a missing band, so it did not present six distinct labels against the six mark ranges. Relabelled fr
        [HIGH] practice_questions[2].type: Blood Brothers is a MODERN TEXT (AQA 8702 s3.2.1, Paper 2 Section A), not a Shakespeare play. Sibling AQA modern-text units already use "30+4 marks — 
        [MEDIUM] practice_questions[2].marks: band ladder had a duplicated "Top band" label and a missing band, so it did not present six distinct labels against the six mark ranges. Relabelled fr
        [HIGH] practice_questions[3].type: Blood Brothers is a MODERN TEXT (AQA 8702 s3.2.1, Paper 2 Section A), not a Shakespeare play. Sibling AQA modern-text units already use "30+4 marks — 
        [MEDIUM] practice_questions[3].marks: band ladder had a duplicated "Top band" label and a missing band, so it did not present six distinct labels against the six mark ranges. Relabelled fr
        [HIGH] practice_questions[4].type: Blood Brothers is a MODERN TEXT (AQA 8702 s3.2.1, Paper 2 Section A), not a Shakespeare play. Sibling AQA modern-text units already use "30+4 marks — 
        [MEDIUM] practice_questions[4].marks: band ladder had a duplicated "Top band" label and a missing band, so it did not present six distinct labels against the six mark ranges. Relabelled fr
        [HIGH] practice_questions[5].type: Blood Brothers is a MODERN TEXT (AQA 8702 s3.2.1, Paper 2 Section A), not a Shakespeare play. Sibling AQA modern-text units already use "30+4 marks — 
        [MEDIUM] practice_questions[5].marks: band ladder had a duplicated "Top band" label and a missing band, so it did not present six distinct labels against the six mark ranges. Relabelled fr

L02  Mrs Johnstone & the Pact
      id=8e4b0146-b283-4d2e-ba94-48a79b3823c8   fields: content_html, practice_questions
        [LOW] content_html: the term "superstition" carried two different data-def values in the same lesson (the Mrs Lyons-specific one at n8 and a generic one at n12). Merged s
        [HIGH] practice_questions[0].type: Blood Brothers is a MODERN TEXT (AQA 8702 s3.2.1, Paper 2 Section A), not a Shakespeare play. Sibling AQA modern-text units already use "30+4 marks — 
        [MEDIUM] practice_questions[0].marks: band ladder had a duplicated "Top band" label and a missing band, so it did not present six distinct labels against the six mark ranges. Relabelled fr
        [HIGH] practice_questions[1].type: Blood Brothers is a MODERN TEXT (AQA 8702 s3.2.1, Paper 2 Section A), not a Shakespeare play. Sibling AQA modern-text units already use "30+4 marks — 
        [MEDIUM] practice_questions[1].marks: band ladder had a duplicated "Top band" label and a missing band, so it did not present six distinct labels against the six mark ranges. Relabelled fr
        [HIGH] practice_questions[2].type: Blood Brothers is a MODERN TEXT (AQA 8702 s3.2.1, Paper 2 Section A), not a Shakespeare play. Sibling AQA modern-text units already use "30+4 marks — 
        [MEDIUM] practice_questions[2].marks: band ladder had a duplicated "Top band" label and a missing band, so it did not present six distinct labels against the six mark ranges. Relabelled fr
        [HIGH] practice_questions[3].type: Blood Brothers is a MODERN TEXT (AQA 8702 s3.2.1, Paper 2 Section A), not a Shakespeare play. Sibling AQA modern-text units already use "30+4 marks — 
        [MEDIUM] practice_questions[3].marks: band ladder had a duplicated "Top band" label and a missing band, so it did not present six distinct labels against the six mark ranges. Relabelled fr
        [HIGH] practice_questions[4].type: Blood Brothers is a MODERN TEXT (AQA 8702 s3.2.1, Paper 2 Section A), not a Shakespeare play. Sibling AQA modern-text units already use "30+4 marks — 
        [MEDIUM] practice_questions[4].marks: band ladder had a duplicated "Top band" label and a missing band, so it did not present six distinct labels against the six mark ranges. Relabelled fr
        [HIGH] practice_questions[5].type: Blood Brothers is a MODERN TEXT (AQA 8702 s3.2.1, Paper 2 Section A), not a Shakespeare play. Sibling AQA modern-text units already use "30+4 marks — 
        [MEDIUM] practice_questions[5].marks: band ladder had a duplicated "Top band" label and a missing band, so it did not present six distinct labels against the six mark ranges. Relabelled fr

L03  Childhood: Mickey and Eddie Meet
      id=c6383b9a-c50c-4316-887a-d081cfd969b4   fields: practice_questions
        [HIGH] practice_questions[0].type: Blood Brothers is a MODERN TEXT (AQA 8702 s3.2.1, Paper 2 Section A), not a Shakespeare play. Sibling AQA modern-text units already use "30+4 marks — 
        [MEDIUM] practice_questions[0].marks: band ladder had a duplicated "Top band" label and a missing band, so it did not present six distinct labels against the six mark ranges. Relabelled fr
        [HIGH] practice_questions[1].type: Blood Brothers is a MODERN TEXT (AQA 8702 s3.2.1, Paper 2 Section A), not a Shakespeare play. Sibling AQA modern-text units already use "30+4 marks — 
        [MEDIUM] practice_questions[1].marks: band ladder had a duplicated "Top band" label and a missing band, so it did not present six distinct labels against the six mark ranges. Relabelled fr
        [HIGH] practice_questions[2].type: Blood Brothers is a MODERN TEXT (AQA 8702 s3.2.1, Paper 2 Section A), not a Shakespeare play. Sibling AQA modern-text units already use "30+4 marks — 
        [MEDIUM] practice_questions[2].marks: band ladder had a duplicated "Top band" label and a missing band, so it did not present six distinct labels against the six mark ranges. Relabelled fr
        [HIGH] practice_questions[3].type: Blood Brothers is a MODERN TEXT (AQA 8702 s3.2.1, Paper 2 Section A), not a Shakespeare play. Sibling AQA modern-text units already use "30+4 marks — 
        [MEDIUM] practice_questions[3].marks: band ladder had a duplicated "Top band" label and a missing band, so it did not present six distinct labels against the six mark ranges. Relabelled fr
        [HIGH] practice_questions[4].type: Blood Brothers is a MODERN TEXT (AQA 8702 s3.2.1, Paper 2 Section A), not a Shakespeare play. Sibling AQA modern-text units already use "30+4 marks — 
        [MEDIUM] practice_questions[4].marks: band ladder had a duplicated "Top band" label and a missing band, so it did not present six distinct labels against the six mark ranges. Relabelled fr
        [HIGH] practice_questions[5].type: Blood Brothers is a MODERN TEXT (AQA 8702 s3.2.1, Paper 2 Section A), not a Shakespeare play. Sibling AQA modern-text units already use "30+4 marks — 
        [MEDIUM] practice_questions[5].marks: band ladder had a duplicated "Top band" label and a missing band, so it did not present six distinct labels against the six mark ranges. Relabelled fr

L04  Adolescence & Growing Apart
      id=837c6539-0498-4f28-8e95-9a592dbf6afe   fields: practice_questions
        [HIGH] practice_questions[0].type: Blood Brothers is a MODERN TEXT (AQA 8702 s3.2.1, Paper 2 Section A), not a Shakespeare play. Sibling AQA modern-text units already use "30+4 marks — 
        [MEDIUM] practice_questions[0].marks: band ladder had a duplicated "Top band" label and a missing band, so it did not present six distinct labels against the six mark ranges. Relabelled fr
        [HIGH] practice_questions[1].type: Blood Brothers is a MODERN TEXT (AQA 8702 s3.2.1, Paper 2 Section A), not a Shakespeare play. Sibling AQA modern-text units already use "30+4 marks — 
        [MEDIUM] practice_questions[1].marks: band ladder had a duplicated "Top band" label and a missing band, so it did not present six distinct labels against the six mark ranges. Relabelled fr
        [HIGH] practice_questions[2].type: Blood Brothers is a MODERN TEXT (AQA 8702 s3.2.1, Paper 2 Section A), not a Shakespeare play. Sibling AQA modern-text units already use "30+4 marks — 
        [MEDIUM] practice_questions[2].marks: band ladder had a duplicated "Top band" label and a missing band, so it did not present six distinct labels against the six mark ranges. Relabelled fr
        [HIGH] practice_questions[3].type: Blood Brothers is a MODERN TEXT (AQA 8702 s3.2.1, Paper 2 Section A), not a Shakespeare play. Sibling AQA modern-text units already use "30+4 marks — 
        [MEDIUM] practice_questions[3].marks: band ladder had a duplicated "Top band" label and a missing band, so it did not present six distinct labels against the six mark ranges. Relabelled fr
        [HIGH] practice_questions[4].type: Blood Brothers is a MODERN TEXT (AQA 8702 s3.2.1, Paper 2 Section A), not a Shakespeare play. Sibling AQA modern-text units already use "30+4 marks — 
        [MEDIUM] practice_questions[4].marks: band ladder had a duplicated "Top band" label and a missing band, so it did not present six distinct labels against the six mark ranges. Relabelled fr
        [HIGH] practice_questions[5].type: Blood Brothers is a MODERN TEXT (AQA 8702 s3.2.1, Paper 2 Section A), not a Shakespeare play. Sibling AQA modern-text units already use "30+4 marks — 
        [MEDIUM] practice_questions[5].marks: band ladder had a duplicated "Top band" label and a missing band, so it did not present six distinct labels against the six mark ranges. Relabelled fr

L05  The Tragic Ending
      id=d2fef292-6473-4182-bf3d-82d851eda09c   fields: content_html, practice_questions
        [MEDIUM] content_html: copyright: 24-word verbatim quotation trimmed to the 13-word form used elsewhere in the unit.
        [MEDIUM] content_html: copyright: 24-word verbatim quotation trimmed to 10 quoted words; the superstition/class dichotomy is preserved in reported speech.
        [HIGH] practice_questions[0].type: Blood Brothers is a MODERN TEXT (AQA 8702 s3.2.1, Paper 2 Section A), not a Shakespeare play. Sibling AQA modern-text units already use "30+4 marks — 
        [MEDIUM] practice_questions[0].marks: band ladder had a duplicated "Top band" label and a missing band, so it did not present six distinct labels against the six mark ranges. Relabelled fr
        [HIGH] practice_questions[1].type: Blood Brothers is a MODERN TEXT (AQA 8702 s3.2.1, Paper 2 Section A), not a Shakespeare play. Sibling AQA modern-text units already use "30+4 marks — 
        [MEDIUM] practice_questions[1].marks: band ladder had a duplicated "Top band" label and a missing band, so it did not present six distinct labels against the six mark ranges. Relabelled fr
        [HIGH] practice_questions[2].type: Blood Brothers is a MODERN TEXT (AQA 8702 s3.2.1, Paper 2 Section A), not a Shakespeare play. Sibling AQA modern-text units already use "30+4 marks — 
        [MEDIUM] practice_questions[2].marks: band ladder had a duplicated "Top band" label and a missing band, so it did not present six distinct labels against the six mark ranges. Relabelled fr
        [HIGH] practice_questions[3].type: Blood Brothers is a MODERN TEXT (AQA 8702 s3.2.1, Paper 2 Section A), not a Shakespeare play. Sibling AQA modern-text units already use "30+4 marks — 
        [MEDIUM] practice_questions[3].marks: band ladder had a duplicated "Top band" label and a missing band, so it did not present six distinct labels against the six mark ranges. Relabelled fr
        [HIGH] practice_questions[4].type: Blood Brothers is a MODERN TEXT (AQA 8702 s3.2.1, Paper 2 Section A), not a Shakespeare play. Sibling AQA modern-text units already use "30+4 marks — 
        [MEDIUM] practice_questions[4].marks: band ladder had a duplicated "Top band" label and a missing band, so it did not present six distinct labels against the six mark ranges. Relabelled fr
        [HIGH] practice_questions[5].type: Blood Brothers is a MODERN TEXT (AQA 8702 s3.2.1, Paper 2 Section A), not a Shakespeare play. Sibling AQA modern-text units already use "30+4 marks — 
        [MEDIUM] practice_questions[5].marks: band ladder had a duplicated "Top band" label and a missing band, so it did not present six distinct labels against the six mark ranges. Relabelled fr

L06  Character Analysis
      id=f6c6bab1-5973-4cf8-b723-ca63ac91dd37   fields: practice_questions
        [HIGH] practice_questions[0].type: Blood Brothers is a MODERN TEXT (AQA 8702 s3.2.1, Paper 2 Section A), not a Shakespeare play. Sibling AQA modern-text units already use "30+4 marks — 
        [MEDIUM] practice_questions[0].marks: band ladder had a duplicated "Top band" label and a missing band, so it did not present six distinct labels against the six mark ranges. Relabelled fr
        [HIGH] practice_questions[1].type: Blood Brothers is a MODERN TEXT (AQA 8702 s3.2.1, Paper 2 Section A), not a Shakespeare play. Sibling AQA modern-text units already use "30+4 marks — 
        [MEDIUM] practice_questions[1].marks: band ladder had a duplicated "Top band" label and a missing band, so it did not present six distinct labels against the six mark ranges. Relabelled fr
        [HIGH] practice_questions[2].type: Blood Brothers is a MODERN TEXT (AQA 8702 s3.2.1, Paper 2 Section A), not a Shakespeare play. Sibling AQA modern-text units already use "30+4 marks — 
        [MEDIUM] practice_questions[2].marks: band ladder had a duplicated "Top band" label and a missing band, so it did not present six distinct labels against the six mark ranges. Relabelled fr
        [HIGH] practice_questions[3].type: Blood Brothers is a MODERN TEXT (AQA 8702 s3.2.1, Paper 2 Section A), not a Shakespeare play. Sibling AQA modern-text units already use "30+4 marks — 
        [MEDIUM] practice_questions[3].marks: band ladder had a duplicated "Top band" label and a missing band, so it did not present six distinct labels against the six mark ranges. Relabelled fr
        [HIGH] practice_questions[4].type: Blood Brothers is a MODERN TEXT (AQA 8702 s3.2.1, Paper 2 Section A), not a Shakespeare play. Sibling AQA modern-text units already use "30+4 marks — 
        [MEDIUM] practice_questions[4].marks: band ladder had a duplicated "Top band" label and a missing band, so it did not present six distinct labels against the six mark ranges. Relabelled fr
        [HIGH] practice_questions[5].type: Blood Brothers is a MODERN TEXT (AQA 8702 s3.2.1, Paper 2 Section A), not a Shakespeare play. Sibling AQA modern-text units already use "30+4 marks — 
        [MEDIUM] practice_questions[5].marks: band ladder had a duplicated "Top band" label and a missing band, so it did not present six distinct labels against the six mark ranges. Relabelled fr

L07  Key Themes & Exam Technique
      id=46944607-70b1-4312-8c64-4776896d1c43   fields: content_html, conclusion_html, practice_questions, knowledge_checks, flashcard_questions
        [HIGH] content_html: AO2 IS assessed on AQA Paper 2 Section A: the mark scheme reads "Section A: Modern texts Questions 1-24 (30 marks - AO1=12, AO2=12, AO3=6)". Telling s
        [HIGH] conclusion_html: FALSE: AO2 is assessed on the AQA Modern Texts question and is worth 12 of the 30 marks (mark scheme: AO1=12, AO2=12, AO3=6). The absence of a printed
        [HIGH] content_html: A Macbeth quotation ("Look like the innocent flower") plus an unedited authorial aside ("wait, that’s Macbeth") was left in the live "Key Quotations t
        [HIGH] practice_questions[0].type: Blood Brothers is a MODERN TEXT (AQA 8702 s3.2.1, Paper 2 Section A), not a Shakespeare play. Sibling AQA modern-text units already use "30+4 marks — 
        [MEDIUM] practice_questions[0].marks: band ladder had a duplicated "Top band" label and a missing band, so it did not present six distinct labels against the six mark ranges. Relabelled fr
        [HIGH] practice_questions[1].type: Blood Brothers is a MODERN TEXT (AQA 8702 s3.2.1, Paper 2 Section A), not a Shakespeare play. Sibling AQA modern-text units already use "30+4 marks — 
        [MEDIUM] practice_questions[1].marks: band ladder had a duplicated "Top band" label and a missing band, so it did not present six distinct labels against the six mark ranges. Relabelled fr
        [HIGH] practice_questions[2].type: Blood Brothers is a MODERN TEXT (AQA 8702 s3.2.1, Paper 2 Section A), not a Shakespeare play. Sibling AQA modern-text units already use "30+4 marks — 
        [MEDIUM] practice_questions[2].marks: band ladder had a duplicated "Top band" label and a missing band, so it did not present six distinct labels against the six mark ranges. Relabelled fr
        [HIGH] practice_questions[3].type: Blood Brothers is a MODERN TEXT (AQA 8702 s3.2.1, Paper 2 Section A), not a Shakespeare play. Sibling AQA modern-text units already use "30+4 marks — 
        [MEDIUM] practice_questions[3].marks: band ladder had a duplicated "Top band" label and a missing band, so it did not present six distinct labels against the six mark ranges. Relabelled fr
        [HIGH] practice_questions[4].type: Blood Brothers is a MODERN TEXT (AQA 8702 s3.2.1, Paper 2 Section A), not a Shakespeare play. Sibling AQA modern-text units already use "30+4 marks — 
        [MEDIUM] practice_questions[4].marks: band ladder had a duplicated "Top band" label and a missing band, so it did not present six distinct labels against the six mark ranges. Relabelled fr
        [HIGH] practice_questions[5].type: Blood Brothers is a MODERN TEXT (AQA 8702 s3.2.1, Paper 2 Section A), not a Shakespeare play. Sibling AQA modern-text units already use "30+4 marks — 
        [MEDIUM] practice_questions[5].marks: band ladder had a duplicated "Top band" label and a missing band, so it did not present six distinct labels against the six mark ranges. Relabelled fr
        [HIGH] knowledge_checks[0]: the keyed answer was "AO1, AO3, and AO4", i.e. it taught that AO2 is NOT assessed on the Modern Texts question. AO2 is assessed. Option set rewritten 
        [HIGH] flashcard_questions[11]: the card asserted "AO2 — there is no extract, so no language analysis marks". False: AO2 is assessed on AQA Paper 2 Section A. Card rewritten.

WOULD PATCH: 7 lessons, 14 fields
fixed findings: HIGH=47 MEDIUM=44 LOW=2

=== RETRO FACT-CHECK: english-literature-aqa / blood-brothers ===
run: 2026-08-30T13:30:35.214Z   mode: DRY RUN
fetched 7 lessons (live: 7)

L01  Context: Class Divide in 1980s Liverpool
      id=8a84518f-43d9-4878-b334-63b1ef9cd9bb   fields: content_html, practice_questions, flashcard_questions
        [MEDIUM] content_html: no source supports a flat 25% city-wide figure. Liverpool exceeded 20% by 1985 (about double the national rate), with some inner-city wards above 30%.
        [MEDIUM] content_html: misattribution: the "managed decline" memo was written by Sir Geoffrey Howe, then Chancellor of the Exchequer and a senior cabinet minister — not by "
        [MEDIUM] content_html: copyright: 24-word verbatim quotation from an in-copyright play, over the 15-word house ceiling. Trimmed to the 13-word form already used in this less
        [LOW] content_html: the highlighted term is "nurture" but the definition defined the whole nature-versus-nurture debate, so the tooltip did not define the word the studen
        [HIGH] practice_questions[0].type: Blood Brothers is a MODERN TEXT (AQA 8702 s3.2.1, Paper 2 Section A), not a Shakespeare play. Sibling AQA modern-text units already use "30+4 marks — 
        [HIGH] practice_questions[1].type: Blood Brothers is a MODERN TEXT (AQA 8702 s3.2.1, Paper 2 Section A), not a Shakespeare play. Sibling AQA modern-text units already use "30+4 marks — 
        [MEDIUM] practice_questions[1].marks: band ladder had a duplicated "Top band" label and a missing band, so it did not present six distinct labels against the six mark ranges. Relabelled fr
        [HIGH] practice_questions[2].type: Blood Brothers is a MODERN TEXT (AQA 8702 s3.2.1, Paper 2 Section A), not a Shakespeare play. Sibling AQA modern-text units already use "30+4 marks — 
        [MEDIUM] practice_questions[2].marks: band ladder had a duplicated "Top band" label and a missing band, so it did not present six distinct labels against the six mark ranges. Relabelled fr
        [HIGH] practice_questions[3].type: Blood Brothers is a MODERN TEXT (AQA 8702 s3.2.1, Paper 2 Section A), not a Shakespeare play. Sibling AQA modern-text units already use "30+4 marks — 
        [MEDIUM] practice_questions[3].marks: band ladder had a duplicated "Top band" label and a missing band, so it did not present six distinct labels against the six mark ranges. Relabelled fr
        [HIGH] practice_questions[4].type: Blood Brothers is a MODERN TEXT (AQA 8702 s3.2.1, Paper 2 Section A), not a Shakespeare play. Sibling AQA modern-text units already use "30+4 marks — 
        [MEDIUM] practice_questions[4].marks: band ladder had a duplicated "Top band" label and a missing band, so it did not present six distinct labels against the six mark ranges. Relabelled fr
        [HIGH] practice_questions[5].type: Blood Brothers is a MODERN TEXT (AQA 8702 s3.2.1, Paper 2 Section A), not a Shakespeare play. Sibling AQA modern-text units already use "30+4 marks — 
        [MEDIUM] practice_questions[5].marks: band ladder had a duplicated "Top band" label and a missing band, so it did not present six distinct labels against the six mark ranges. Relabelled fr
        [MEDIUM] flashcard_questions[4]: answer was a flat "25%", which no source supports as a city-wide figure.
        [MEDIUM] flashcard_questions[5]: the memo is a released public record, not an "alleged" policy from unnamed advisors; Howe was Chancellor of the Exchequer.

L02  Mrs Johnstone & the Pact
      id=8e4b0146-b283-4d2e-ba94-48a79b3823c8   fields: content_html, practice_questions, flashcard_questions
        [MEDIUM] content_html: the quoted wording is not in the play. Mrs Lyons' actual line is "You said yourself, you had too many children already"; the number seven was layered 
        [MEDIUM] content_html: fabricated quotation: "the glamour wore off" appears in no source and is not wording from the play. Replaced with the verified line "He told me I was 
        [LOW] content_html: the term "superstition" carried two different data-def values in the same lesson (the Mrs Lyons-specific one at n8 and a generic one at n12). Merged s
        [HIGH] practice_questions[0].type: Blood Brothers is a MODERN TEXT (AQA 8702 s3.2.1, Paper 2 Section A), not a Shakespeare play. Sibling AQA modern-text units already use "30+4 marks — 
        [MEDIUM] practice_questions[0].marks: band ladder had a duplicated "Top band" label and a missing band, so it did not present six distinct labels against the six mark ranges. Relabelled fr
        [HIGH] practice_questions[1].type: Blood Brothers is a MODERN TEXT (AQA 8702 s3.2.1, Paper 2 Section A), not a Shakespeare play. Sibling AQA modern-text units already use "30+4 marks — 
        [MEDIUM] practice_questions[1].marks: band ladder had a duplicated "Top band" label and a missing band, so it did not present six distinct labels against the six mark ranges. Relabelled fr
        [HIGH] practice_questions[2].type: Blood Brothers is a MODERN TEXT (AQA 8702 s3.2.1, Paper 2 Section A), not a Shakespeare play. Sibling AQA modern-text units already use "30+4 marks — 
        [MEDIUM] practice_questions[2].marks: band ladder had a duplicated "Top band" label and a missing band, so it did not present six distinct labels against the six mark ranges. Relabelled fr
        [HIGH] practice_questions[3].type: Blood Brothers is a MODERN TEXT (AQA 8702 s3.2.1, Paper 2 Section A), not a Shakespeare play. Sibling AQA modern-text units already use "30+4 marks — 
        [MEDIUM] practice_questions[3].marks: band ladder had a duplicated "Top band" label and a missing band, so it did not present six distinct labels against the six mark ranges. Relabelled fr
        [HIGH] practice_questions[4].type: Blood Brothers is a MODERN TEXT (AQA 8702 s3.2.1, Paper 2 Section A), not a Shakespeare play. Sibling AQA modern-text units already use "30+4 marks — 
        [MEDIUM] practice_questions[4].marks: band ladder had a duplicated "Top band" label and a missing band, so it did not present six distinct labels against the six mark ranges. Relabelled fr
        [HIGH] practice_questions[5].type: Blood Brothers is a MODERN TEXT (AQA 8702 s3.2.1, Paper 2 Section A), not a Shakespeare play. Sibling AQA modern-text units already use "30+4 marks — 
        [MEDIUM] practice_questions[5].marks: band ladder had a duplicated "Top band" label and a missing band, so it did not present six distinct labels against the six mark ranges. Relabelled fr
        [MEDIUM] flashcard_questions[3]: answer quoted "the glamour", a phrase that is not in the play.

L03  Childhood: Mickey and Eddie Meet
      id=c6383b9a-c50c-4316-887a-d081cfd969b4   fields: content_html, practice_questions
        [HIGH] content_html: the insult is pointed the wrong way. Mrs Lyons does not call Mickey a "horrible boy" — she says it TO Edward about Edward's own behaviour ("like a, li
        [LOW] content_html: overstated: sources support a single scene in which only Linda hits the target, not a running claim that she is a better shot than either boy.
        [HIGH] practice_questions[0].type: Blood Brothers is a MODERN TEXT (AQA 8702 s3.2.1, Paper 2 Section A), not a Shakespeare play. Sibling AQA modern-text units already use "30+4 marks — 
        [MEDIUM] practice_questions[0].marks: band ladder had a duplicated "Top band" label and a missing band, so it did not present six distinct labels against the six mark ranges. Relabelled fr
        [HIGH] practice_questions[1].type: Blood Brothers is a MODERN TEXT (AQA 8702 s3.2.1, Paper 2 Section A), not a Shakespeare play. Sibling AQA modern-text units already use "30+4 marks — 
        [MEDIUM] practice_questions[1].marks: band ladder had a duplicated "Top band" label and a missing band, so it did not present six distinct labels against the six mark ranges. Relabelled fr
        [HIGH] practice_questions[2].type: Blood Brothers is a MODERN TEXT (AQA 8702 s3.2.1, Paper 2 Section A), not a Shakespeare play. Sibling AQA modern-text units already use "30+4 marks — 
        [MEDIUM] practice_questions[2].marks: band ladder had a duplicated "Top band" label and a missing band, so it did not present six distinct labels against the six mark ranges. Relabelled fr
        [HIGH] practice_questions[3].type: Blood Brothers is a MODERN TEXT (AQA 8702 s3.2.1, Paper 2 Section A), not a Shakespeare play. Sibling AQA modern-text units already use "30+4 marks — 
        [MEDIUM] practice_questions[3].marks: band ladder had a duplicated "Top band" label and a missing band, so it did not present six distinct labels against the six mark ranges. Relabelled fr
        [HIGH] practice_questions[4].type: Blood Brothers is a MODERN TEXT (AQA 8702 s3.2.1, Paper 2 Section A), not a Shakespeare play. Sibling AQA modern-text units already use "30+4 marks — 
        [MEDIUM] practice_questions[4].marks: band ladder had a duplicated "Top band" label and a missing band, so it did not present six distinct labels against the six mark ranges. Relabelled fr
        [HIGH] practice_questions[5].type: Blood Brothers is a MODERN TEXT (AQA 8702 s3.2.1, Paper 2 Section A), not a Shakespeare play. Sibling AQA modern-text units already use "30+4 marks — 
        [MEDIUM] practice_questions[5].marks: band ladder had a duplicated "Top band" label and a missing band, so it did not present six distinct labels against the six mark ranges. Relabelled fr

L04  Adolescence & Growing Apart
      id=837c6539-0498-4f28-8e95-9a592dbf6afe   fields: content_html, practice_questions, flashcard_questions
        [MEDIUM] content_html: fabricated quotation: "you're brilliant" appears in no source. Replaced with a verified line of Mickey's admiration for Eddie.
        [HIGH] practice_questions[0].type: Blood Brothers is a MODERN TEXT (AQA 8702 s3.2.1, Paper 2 Section A), not a Shakespeare play. Sibling AQA modern-text units already use "30+4 marks — 
        [MEDIUM] practice_questions[0].marks: band ladder had a duplicated "Top band" label and a missing band, so it did not present six distinct labels against the six mark ranges. Relabelled fr
        [HIGH] practice_questions[1].type: Blood Brothers is a MODERN TEXT (AQA 8702 s3.2.1, Paper 2 Section A), not a Shakespeare play. Sibling AQA modern-text units already use "30+4 marks — 
        [MEDIUM] practice_questions[1].marks: band ladder had a duplicated "Top band" label and a missing band, so it did not present six distinct labels against the six mark ranges. Relabelled fr
        [HIGH] practice_questions[2].type: Blood Brothers is a MODERN TEXT (AQA 8702 s3.2.1, Paper 2 Section A), not a Shakespeare play. Sibling AQA modern-text units already use "30+4 marks — 
        [MEDIUM] practice_questions[2].marks: band ladder had a duplicated "Top band" label and a missing band, so it did not present six distinct labels against the six mark ranges. Relabelled fr
        [HIGH] practice_questions[3].type: Blood Brothers is a MODERN TEXT (AQA 8702 s3.2.1, Paper 2 Section A), not a Shakespeare play. Sibling AQA modern-text units already use "30+4 marks — 
        [MEDIUM] practice_questions[3].marks: band ladder had a duplicated "Top band" label and a missing band, so it did not present six distinct labels against the six mark ranges. Relabelled fr
        [HIGH] practice_questions[4].type: Blood Brothers is a MODERN TEXT (AQA 8702 s3.2.1, Paper 2 Section A), not a Shakespeare play. Sibling AQA modern-text units already use "30+4 marks — 
        [MEDIUM] practice_questions[4].marks: band ladder had a duplicated "Top band" label and a missing band, so it did not present six distinct labels against the six mark ranges. Relabelled fr
        [HIGH] practice_questions[5].type: Blood Brothers is a MODERN TEXT (AQA 8702 s3.2.1, Paper 2 Section A), not a Shakespeare play. Sibling AQA modern-text units already use "30+4 marks — 
        [MEDIUM] practice_questions[5].marks: band ladder had a duplicated "Top band" label and a missing band, so it did not present six distinct labels against the six mark ranges. Relabelled fr
        [MEDIUM] flashcard_questions[12]: answer quoted "You're brilliant", which is not a line from the play.

L05  The Tragic Ending
      id=d2fef292-6473-4182-bf3d-82d851eda09c   fields: content_html, practice_questions, flashcard_questions
        [HIGH] content_html: factually wrong about the ending: sources agree Mickey shoots Eddie FIRST and the police then shoot Mickey. The "ambiguity about whether the police ac
        [HIGH] content_html: follows the correction above: the false either/or ("whether Mickey pulls the trigger or the police do") is replaced with the genuine question of agenc
        [HIGH] content_html: same invented mechanical ambiguity repeated in the Key Fact box.
        [MEDIUM] content_html: copyright: 24-word verbatim quotation trimmed to the 13-word form used elsewhere in the unit.
        [MEDIUM] content_html: copyright: 24-word verbatim quotation trimmed to 10 quoted words; the superstition/class dichotomy is preserved in reported speech.
        [HIGH] practice_questions[0].type: Blood Brothers is a MODERN TEXT (AQA 8702 s3.2.1, Paper 2 Section A), not a Shakespeare play. Sibling AQA modern-text units already use "30+4 marks — 
        [MEDIUM] practice_questions[0].marks: band ladder had a duplicated "Top band" label and a missing band, so it did not present six distinct labels against the six mark ranges. Relabelled fr
        [HIGH] practice_questions[1].type: Blood Brothers is a MODERN TEXT (AQA 8702 s3.2.1, Paper 2 Section A), not a Shakespeare play. Sibling AQA modern-text units already use "30+4 marks — 
        [MEDIUM] practice_questions[1].marks: band ladder had a duplicated "Top band" label and a missing band, so it did not present six distinct labels against the six mark ranges. Relabelled fr
        [HIGH] practice_questions[2].type: Blood Brothers is a MODERN TEXT (AQA 8702 s3.2.1, Paper 2 Section A), not a Shakespeare play. Sibling AQA modern-text units already use "30+4 marks — 
        [MEDIUM] practice_questions[2].marks: band ladder had a duplicated "Top band" label and a missing band, so it did not present six distinct labels against the six mark ranges. Relabelled fr
        [HIGH] practice_questions[3].type: Blood Brothers is a MODERN TEXT (AQA 8702 s3.2.1, Paper 2 Section A), not a Shakespeare play. Sibling AQA modern-text units already use "30+4 marks — 
        [MEDIUM] practice_questions[3].marks: band ladder had a duplicated "Top band" label and a missing band, so it did not present six distinct labels against the six mark ranges. Relabelled fr
        [HIGH] practice_questions[4].type: Blood Brothers is a MODERN TEXT (AQA 8702 s3.2.1, Paper 2 Section A), not a Shakespeare play. Sibling AQA modern-text units already use "30+4 marks — 
        [MEDIUM] practice_questions[4].marks: band ladder had a duplicated "Top band" label and a missing band, so it did not present six distinct labels against the six mark ranges. Relabelled fr
        [HIGH] practice_questions[5].type: Blood Brothers is a MODERN TEXT (AQA 8702 s3.2.1, Paper 2 Section A), not a Shakespeare play. Sibling AQA modern-text units already use "30+4 marks — 
        [MEDIUM] practice_questions[5].marks: band ladder had a duplicated "Top band" label and a missing band, so it did not present six distinct labels against the six mark ranges. Relabelled fr
        [HIGH] flashcard_questions[6]: answer said the killer of BOTH twins was "ambiguous — Mickey's finger or police marksmen's fire". There are two guns and two shooters: Mickey kills Ed
        [HIGH] flashcard_questions[7]: the premise of the question was false: the trigger is not left ambiguous.

L06  Character Analysis
      id=f6c6bab1-5973-4cf8-b723-ca63ac91dd37   fields: content_html, practice_questions, flashcard_questions
        [LOW] content_html: overstated in the same way as L3; corrected in lockstep so the two lessons agree.
        [HIGH] practice_questions[0].type: Blood Brothers is a MODERN TEXT (AQA 8702 s3.2.1, Paper 2 Section A), not a Shakespeare play. Sibling AQA modern-text units already use "30+4 marks — 
        [MEDIUM] practice_questions[0].marks: band ladder had a duplicated "Top band" label and a missing band, so it did not present six distinct labels against the six mark ranges. Relabelled fr
        [HIGH] practice_questions[1].type: Blood Brothers is a MODERN TEXT (AQA 8702 s3.2.1, Paper 2 Section A), not a Shakespeare play. Sibling AQA modern-text units already use "30+4 marks — 
        [MEDIUM] practice_questions[1].marks: band ladder had a duplicated "Top band" label and a missing band, so it did not present six distinct labels against the six mark ranges. Relabelled fr
        [HIGH] practice_questions[2].type: Blood Brothers is a MODERN TEXT (AQA 8702 s3.2.1, Paper 2 Section A), not a Shakespeare play. Sibling AQA modern-text units already use "30+4 marks — 
        [MEDIUM] practice_questions[2].marks: band ladder had a duplicated "Top band" label and a missing band, so it did not present six distinct labels against the six mark ranges. Relabelled fr
        [HIGH] practice_questions[3].type: Blood Brothers is a MODERN TEXT (AQA 8702 s3.2.1, Paper 2 Section A), not a Shakespeare play. Sibling AQA modern-text units already use "30+4 marks — 
        [MEDIUM] practice_questions[3].marks: band ladder had a duplicated "Top band" label and a missing band, so it did not present six distinct labels against the six mark ranges. Relabelled fr
        [HIGH] practice_questions[4].type: Blood Brothers is a MODERN TEXT (AQA 8702 s3.2.1, Paper 2 Section A), not a Shakespeare play. Sibling AQA modern-text units already use "30+4 marks — 
        [MEDIUM] practice_questions[4].marks: band ladder had a duplicated "Top band" label and a missing band, so it did not present six distinct labels against the six mark ranges. Relabelled fr
        [HIGH] practice_questions[5].type: Blood Brothers is a MODERN TEXT (AQA 8702 s3.2.1, Paper 2 Section A), not a Shakespeare play. Sibling AQA modern-text units already use "30+4 marks — 
        [MEDIUM] practice_questions[5].marks: band ladder had a duplicated "Top band" label and a missing band, so it did not present six distinct labels against the six mark ranges. Relabelled fr
        [LOW] flashcard_questions[9]: answer said "she outshoots the boys", overstating a single scene.

L07  Key Themes & Exam Technique
      id=46944607-70b1-4312-8c64-4776896d1c43   fields: content_html, conclusion_html, practice_questions, knowledge_checks, flashcard_questions
        [HIGH] content_html: AO2 IS assessed on AQA Paper 2 Section A: the mark scheme reads "Section A: Modern texts Questions 1-24 (30 marks - AO1=12, AO2=12, AO3=6)". Telling s
        [HIGH] conclusion_html: FALSE: AO2 is assessed on the AQA Modern Texts question and is worth 12 of the 30 marks (mark scheme: AO1=12, AO2=12, AO3=6). The absence of a printed
        [HIGH] content_html: A Macbeth quotation ("Look like the innocent flower") plus an unedited authorial aside ("wait, that’s Macbeth") was left in the live "Key Quotations t
        [HIGH] practice_questions[0].type: Blood Brothers is a MODERN TEXT (AQA 8702 s3.2.1, Paper 2 Section A), not a Shakespeare play. Sibling AQA modern-text units already use "30+4 marks — 
        [MEDIUM] practice_questions[0].marks: band ladder had a duplicated "Top band" label and a missing band, so it did not present six distinct labels against the six mark ranges. Relabelled fr
        [HIGH] practice_questions[1].type: Blood Brothers is a MODERN TEXT (AQA 8702 s3.2.1, Paper 2 Section A), not a Shakespeare play. Sibling AQA modern-text units already use "30+4 marks — 
        [MEDIUM] practice_questions[1].marks: band ladder had a duplicated "Top band" label and a missing band, so it did not present six distinct labels against the six mark ranges. Relabelled fr
        [HIGH] practice_questions[2].type: Blood Brothers is a MODERN TEXT (AQA 8702 s3.2.1, Paper 2 Section A), not a Shakespeare play. Sibling AQA modern-text units already use "30+4 marks — 
        [MEDIUM] practice_questions[2].marks: band ladder had a duplicated "Top band" label and a missing band, so it did not present six distinct labels against the six mark ranges. Relabelled fr
        [HIGH] practice_questions[3].type: Blood Brothers is a MODERN TEXT (AQA 8702 s3.2.1, Paper 2 Section A), not a Shakespeare play. Sibling AQA modern-text units already use "30+4 marks — 
        [MEDIUM] practice_questions[3].marks: band ladder had a duplicated "Top band" label and a missing band, so it did not present six distinct labels against the six mark ranges. Relabelled fr
        [HIGH] practice_questions[4].type: Blood Brothers is a MODERN TEXT (AQA 8702 s3.2.1, Paper 2 Section A), not a Shakespeare play. Sibling AQA modern-text units already use "30+4 marks — 
        [MEDIUM] practice_questions[4].marks: band ladder had a duplicated "Top band" label and a missing band, so it did not present six distinct labels against the six mark ranges. Relabelled fr
        [HIGH] practice_questions[5].type: Blood Brothers is a MODERN TEXT (AQA 8702 s3.2.1, Paper 2 Section A), not a Shakespeare play. Sibling AQA modern-text units already use "30+4 marks — 
        [MEDIUM] practice_questions[5].marks: band ladder had a duplicated "Top band" label and a missing band, so it did not present six distinct labels against the six mark ranges. Relabelled fr
        [HIGH] knowledge_checks[0]: the keyed answer was "AO1, AO3, and AO4", i.e. it taught that AO2 is NOT assessed on the Modern Texts question. AO2 is assessed. Option set rewritten 
        [HIGH] flashcard_questions[11]: the card asserted "AO2 — there is no extract, so no language analysis marks". False: AO2 is assessed on AQA Paper 2 Section A. Card rewritten.

WOULD PATCH: 7 lessons, 22 fields
fixed findings: HIGH=53 MEDIUM=53 LOW=5

=== RETRO FACT-CHECK: english-literature-aqa / blood-brothers ===
run: 2026-08-30T13:30:41.372Z   mode: LIVE
fetched 7 lessons (live: 7)

L01  Context: Class Divide in 1980s Liverpool
      id=8a84518f-43d9-4878-b334-63b1ef9cd9bb   fields: content_html, practice_questions, flashcard_questions
        [MEDIUM] content_html: no source supports a flat 25% city-wide figure. Liverpool exceeded 20% by 1985 (about double the national rate), with some inner-city wards above 30%.
        [MEDIUM] content_html: misattribution: the "managed decline" memo was written by Sir Geoffrey Howe, then Chancellor of the Exchequer and a senior cabinet minister — not by "
        [MEDIUM] content_html: copyright: 24-word verbatim quotation from an in-copyright play, over the 15-word house ceiling. Trimmed to the 13-word form already used in this less
        [LOW] content_html: the highlighted term is "nurture" but the definition defined the whole nature-versus-nurture debate, so the tooltip did not define the word the studen
        [HIGH] practice_questions[0].type: Blood Brothers is a MODERN TEXT (AQA 8702 s3.2.1, Paper 2 Section A), not a Shakespeare play. Sibling AQA modern-text units already use "30+4 marks — 
        [HIGH] practice_questions[1].type: Blood Brothers is a MODERN TEXT (AQA 8702 s3.2.1, Paper 2 Section A), not a Shakespeare play. Sibling AQA modern-text units already use "30+4 marks — 
        [MEDIUM] practice_questions[1].marks: band ladder had a duplicated "Top band" label and a missing band, so it did not present six distinct labels against the six mark ranges. Relabelled fr
        [HIGH] practice_questions[2].type: Blood Brothers is a MODERN TEXT (AQA 8702 s3.2.1, Paper 2 Section A), not a Shakespeare play. Sibling AQA modern-text units already use "30+4 marks — 
        [MEDIUM] practice_questions[2].marks: band ladder had a duplicated "Top band" label and a missing band, so it did not present six distinct labels against the six mark ranges. Relabelled fr
        [HIGH] practice_questions[3].type: Blood Brothers is a MODERN TEXT (AQA 8702 s3.2.1, Paper 2 Section A), not a Shakespeare play. Sibling AQA modern-text units already use "30+4 marks — 
        [MEDIUM] practice_questions[3].marks: band ladder had a duplicated "Top band" label and a missing band, so it did not present six distinct labels against the six mark ranges. Relabelled fr
        [HIGH] practice_questions[4].type: Blood Brothers is a MODERN TEXT (AQA 8702 s3.2.1, Paper 2 Section A), not a Shakespeare play. Sibling AQA modern-text units already use "30+4 marks — 
        [MEDIUM] practice_questions[4].marks: band ladder had a duplicated "Top band" label and a missing band, so it did not present six distinct labels against the six mark ranges. Relabelled fr
        [HIGH] practice_questions[5].type: Blood Brothers is a MODERN TEXT (AQA 8702 s3.2.1, Paper 2 Section A), not a Shakespeare play. Sibling AQA modern-text units already use "30+4 marks — 
        [MEDIUM] practice_questions[5].marks: band ladder had a duplicated "Top band" label and a missing band, so it did not present six distinct labels against the six mark ranges. Relabelled fr
        [MEDIUM] flashcard_questions[4]: answer was a flat "25%", which no source supports as a city-wide figure.
        [MEDIUM] flashcard_questions[5]: the memo is a released public record, not an "alleged" policy from unnamed advisors; Howe was Chancellor of the Exchequer.
      -> PATCHED

L02  Mrs Johnstone & the Pact
      id=8e4b0146-b283-4d2e-ba94-48a79b3823c8   fields: content_html, practice_questions, flashcard_questions
        [MEDIUM] content_html: the quoted wording is not in the play. Mrs Lyons' actual line is "You said yourself, you had too many children already"; the number seven was layered 
        [MEDIUM] content_html: fabricated quotation: "the glamour wore off" appears in no source and is not wording from the play. Replaced with the verified line "He told me I was 
        [LOW] content_html: the term "superstition" carried two different data-def values in the same lesson (the Mrs Lyons-specific one at n8 and a generic one at n12). Merged s
        [HIGH] practice_questions[0].type: Blood Brothers is a MODERN TEXT (AQA 8702 s3.2.1, Paper 2 Section A), not a Shakespeare play. Sibling AQA modern-text units already use "30+4 marks — 
        [MEDIUM] practice_questions[0].marks: band ladder had a duplicated "Top band" label and a missing band, so it did not present six distinct labels against the six mark ranges. Relabelled fr
        [HIGH] practice_questions[1].type: Blood Brothers is a MODERN TEXT (AQA 8702 s3.2.1, Paper 2 Section A), not a Shakespeare play. Sibling AQA modern-text units already use "30+4 marks — 
        [MEDIUM] practice_questions[1].marks: band ladder had a duplicated "Top band" label and a missing band, so it did not present six distinct labels against the six mark ranges. Relabelled fr
        [HIGH] practice_questions[2].type: Blood Brothers is a MODERN TEXT (AQA 8702 s3.2.1, Paper 2 Section A), not a Shakespeare play. Sibling AQA modern-text units already use "30+4 marks — 
        [MEDIUM] practice_questions[2].marks: band ladder had a duplicated "Top band" label and a missing band, so it did not present six distinct labels against the six mark ranges. Relabelled fr
        [HIGH] practice_questions[3].type: Blood Brothers is a MODERN TEXT (AQA 8702 s3.2.1, Paper 2 Section A), not a Shakespeare play. Sibling AQA modern-text units already use "30+4 marks — 
        [MEDIUM] practice_questions[3].marks: band ladder had a duplicated "Top band" label and a missing band, so it did not present six distinct labels against the six mark ranges. Relabelled fr
        [HIGH] practice_questions[4].type: Blood Brothers is a MODERN TEXT (AQA 8702 s3.2.1, Paper 2 Section A), not a Shakespeare play. Sibling AQA modern-text units already use "30+4 marks — 
        [MEDIUM] practice_questions[4].marks: band ladder had a duplicated "Top band" label and a missing band, so it did not present six distinct labels against the six mark ranges. Relabelled fr
        [HIGH] practice_questions[5].type: Blood Brothers is a MODERN TEXT (AQA 8702 s3.2.1, Paper 2 Section A), not a Shakespeare play. Sibling AQA modern-text units already use "30+4 marks — 
        [MEDIUM] practice_questions[5].marks: band ladder had a duplicated "Top band" label and a missing band, so it did not present six distinct labels against the six mark ranges. Relabelled fr
        [MEDIUM] flashcard_questions[3]: answer quoted "the glamour", a phrase that is not in the play.
      -> PATCHED

L03  Childhood: Mickey and Eddie Meet
      id=c6383b9a-c50c-4316-887a-d081cfd969b4   fields: content_html, practice_questions
        [HIGH] content_html: the insult is pointed the wrong way. Mrs Lyons does not call Mickey a "horrible boy" — she says it TO Edward about Edward's own behaviour ("like a, li
        [LOW] content_html: overstated: sources support a single scene in which only Linda hits the target, not a running claim that she is a better shot than either boy.
        [HIGH] practice_questions[0].type: Blood Brothers is a MODERN TEXT (AQA 8702 s3.2.1, Paper 2 Section A), not a Shakespeare play. Sibling AQA modern-text units already use "30+4 marks — 
        [MEDIUM] practice_questions[0].marks: band ladder had a duplicated "Top band" label and a missing band, so it did not present six distinct labels against the six mark ranges. Relabelled fr
        [HIGH] practice_questions[1].type: Blood Brothers is a MODERN TEXT (AQA 8702 s3.2.1, Paper 2 Section A), not a Shakespeare play. Sibling AQA modern-text units already use "30+4 marks — 
        [MEDIUM] practice_questions[1].marks: band ladder had a duplicated "Top band" label and a missing band, so it did not present six distinct labels against the six mark ranges. Relabelled fr
        [HIGH] practice_questions[2].type: Blood Brothers is a MODERN TEXT (AQA 8702 s3.2.1, Paper 2 Section A), not a Shakespeare play. Sibling AQA modern-text units already use "30+4 marks — 
        [MEDIUM] practice_questions[2].marks: band ladder had a duplicated "Top band" label and a missing band, so it did not present six distinct labels against the six mark ranges. Relabelled fr
        [HIGH] practice_questions[3].type: Blood Brothers is a MODERN TEXT (AQA 8702 s3.2.1, Paper 2 Section A), not a Shakespeare play. Sibling AQA modern-text units already use "30+4 marks — 
        [MEDIUM] practice_questions[3].marks: band ladder had a duplicated "Top band" label and a missing band, so it did not present six distinct labels against the six mark ranges. Relabelled fr
        [HIGH] practice_questions[4].type: Blood Brothers is a MODERN TEXT (AQA 8702 s3.2.1, Paper 2 Section A), not a Shakespeare play. Sibling AQA modern-text units already use "30+4 marks — 
        [MEDIUM] practice_questions[4].marks: band ladder had a duplicated "Top band" label and a missing band, so it did not present six distinct labels against the six mark ranges. Relabelled fr
        [HIGH] practice_questions[5].type: Blood Brothers is a MODERN TEXT (AQA 8702 s3.2.1, Paper 2 Section A), not a Shakespeare play. Sibling AQA modern-text units already use "30+4 marks — 
        [MEDIUM] practice_questions[5].marks: band ladder had a duplicated "Top band" label and a missing band, so it did not present six distinct labels against the six mark ranges. Relabelled fr
      -> PATCHED

L04  Adolescence & Growing Apart
      id=837c6539-0498-4f28-8e95-9a592dbf6afe   fields: content_html, practice_questions, flashcard_questions
        [MEDIUM] content_html: fabricated quotation: "you're brilliant" appears in no source. Replaced with a verified line of Mickey's admiration for Eddie.
        [HIGH] practice_questions[0].type: Blood Brothers is a MODERN TEXT (AQA 8702 s3.2.1, Paper 2 Section A), not a Shakespeare play. Sibling AQA modern-text units already use "30+4 marks — 
        [MEDIUM] practice_questions[0].marks: band ladder had a duplicated "Top band" label and a missing band, so it did not present six distinct labels against the six mark ranges. Relabelled fr
        [HIGH] practice_questions[1].type: Blood Brothers is a MODERN TEXT (AQA 8702 s3.2.1, Paper 2 Section A), not a Shakespeare play. Sibling AQA modern-text units already use "30+4 marks — 
        [MEDIUM] practice_questions[1].marks: band ladder had a duplicated "Top band" label and a missing band, so it did not present six distinct labels against the six mark ranges. Relabelled fr
        [HIGH] practice_questions[2].type: Blood Brothers is a MODERN TEXT (AQA 8702 s3.2.1, Paper 2 Section A), not a Shakespeare play. Sibling AQA modern-text units already use "30+4 marks — 
        [MEDIUM] practice_questions[2].marks: band ladder had a duplicated "Top band" label and a missing band, so it did not present six distinct labels against the six mark ranges. Relabelled fr
        [HIGH] practice_questions[3].type: Blood Brothers is a MODERN TEXT (AQA 8702 s3.2.1, Paper 2 Section A), not a Shakespeare play. Sibling AQA modern-text units already use "30+4 marks — 
        [MEDIUM] practice_questions[3].marks: band ladder had a duplicated "Top band" label and a missing band, so it did not present six distinct labels against the six mark ranges. Relabelled fr
        [HIGH] practice_questions[4].type: Blood Brothers is a MODERN TEXT (AQA 8702 s3.2.1, Paper 2 Section A), not a Shakespeare play. Sibling AQA modern-text units already use "30+4 marks — 
        [MEDIUM] practice_questions[4].marks: band ladder had a duplicated "Top band" label and a missing band, so it did not present six distinct labels against the six mark ranges. Relabelled fr
        [HIGH] practice_questions[5].type: Blood Brothers is a MODERN TEXT (AQA 8702 s3.2.1, Paper 2 Section A), not a Shakespeare play. Sibling AQA modern-text units already use "30+4 marks — 
        [MEDIUM] practice_questions[5].marks: band ladder had a duplicated "Top band" label and a missing band, so it did not present six distinct labels against the six mark ranges. Relabelled fr
        [MEDIUM] flashcard_questions[12]: answer quoted "You're brilliant", which is not a line from the play.
      -> PATCHED

L05  The Tragic Ending
      id=d2fef292-6473-4182-bf3d-82d851eda09c   fields: content_html, practice_questions, flashcard_questions
        [HIGH] content_html: factually wrong about the ending: sources agree Mickey shoots Eddie FIRST and the police then shoot Mickey. The "ambiguity about whether the police ac
        [HIGH] content_html: follows the correction above: the false either/or ("whether Mickey pulls the trigger or the police do") is replaced with the genuine question of agenc
        [HIGH] content_html: same invented mechanical ambiguity repeated in the Key Fact box.
        [MEDIUM] content_html: copyright: 24-word verbatim quotation trimmed to the 13-word form used elsewhere in the unit.
        [MEDIUM] content_html: copyright: 24-word verbatim quotation trimmed to 10 quoted words; the superstition/class dichotomy is preserved in reported speech.
        [HIGH] practice_questions[0].type: Blood Brothers is a MODERN TEXT (AQA 8702 s3.2.1, Paper 2 Section A), not a Shakespeare play. Sibling AQA modern-text units already use "30+4 marks — 
        [MEDIUM] practice_questions[0].marks: band ladder had a duplicated "Top band" label and a missing band, so it did not present six distinct labels against the six mark ranges. Relabelled fr
        [HIGH] practice_questions[1].type: Blood Brothers is a MODERN TEXT (AQA 8702 s3.2.1, Paper 2 Section A), not a Shakespeare play. Sibling AQA modern-text units already use "30+4 marks — 
        [MEDIUM] practice_questions[1].marks: band ladder had a duplicated "Top band" label and a missing band, so it did not present six distinct labels against the six mark ranges. Relabelled fr
        [HIGH] practice_questions[2].type: Blood Brothers is a MODERN TEXT (AQA 8702 s3.2.1, Paper 2 Section A), not a Shakespeare play. Sibling AQA modern-text units already use "30+4 marks — 
        [MEDIUM] practice_questions[2].marks: band ladder had a duplicated "Top band" label and a missing band, so it did not present six distinct labels against the six mark ranges. Relabelled fr
        [HIGH] practice_questions[3].type: Blood Brothers is a MODERN TEXT (AQA 8702 s3.2.1, Paper 2 Section A), not a Shakespeare play. Sibling AQA modern-text units already use "30+4 marks — 
        [MEDIUM] practice_questions[3].marks: band ladder had a duplicated "Top band" label and a missing band, so it did not present six distinct labels against the six mark ranges. Relabelled fr
        [HIGH] practice_questions[4].type: Blood Brothers is a MODERN TEXT (AQA 8702 s3.2.1, Paper 2 Section A), not a Shakespeare play. Sibling AQA modern-text units already use "30+4 marks — 
        [MEDIUM] practice_questions[4].marks: band ladder had a duplicated "Top band" label and a missing band, so it did not present six distinct labels against the six mark ranges. Relabelled fr
        [HIGH] practice_questions[5].type: Blood Brothers is a MODERN TEXT (AQA 8702 s3.2.1, Paper 2 Section A), not a Shakespeare play. Sibling AQA modern-text units already use "30+4 marks — 
        [MEDIUM] practice_questions[5].marks: band ladder had a duplicated "Top band" label and a missing band, so it did not present six distinct labels against the six mark ranges. Relabelled fr
        [HIGH] flashcard_questions[6]: answer said the killer of BOTH twins was "ambiguous — Mickey's finger or police marksmen's fire". There are two guns and two shooters: Mickey kills Ed
        [HIGH] flashcard_questions[7]: the premise of the question was false: the trigger is not left ambiguous.
      -> PATCHED

L06  Character Analysis
      id=f6c6bab1-5973-4cf8-b723-ca63ac91dd37   fields: content_html, practice_questions, flashcard_questions
        [LOW] content_html: overstated in the same way as L3; corrected in lockstep so the two lessons agree.
        [HIGH] practice_questions[0].type: Blood Brothers is a MODERN TEXT (AQA 8702 s3.2.1, Paper 2 Section A), not a Shakespeare play. Sibling AQA modern-text units already use "30+4 marks — 
        [MEDIUM] practice_questions[0].marks: band ladder had a duplicated "Top band" label and a missing band, so it did not present six distinct labels against the six mark ranges. Relabelled fr
        [HIGH] practice_questions[1].type: Blood Brothers is a MODERN TEXT (AQA 8702 s3.2.1, Paper 2 Section A), not a Shakespeare play. Sibling AQA modern-text units already use "30+4 marks — 
        [MEDIUM] practice_questions[1].marks: band ladder had a duplicated "Top band" label and a missing band, so it did not present six distinct labels against the six mark ranges. Relabelled fr
        [HIGH] practice_questions[2].type: Blood Brothers is a MODERN TEXT (AQA 8702 s3.2.1, Paper 2 Section A), not a Shakespeare play. Sibling AQA modern-text units already use "30+4 marks — 
        [MEDIUM] practice_questions[2].marks: band ladder had a duplicated "Top band" label and a missing band, so it did not present six distinct labels against the six mark ranges. Relabelled fr
        [HIGH] practice_questions[3].type: Blood Brothers is a MODERN TEXT (AQA 8702 s3.2.1, Paper 2 Section A), not a Shakespeare play. Sibling AQA modern-text units already use "30+4 marks — 
        [MEDIUM] practice_questions[3].marks: band ladder had a duplicated "Top band" label and a missing band, so it did not present six distinct labels against the six mark ranges. Relabelled fr
        [HIGH] practice_questions[4].type: Blood Brothers is a MODERN TEXT (AQA 8702 s3.2.1, Paper 2 Section A), not a Shakespeare play. Sibling AQA modern-text units already use "30+4 marks — 
        [MEDIUM] practice_questions[4].marks: band ladder had a duplicated "Top band" label and a missing band, so it did not present six distinct labels against the six mark ranges. Relabelled fr
        [HIGH] practice_questions[5].type: Blood Brothers is a MODERN TEXT (AQA 8702 s3.2.1, Paper 2 Section A), not a Shakespeare play. Sibling AQA modern-text units already use "30+4 marks — 
        [MEDIUM] practice_questions[5].marks: band ladder had a duplicated "Top band" label and a missing band, so it did not present six distinct labels against the six mark ranges. Relabelled fr
        [LOW] flashcard_questions[9]: answer said "she outshoots the boys", overstating a single scene.
      -> PATCHED

L07  Key Themes & Exam Technique
      id=46944607-70b1-4312-8c64-4776896d1c43   fields: content_html, conclusion_html, practice_questions, knowledge_checks, flashcard_questions
        [HIGH] content_html: AO2 IS assessed on AQA Paper 2 Section A: the mark scheme reads "Section A: Modern texts Questions 1-24 (30 marks - AO1=12, AO2=12, AO3=6)". Telling s
        [HIGH] conclusion_html: FALSE: AO2 is assessed on the AQA Modern Texts question and is worth 12 of the 30 marks (mark scheme: AO1=12, AO2=12, AO3=6). The absence of a printed
        [HIGH] content_html: A Macbeth quotation ("Look like the innocent flower") plus an unedited authorial aside ("wait, that’s Macbeth") was left in the live "Key Quotations t
        [HIGH] practice_questions[0].type: Blood Brothers is a MODERN TEXT (AQA 8702 s3.2.1, Paper 2 Section A), not a Shakespeare play. Sibling AQA modern-text units already use "30+4 marks — 
        [MEDIUM] practice_questions[0].marks: band ladder had a duplicated "Top band" label and a missing band, so it did not present six distinct labels against the six mark ranges. Relabelled fr
        [HIGH] practice_questions[1].type: Blood Brothers is a MODERN TEXT (AQA 8702 s3.2.1, Paper 2 Section A), not a Shakespeare play. Sibling AQA modern-text units already use "30+4 marks — 
        [MEDIUM] practice_questions[1].marks: band ladder had a duplicated "Top band" label and a missing band, so it did not present six distinct labels against the six mark ranges. Relabelled fr
        [HIGH] practice_questions[2].type: Blood Brothers is a MODERN TEXT (AQA 8702 s3.2.1, Paper 2 Section A), not a Shakespeare play. Sibling AQA modern-text units already use "30+4 marks — 
        [MEDIUM] practice_questions[2].marks: band ladder had a duplicated "Top band" label and a missing band, so it did not present six distinct labels against the six mark ranges. Relabelled fr
        [HIGH] practice_questions[3].type: Blood Brothers is a MODERN TEXT (AQA 8702 s3.2.1, Paper 2 Section A), not a Shakespeare play. Sibling AQA modern-text units already use "30+4 marks — 
        [MEDIUM] practice_questions[3].marks: band ladder had a duplicated "Top band" label and a missing band, so it did not present six distinct labels against the six mark ranges. Relabelled fr
        [HIGH] practice_questions[4].type: Blood Brothers is a MODERN TEXT (AQA 8702 s3.2.1, Paper 2 Section A), not a Shakespeare play. Sibling AQA modern-text units already use "30+4 marks — 
        [MEDIUM] practice_questions[4].marks: band ladder had a duplicated "Top band" label and a missing band, so it did not present six distinct labels against the six mark ranges. Relabelled fr
        [HIGH] practice_questions[5].type: Blood Brothers is a MODERN TEXT (AQA 8702 s3.2.1, Paper 2 Section A), not a Shakespeare play. Sibling AQA modern-text units already use "30+4 marks — 
        [MEDIUM] practice_questions[5].marks: band ladder had a duplicated "Top band" label and a missing band, so it did not present six distinct labels against the six mark ranges. Relabelled fr
        [HIGH] knowledge_checks[0]: the keyed answer was "AO1, AO3, and AO4", i.e. it taught that AO2 is NOT assessed on the Modern Texts question. AO2 is assessed. Option set rewritten 
        [HIGH] flashcard_questions[11]: the card asserted "AO2 — there is no extract, so no language analysis marks". False: AO2 is assessed on AQA Paper 2 Section A. Card rewritten.
      -> PATCHED

PATCHED: 7 lessons, 22 fields
fixed findings: HIGH=53 MEDIUM=53 LOW=5
